[0.385s] DEBUG:colcon:Command line arguments: ['/Library/Frameworks/Python.framework/Versions/3.11/bin/colcon', 'build', '--packages-select', 'control_toolbox', 'filters', '--symlink-install']
[0.385s] DEBUG:colcon:Parsed command line arguments: Namespace(log_base=None, log_level=None, verb_name='build', build_base='build', install_base='install', merge_install=False, symlink_install=True, test_result_base=None, continue_on_error=False, executor='parallel', parallel_workers=8, event_handlers=None, ignore_user_meta=False, metas=['./colcon.meta'], base_paths=['.'], packages_ignore=None, packages_ignore_regex=None, paths=None, packages_up_to=None, packages_up_to_regex=None, packages_above=None, packages_above_and_dependencies=None, packages_above_depth=None, packages_select_by_dep=None, packages_skip_by_dep=None, packages_skip_up_to=None, packages_select_build_failed=False, packages_skip_build_finished=False, packages_select_test_failures=False, packages_skip_test_passed=False, packages_select=['control_toolbox', 'filters'], packages_skip=None, packages_select_regex=None, packages_skip_regex=None, packages_start=None, packages_end=None, cmake_args=['-DCMAKE_EXE_LINKER_FLAGS=""', '-DCMAKE_SHARED_LINKER_FLAGS=""', '-DCMAKE_MODULE_LINKER_FLAGS=""'], cmake_target=None, cmake_target_skip_unavailable=False, cmake_clean_cache=False, cmake_clean_first=False, cmake_force_configure=False, ament_cmake_args=None, catkin_cmake_args=None, catkin_skip_building_tests=False, verb_parser=<colcon_defaults.argument_parser.defaults.DefaultArgumentsDecorator object at 0x1048ca150>, verb_extension=<colcon_core.verb.build.BuildVerb object at 0x1048c9ad0>, main=<bound method BuildVerb.main of <colcon_core.verb.build.BuildVerb object at 0x1048c9ad0>>)
[0.444s] Level 1:colcon.colcon_core.package_discovery:discover_packages(colcon_meta) check parameters
[0.444s] Level 1:colcon.colcon_core.package_discovery:discover_packages(recursive) check parameters
[0.444s] Level 1:colcon.colcon_core.package_discovery:discover_packages(ignore) check parameters
[0.444s] Level 1:colcon.colcon_core.package_discovery:discover_packages(path) check parameters
[0.444s] Level 1:colcon.colcon_core.package_discovery:discover_packages(colcon_meta) discover
[0.444s] Level 1:colcon.colcon_core.package_discovery:discover_packages(recursive) discover
[0.444s] INFO:colcon.colcon_core.package_discovery:Crawling recursively for packages in '/Users/dhruvpatel29/humble-ros2/src/ros2_control'
[0.444s] Level 1:colcon.colcon_core.package_identification:_identify(.) by extensions ['ignore', 'ignore_ament_install']
[0.444s] Level 1:colcon.colcon_core.package_identification:_identify(.) by extension 'ignore'
[0.444s] Level 1:colcon.colcon_core.package_identification:_identify(.) by extension 'ignore_ament_install'
[0.444s] Level 1:colcon.colcon_core.package_identification:_identify(.) by extensions ['colcon_pkg']
[0.444s] Level 1:colcon.colcon_core.package_identification:_identify(.) by extension 'colcon_pkg'
[0.444s] Level 1:colcon.colcon_core.package_identification:_identify(.) by extensions ['colcon_meta']
[0.444s] Level 1:colcon.colcon_core.package_identification:_identify(.) by extension 'colcon_meta'
[0.444s] Level 1:colcon.colcon_core.package_identification:_identify(.) by extensions ['ros']
[0.444s] Level 1:colcon.colcon_core.package_identification:_identify(.) by extension 'ros'
[0.465s] Level 1:colcon.colcon_core.package_identification:_identify(.) by extensions ['cmake', 'python']
[0.465s] Level 1:colcon.colcon_core.package_identification:_identify(.) by extension 'cmake'
[0.465s] Level 1:colcon.colcon_core.package_identification:_identify(.) by extension 'python'
[0.465s] Level 1:colcon.colcon_core.package_identification:_identify(.) by extensions ['python_setup_py']
[0.465s] Level 1:colcon.colcon_core.package_identification:_identify(.) by extension 'python_setup_py'
[0.465s] Level 1:colcon.colcon_core.package_identification:_identify(build) by extensions ['ignore', 'ignore_ament_install']
[0.465s] Level 1:colcon.colcon_core.package_identification:_identify(build) by extension 'ignore'
[0.465s] Level 1:colcon.colcon_core.package_identification:_identify(build) ignored
[0.466s] Level 1:colcon.colcon_core.package_identification:_identify(control_msgs) by extensions ['ignore', 'ignore_ament_install']
[0.466s] Level 1:colcon.colcon_core.package_identification:_identify(control_msgs) by extension 'ignore'
[0.466s] Level 1:colcon.colcon_core.package_identification:_identify(control_msgs) by extension 'ignore_ament_install'
[0.466s] Level 1:colcon.colcon_core.package_identification:_identify(control_msgs) by extensions ['colcon_pkg']
[0.466s] Level 1:colcon.colcon_core.package_identification:_identify(control_msgs) by extension 'colcon_pkg'
[0.466s] Level 1:colcon.colcon_core.package_identification:_identify(control_msgs) by extensions ['colcon_meta']
[0.466s] Level 1:colcon.colcon_core.package_identification:_identify(control_msgs) by extension 'colcon_meta'
[0.466s] Level 1:colcon.colcon_core.package_identification:_identify(control_msgs) by extensions ['ros']
[0.466s] Level 1:colcon.colcon_core.package_identification:_identify(control_msgs) by extension 'ros'
[0.466s] Level 1:colcon.colcon_core.package_identification:_identify(control_msgs) by extensions ['cmake', 'python']
[0.466s] Level 1:colcon.colcon_core.package_identification:_identify(control_msgs) by extension 'cmake'
[0.466s] Level 1:colcon.colcon_core.package_identification:_identify(control_msgs) by extension 'python'
[0.466s] Level 1:colcon.colcon_core.package_identification:_identify(control_msgs) by extensions ['python_setup_py']
[0.466s] Level 1:colcon.colcon_core.package_identification:_identify(control_msgs) by extension 'python_setup_py'
[0.466s] Level 1:colcon.colcon_core.package_identification:_identify(control_msgs/control_msgs) by extensions ['ignore', 'ignore_ament_install']
[0.466s] Level 1:colcon.colcon_core.package_identification:_identify(control_msgs/control_msgs) by extension 'ignore'
[0.466s] Level 1:colcon.colcon_core.package_identification:_identify(control_msgs/control_msgs) by extension 'ignore_ament_install'
[0.466s] Level 1:colcon.colcon_core.package_identification:_identify(control_msgs/control_msgs) by extensions ['colcon_pkg']
[0.466s] Level 1:colcon.colcon_core.package_identification:_identify(control_msgs/control_msgs) by extension 'colcon_pkg'
[0.466s] Level 1:colcon.colcon_core.package_identification:_identify(control_msgs/control_msgs) by extensions ['colcon_meta']
[0.466s] Level 1:colcon.colcon_core.package_identification:_identify(control_msgs/control_msgs) by extension 'colcon_meta'
[0.466s] Level 1:colcon.colcon_core.package_identification:_identify(control_msgs/control_msgs) by extensions ['ros']
[0.466s] Level 1:colcon.colcon_core.package_identification:_identify(control_msgs/control_msgs) by extension 'ros'
[0.468s] DEBUG:colcon.colcon_core.package_identification:Package 'control_msgs/control_msgs' with type 'ros.ament_cmake' and name 'control_msgs'
[0.468s] Level 1:colcon.colcon_core.package_identification:_identify(control_toolbox) by extensions ['ignore', 'ignore_ament_install']
[0.468s] Level 1:colcon.colcon_core.package_identification:_identify(control_toolbox) by extension 'ignore'
[0.468s] Level 1:colcon.colcon_core.package_identification:_identify(control_toolbox) by extension 'ignore_ament_install'
[0.468s] Level 1:colcon.colcon_core.package_identification:_identify(control_toolbox) by extensions ['colcon_pkg']
[0.468s] Level 1:colcon.colcon_core.package_identification:_identify(control_toolbox) by extension 'colcon_pkg'
[0.468s] Level 1:colcon.colcon_core.package_identification:_identify(control_toolbox) by extensions ['colcon_meta']
[0.468s] Level 1:colcon.colcon_core.package_identification:_identify(control_toolbox) by extension 'colcon_meta'
[0.468s] Level 1:colcon.colcon_core.package_identification:_identify(control_toolbox) by extensions ['ros']
[0.468s] Level 1:colcon.colcon_core.package_identification:_identify(control_toolbox) by extension 'ros'
[0.469s] DEBUG:colcon.colcon_core.package_identification:Package 'control_toolbox' with type 'ros.ament_cmake' and name 'control_toolbox'
[0.469s] Level 1:colcon.colcon_core.package_identification:_identify(filters) by extensions ['ignore', 'ignore_ament_install']
[0.469s] Level 1:colcon.colcon_core.package_identification:_identify(filters) by extension 'ignore'
[0.469s] Level 1:colcon.colcon_core.package_identification:_identify(filters) by extension 'ignore_ament_install'
[0.469s] Level 1:colcon.colcon_core.package_identification:_identify(filters) by extensions ['colcon_pkg']
[0.469s] Level 1:colcon.colcon_core.package_identification:_identify(filters) by extension 'colcon_pkg'
[0.469s] Level 1:colcon.colcon_core.package_identification:_identify(filters) by extensions ['colcon_meta']
[0.469s] Level 1:colcon.colcon_core.package_identification:_identify(filters) by extension 'colcon_meta'
[0.469s] Level 1:colcon.colcon_core.package_identification:_identify(filters) by extensions ['ros']
[0.469s] Level 1:colcon.colcon_core.package_identification:_identify(filters) by extension 'ros'
[0.469s] DEBUG:colcon.colcon_core.package_identification:Package 'filters' with type 'ros.ament_cmake' and name 'filters'
[0.469s] Level 1:colcon.colcon_core.package_identification:_identify(install) by extensions ['ignore', 'ignore_ament_install']
[0.469s] Level 1:colcon.colcon_core.package_identification:_identify(install) by extension 'ignore'
[0.469s] Level 1:colcon.colcon_core.package_identification:_identify(install) ignored
[0.469s] Level 1:colcon.colcon_core.package_identification:_identify(kinematics_interface) by extensions ['ignore', 'ignore_ament_install']
[0.469s] Level 1:colcon.colcon_core.package_identification:_identify(kinematics_interface) by extension 'ignore'
[0.469s] Level 1:colcon.colcon_core.package_identification:_identify(kinematics_interface) by extension 'ignore_ament_install'
[0.469s] Level 1:colcon.colcon_core.package_identification:_identify(kinematics_interface) by extensions ['colcon_pkg']
[0.470s] Level 1:colcon.colcon_core.package_identification:_identify(kinematics_interface) by extension 'colcon_pkg'
[0.470s] Level 1:colcon.colcon_core.package_identification:_identify(kinematics_interface) by extensions ['colcon_meta']
[0.470s] Level 1:colcon.colcon_core.package_identification:_identify(kinematics_interface) by extension 'colcon_meta'
[0.470s] Level 1:colcon.colcon_core.package_identification:_identify(kinematics_interface) by extensions ['ros']
[0.470s] Level 1:colcon.colcon_core.package_identification:_identify(kinematics_interface) by extension 'ros'
[0.470s] Level 1:colcon.colcon_core.package_identification:_identify(kinematics_interface) by extensions ['cmake', 'python']
[0.470s] Level 1:colcon.colcon_core.package_identification:_identify(kinematics_interface) by extension 'cmake'
[0.470s] Level 1:colcon.colcon_core.package_identification:_identify(kinematics_interface) by extension 'python'
[0.470s] Level 1:colcon.colcon_core.package_identification:_identify(kinematics_interface) by extensions ['python_setup_py']
[0.470s] Level 1:colcon.colcon_core.package_identification:_identify(kinematics_interface) by extension 'python_setup_py'
[0.470s] Level 1:colcon.colcon_core.package_identification:_identify(kinematics_interface/kinematics_interface) by extensions ['ignore', 'ignore_ament_install']
[0.470s] Level 1:colcon.colcon_core.package_identification:_identify(kinematics_interface/kinematics_interface) by extension 'ignore'
[0.470s] Level 1:colcon.colcon_core.package_identification:_identify(kinematics_interface/kinematics_interface) by extension 'ignore_ament_install'
[0.470s] Level 1:colcon.colcon_core.package_identification:_identify(kinematics_interface/kinematics_interface) by extensions ['colcon_pkg']
[0.470s] Level 1:colcon.colcon_core.package_identification:_identify(kinematics_interface/kinematics_interface) by extension 'colcon_pkg'
[0.470s] Level 1:colcon.colcon_core.package_identification:_identify(kinematics_interface/kinematics_interface) by extensions ['colcon_meta']
[0.470s] Level 1:colcon.colcon_core.package_identification:_identify(kinematics_interface/kinematics_interface) by extension 'colcon_meta'
[0.470s] Level 1:colcon.colcon_core.package_identification:_identify(kinematics_interface/kinematics_interface) by extensions ['ros']
[0.470s] Level 1:colcon.colcon_core.package_identification:_identify(kinematics_interface/kinematics_interface) by extension 'ros'
[0.470s] DEBUG:colcon.colcon_core.package_identification:Package 'kinematics_interface/kinematics_interface' with type 'ros.ament_cmake' and name 'kinematics_interface'
[0.470s] Level 1:colcon.colcon_core.package_identification:_identify(kinematics_interface/kinematics_interface_kdl) by extensions ['ignore', 'ignore_ament_install']
[0.470s] Level 1:colcon.colcon_core.package_identification:_identify(kinematics_interface/kinematics_interface_kdl) by extension 'ignore'
[0.470s] Level 1:colcon.colcon_core.package_identification:_identify(kinematics_interface/kinematics_interface_kdl) by extension 'ignore_ament_install'
[0.470s] Level 1:colcon.colcon_core.package_identification:_identify(kinematics_interface/kinematics_interface_kdl) by extensions ['colcon_pkg']
[0.470s] Level 1:colcon.colcon_core.package_identification:_identify(kinematics_interface/kinematics_interface_kdl) by extension 'colcon_pkg'
[0.470s] Level 1:colcon.colcon_core.package_identification:_identify(kinematics_interface/kinematics_interface_kdl) by extensions ['colcon_meta']
[0.470s] Level 1:colcon.colcon_core.package_identification:_identify(kinematics_interface/kinematics_interface_kdl) by extension 'colcon_meta'
[0.470s] Level 1:colcon.colcon_core.package_identification:_identify(kinematics_interface/kinematics_interface_kdl) by extensions ['ros']
[0.470s] Level 1:colcon.colcon_core.package_identification:_identify(kinematics_interface/kinematics_interface_kdl) by extension 'ros'
[0.471s] DEBUG:colcon.colcon_core.package_identification:Package 'kinematics_interface/kinematics_interface_kdl' with type 'ros.ament_cmake' and name 'kinematics_interface_kdl'
[0.471s] Level 1:colcon.colcon_core.package_identification:_identify(log) by extensions ['ignore', 'ignore_ament_install']
[0.471s] Level 1:colcon.colcon_core.package_identification:_identify(log) by extension 'ignore'
[0.471s] Level 1:colcon.colcon_core.package_identification:_identify(log) ignored
[0.471s] Level 1:colcon.colcon_core.package_identification:_identify(realtime_tools) by extensions ['ignore', 'ignore_ament_install']
[0.471s] Level 1:colcon.colcon_core.package_identification:_identify(realtime_tools) by extension 'ignore'
[0.471s] Level 1:colcon.colcon_core.package_identification:_identify(realtime_tools) by extension 'ignore_ament_install'
[0.471s] Level 1:colcon.colcon_core.package_identification:_identify(realtime_tools) by extensions ['colcon_pkg']
[0.471s] Level 1:colcon.colcon_core.package_identification:_identify(realtime_tools) by extension 'colcon_pkg'
[0.471s] Level 1:colcon.colcon_core.package_identification:_identify(realtime_tools) by extensions ['colcon_meta']
[0.471s] Level 1:colcon.colcon_core.package_identification:_identify(realtime_tools) by extension 'colcon_meta'
[0.471s] Level 1:colcon.colcon_core.package_identification:_identify(realtime_tools) by extensions ['ros']
[0.471s] Level 1:colcon.colcon_core.package_identification:_identify(realtime_tools) by extension 'ros'
[0.472s] DEBUG:colcon.colcon_core.package_identification:Package 'realtime_tools' with type 'ros.ament_cmake' and name 'realtime_tools'
[0.472s] Level 1:colcon.colcon_core.package_identification:_identify(ros2_control) by extensions ['ignore', 'ignore_ament_install']
[0.472s] Level 1:colcon.colcon_core.package_identification:_identify(ros2_control) by extension 'ignore'
[0.472s] Level 1:colcon.colcon_core.package_identification:_identify(ros2_control) by extension 'ignore_ament_install'
[0.472s] Level 1:colcon.colcon_core.package_identification:_identify(ros2_control) by extensions ['colcon_pkg']
[0.472s] Level 1:colcon.colcon_core.package_identification:_identify(ros2_control) by extension 'colcon_pkg'
[0.472s] Level 1:colcon.colcon_core.package_identification:_identify(ros2_control) by extensions ['colcon_meta']
[0.472s] Level 1:colcon.colcon_core.package_identification:_identify(ros2_control) by extension 'colcon_meta'
[0.472s] Level 1:colcon.colcon_core.package_identification:_identify(ros2_control) by extensions ['ros']
[0.472s] Level 1:colcon.colcon_core.package_identification:_identify(ros2_control) by extension 'ros'
[0.472s] Level 1:colcon.colcon_core.package_identification:_identify(ros2_control) by extensions ['cmake', 'python']
[0.472s] Level 1:colcon.colcon_core.package_identification:_identify(ros2_control) by extension 'cmake'
[0.472s] Level 1:colcon.colcon_core.package_identification:_identify(ros2_control) by extension 'python'
[0.472s] Level 1:colcon.colcon_core.package_identification:_identify(ros2_control) by extensions ['python_setup_py']
[0.472s] Level 1:colcon.colcon_core.package_identification:_identify(ros2_control) by extension 'python_setup_py'
[0.472s] Level 1:colcon.colcon_core.package_identification:_identify(ros2_control/controller_interface) by extensions ['ignore', 'ignore_ament_install']
[0.472s] Level 1:colcon.colcon_core.package_identification:_identify(ros2_control/controller_interface) by extension 'ignore'
[0.472s] Level 1:colcon.colcon_core.package_identification:_identify(ros2_control/controller_interface) by extension 'ignore_ament_install'
[0.472s] Level 1:colcon.colcon_core.package_identification:_identify(ros2_control/controller_interface) by extensions ['colcon_pkg']
[0.472s] Level 1:colcon.colcon_core.package_identification:_identify(ros2_control/controller_interface) by extension 'colcon_pkg'
[0.472s] Level 1:colcon.colcon_core.package_identification:_identify(ros2_control/controller_interface) by extensions ['colcon_meta']
[0.472s] Level 1:colcon.colcon_core.package_identification:_identify(ros2_control/controller_interface) by extension 'colcon_meta'
[0.472s] Level 1:colcon.colcon_core.package_identification:_identify(ros2_control/controller_interface) by extensions ['ros']
[0.472s] Level 1:colcon.colcon_core.package_identification:_identify(ros2_control/controller_interface) by extension 'ros'
[0.473s] DEBUG:colcon.colcon_core.package_identification:Package 'ros2_control/controller_interface' with type 'ros.ament_cmake' and name 'controller_interface'
[0.473s] Level 1:colcon.colcon_core.package_identification:_identify(ros2_control/controller_manager) by extensions ['ignore', 'ignore_ament_install']
[0.473s] Level 1:colcon.colcon_core.package_identification:_identify(ros2_control/controller_manager) by extension 'ignore'
[0.473s] Level 1:colcon.colcon_core.package_identification:_identify(ros2_control/controller_manager) by extension 'ignore_ament_install'
[0.473s] Level 1:colcon.colcon_core.package_identification:_identify(ros2_control/controller_manager) by extensions ['colcon_pkg']
[0.473s] Level 1:colcon.colcon_core.package_identification:_identify(ros2_control/controller_manager) by extension 'colcon_pkg'
[0.473s] Level 1:colcon.colcon_core.package_identification:_identify(ros2_control/controller_manager) by extensions ['colcon_meta']
[0.473s] Level 1:colcon.colcon_core.package_identification:_identify(ros2_control/controller_manager) by extension 'colcon_meta'
[0.473s] Level 1:colcon.colcon_core.package_identification:_identify(ros2_control/controller_manager) by extensions ['ros']
[0.473s] Level 1:colcon.colcon_core.package_identification:_identify(ros2_control/controller_manager) by extension 'ros'
[0.474s] DEBUG:colcon.colcon_core.package_identification:Package 'ros2_control/controller_manager' with type 'ros.ament_cmake' and name 'controller_manager'
[0.474s] Level 1:colcon.colcon_core.package_identification:_identify(ros2_control/controller_manager_msgs) by extensions ['ignore', 'ignore_ament_install']
[0.474s] Level 1:colcon.colcon_core.package_identification:_identify(ros2_control/controller_manager_msgs) by extension 'ignore'
[0.474s] Level 1:colcon.colcon_core.package_identification:_identify(ros2_control/controller_manager_msgs) by extension 'ignore_ament_install'
[0.474s] Level 1:colcon.colcon_core.package_identification:_identify(ros2_control/controller_manager_msgs) by extensions ['colcon_pkg']
[0.474s] Level 1:colcon.colcon_core.package_identification:_identify(ros2_control/controller_manager_msgs) by extension 'colcon_pkg'
[0.474s] Level 1:colcon.colcon_core.package_identification:_identify(ros2_control/controller_manager_msgs) by extensions ['colcon_meta']
[0.474s] Level 1:colcon.colcon_core.package_identification:_identify(ros2_control/controller_manager_msgs) by extension 'colcon_meta'
[0.474s] Level 1:colcon.colcon_core.package_identification:_identify(ros2_control/controller_manager_msgs) by extensions ['ros']
[0.474s] Level 1:colcon.colcon_core.package_identification:_identify(ros2_control/controller_manager_msgs) by extension 'ros'
[0.474s] DEBUG:colcon.colcon_core.package_identification:Package 'ros2_control/controller_manager_msgs' with type 'ros.ament_cmake' and name 'controller_manager_msgs'
[0.475s] Level 1:colcon.colcon_core.package_identification:_identify(ros2_control/doc) by extensions ['ignore', 'ignore_ament_install']
[0.475s] Level 1:colcon.colcon_core.package_identification:_identify(ros2_control/doc) by extension 'ignore'
[0.475s] Level 1:colcon.colcon_core.package_identification:_identify(ros2_control/doc) by extension 'ignore_ament_install'
[0.475s] Level 1:colcon.colcon_core.package_identification:_identify(ros2_control/doc) by extensions ['colcon_pkg']
[0.475s] Level 1:colcon.colcon_core.package_identification:_identify(ros2_control/doc) by extension 'colcon_pkg'
[0.475s] Level 1:colcon.colcon_core.package_identification:_identify(ros2_control/doc) by extensions ['colcon_meta']
[0.475s] Level 1:colcon.colcon_core.package_identification:_identify(ros2_control/doc) by extension 'colcon_meta'
[0.475s] Level 1:colcon.colcon_core.package_identification:_identify(ros2_control/doc) by extensions ['ros']
[0.475s] Level 1:colcon.colcon_core.package_identification:_identify(ros2_control/doc) by extension 'ros'
[0.475s] Level 1:colcon.colcon_core.package_identification:_identify(ros2_control/doc) by extensions ['cmake', 'python']
[0.475s] Level 1:colcon.colcon_core.package_identification:_identify(ros2_control/doc) by extension 'cmake'
[0.475s] Level 1:colcon.colcon_core.package_identification:_identify(ros2_control/doc) by extension 'python'
[0.475s] Level 1:colcon.colcon_core.package_identification:_identify(ros2_control/doc) by extensions ['python_setup_py']
[0.475s] Level 1:colcon.colcon_core.package_identification:_identify(ros2_control/doc) by extension 'python_setup_py'
[0.475s] Level 1:colcon.colcon_core.package_identification:_identify(ros2_control/hardware_interface) by extensions ['ignore', 'ignore_ament_install']
[0.475s] Level 1:colcon.colcon_core.package_identification:_identify(ros2_control/hardware_interface) by extension 'ignore'
[0.475s] Level 1:colcon.colcon_core.package_identification:_identify(ros2_control/hardware_interface) by extension 'ignore_ament_install'
[0.475s] Level 1:colcon.colcon_core.package_identification:_identify(ros2_control/hardware_interface) by extensions ['colcon_pkg']
[0.475s] Level 1:colcon.colcon_core.package_identification:_identify(ros2_control/hardware_interface) by extension 'colcon_pkg'
[0.475s] Level 1:colcon.colcon_core.package_identification:_identify(ros2_control/hardware_interface) by extensions ['colcon_meta']
[0.475s] Level 1:colcon.colcon_core.package_identification:_identify(ros2_control/hardware_interface) by extension 'colcon_meta'
[0.475s] Level 1:colcon.colcon_core.package_identification:_identify(ros2_control/hardware_interface) by extensions ['ros']
[0.475s] Level 1:colcon.colcon_core.package_identification:_identify(ros2_control/hardware_interface) by extension 'ros'
[0.475s] DEBUG:colcon.colcon_core.package_identification:Package 'ros2_control/hardware_interface' with type 'ros.ament_cmake' and name 'hardware_interface'
[0.475s] Level 1:colcon.colcon_core.package_identification:_identify(ros2_control/hardware_interface_testing) by extensions ['ignore', 'ignore_ament_install']
[0.476s] Level 1:colcon.colcon_core.package_identification:_identify(ros2_control/hardware_interface_testing) by extension 'ignore'
[0.476s] Level 1:colcon.colcon_core.package_identification:_identify(ros2_control/hardware_interface_testing) by extension 'ignore_ament_install'
[0.476s] Level 1:colcon.colcon_core.package_identification:_identify(ros2_control/hardware_interface_testing) by extensions ['colcon_pkg']
[0.476s] Level 1:colcon.colcon_core.package_identification:_identify(ros2_control/hardware_interface_testing) by extension 'colcon_pkg'
[0.476s] Level 1:colcon.colcon_core.package_identification:_identify(ros2_control/hardware_interface_testing) by extensions ['colcon_meta']
[0.476s] Level 1:colcon.colcon_core.package_identification:_identify(ros2_control/hardware_interface_testing) by extension 'colcon_meta'
[0.476s] Level 1:colcon.colcon_core.package_identification:_identify(ros2_control/hardware_interface_testing) by extensions ['ros']
[0.476s] Level 1:colcon.colcon_core.package_identification:_identify(ros2_control/hardware_interface_testing) by extension 'ros'
[0.481s] DEBUG:colcon.colcon_core.package_identification:Package 'ros2_control/hardware_interface_testing' with type 'ros.ament_cmake' and name 'hardware_interface_testing'
[0.481s] Level 1:colcon.colcon_core.package_identification:_identify(ros2_control/joint_limits) by extensions ['ignore', 'ignore_ament_install']
[0.481s] Level 1:colcon.colcon_core.package_identification:_identify(ros2_control/joint_limits) by extension 'ignore'
[0.481s] Level 1:colcon.colcon_core.package_identification:_identify(ros2_control/joint_limits) by extension 'ignore_ament_install'
[0.482s] Level 1:colcon.colcon_core.package_identification:_identify(ros2_control/joint_limits) by extensions ['colcon_pkg']
[0.482s] Level 1:colcon.colcon_core.package_identification:_identify(ros2_control/joint_limits) by extension 'colcon_pkg'
[0.482s] Level 1:colcon.colcon_core.package_identification:_identify(ros2_control/joint_limits) by extensions ['colcon_meta']
[0.482s] Level 1:colcon.colcon_core.package_identification:_identify(ros2_control/joint_limits) by extension 'colcon_meta'
[0.482s] Level 1:colcon.colcon_core.package_identification:_identify(ros2_control/joint_limits) by extensions ['ros']
[0.482s] Level 1:colcon.colcon_core.package_identification:_identify(ros2_control/joint_limits) by extension 'ros'
[0.482s] DEBUG:colcon.colcon_core.package_identification:Package 'ros2_control/joint_limits' with type 'ros.ament_cmake' and name 'joint_limits'
[0.482s] Level 1:colcon.colcon_core.package_identification:_identify(ros2_control/joint_limits_interface) by extensions ['ignore', 'ignore_ament_install']
[0.482s] Level 1:colcon.colcon_core.package_identification:_identify(ros2_control/joint_limits_interface) by extension 'ignore'
[0.482s] Level 1:colcon.colcon_core.package_identification:_identify(ros2_control/joint_limits_interface) ignored
[0.482s] Level 1:colcon.colcon_core.package_identification:_identify(ros2_control/ros2_control) by extensions ['ignore', 'ignore_ament_install']
[0.482s] Level 1:colcon.colcon_core.package_identification:_identify(ros2_control/ros2_control) by extension 'ignore'
[0.482s] Level 1:colcon.colcon_core.package_identification:_identify(ros2_control/ros2_control) by extension 'ignore_ament_install'
[0.482s] Level 1:colcon.colcon_core.package_identification:_identify(ros2_control/ros2_control) by extensions ['colcon_pkg']
[0.482s] Level 1:colcon.colcon_core.package_identification:_identify(ros2_control/ros2_control) by extension 'colcon_pkg'
[0.482s] Level 1:colcon.colcon_core.package_identification:_identify(ros2_control/ros2_control) by extensions ['colcon_meta']
[0.482s] Level 1:colcon.colcon_core.package_identification:_identify(ros2_control/ros2_control) by extension 'colcon_meta'
[0.482s] Level 1:colcon.colcon_core.package_identification:_identify(ros2_control/ros2_control) by extensions ['ros']
[0.482s] Level 1:colcon.colcon_core.package_identification:_identify(ros2_control/ros2_control) by extension 'ros'
[0.483s] DEBUG:colcon.colcon_core.package_identification:Package 'ros2_control/ros2_control' with type 'ros.ament_cmake' and name 'ros2_control'
[0.483s] Level 1:colcon.colcon_core.package_identification:_identify(ros2_control/ros2_control_test_assets) by extensions ['ignore', 'ignore_ament_install']
[0.483s] Level 1:colcon.colcon_core.package_identification:_identify(ros2_control/ros2_control_test_assets) by extension 'ignore'
[0.483s] Level 1:colcon.colcon_core.package_identification:_identify(ros2_control/ros2_control_test_assets) by extension 'ignore_ament_install'
[0.483s] Level 1:colcon.colcon_core.package_identification:_identify(ros2_control/ros2_control_test_assets) by extensions ['colcon_pkg']
[0.483s] Level 1:colcon.colcon_core.package_identification:_identify(ros2_control/ros2_control_test_assets) by extension 'colcon_pkg'
[0.483s] Level 1:colcon.colcon_core.package_identification:_identify(ros2_control/ros2_control_test_assets) by extensions ['colcon_meta']
[0.483s] Level 1:colcon.colcon_core.package_identification:_identify(ros2_control/ros2_control_test_assets) by extension 'colcon_meta'
[0.483s] Level 1:colcon.colcon_core.package_identification:_identify(ros2_control/ros2_control_test_assets) by extensions ['ros']
[0.483s] Level 1:colcon.colcon_core.package_identification:_identify(ros2_control/ros2_control_test_assets) by extension 'ros'
[0.483s] DEBUG:colcon.colcon_core.package_identification:Package 'ros2_control/ros2_control_test_assets' with type 'ros.ament_cmake' and name 'ros2_control_test_assets'
[0.483s] Level 1:colcon.colcon_core.package_identification:_identify(ros2_control/ros2controlcli) by extensions ['ignore', 'ignore_ament_install']
[0.483s] Level 1:colcon.colcon_core.package_identification:_identify(ros2_control/ros2controlcli) by extension 'ignore'
[0.483s] Level 1:colcon.colcon_core.package_identification:_identify(ros2_control/ros2controlcli) by extension 'ignore_ament_install'
[0.483s] Level 1:colcon.colcon_core.package_identification:_identify(ros2_control/ros2controlcli) by extensions ['colcon_pkg']
[0.483s] Level 1:colcon.colcon_core.package_identification:_identify(ros2_control/ros2controlcli) by extension 'colcon_pkg'
[0.483s] Level 1:colcon.colcon_core.package_identification:_identify(ros2_control/ros2controlcli) by extensions ['colcon_meta']
[0.483s] Level 1:colcon.colcon_core.package_identification:_identify(ros2_control/ros2controlcli) by extension 'colcon_meta'
[0.483s] Level 1:colcon.colcon_core.package_identification:_identify(ros2_control/ros2controlcli) by extensions ['ros']
[0.483s] Level 1:colcon.colcon_core.package_identification:_identify(ros2_control/ros2controlcli) by extension 'ros'
[0.484s] DEBUG:colcon.colcon_core.package_identification:Package 'ros2_control/ros2controlcli' with type 'ros.ament_python' and name 'ros2controlcli'
[0.484s] Level 1:colcon.colcon_core.package_identification:_identify(ros2_control/rqt_controller_manager) by extensions ['ignore', 'ignore_ament_install']
[0.484s] Level 1:colcon.colcon_core.package_identification:_identify(ros2_control/rqt_controller_manager) by extension 'ignore'
[0.484s] Level 1:colcon.colcon_core.package_identification:_identify(ros2_control/rqt_controller_manager) by extension 'ignore_ament_install'
[0.484s] Level 1:colcon.colcon_core.package_identification:_identify(ros2_control/rqt_controller_manager) by extensions ['colcon_pkg']
[0.484s] Level 1:colcon.colcon_core.package_identification:_identify(ros2_control/rqt_controller_manager) by extension 'colcon_pkg'
[0.484s] Level 1:colcon.colcon_core.package_identification:_identify(ros2_control/rqt_controller_manager) by extensions ['colcon_meta']
[0.484s] Level 1:colcon.colcon_core.package_identification:_identify(ros2_control/rqt_controller_manager) by extension 'colcon_meta'
[0.484s] Level 1:colcon.colcon_core.package_identification:_identify(ros2_control/rqt_controller_manager) by extensions ['ros']
[0.484s] Level 1:colcon.colcon_core.package_identification:_identify(ros2_control/rqt_controller_manager) by extension 'ros'
[0.484s] DEBUG:colcon.colcon_core.package_identification:Package 'ros2_control/rqt_controller_manager' with type 'ros.ament_python' and name 'rqt_controller_manager'
[0.484s] Level 1:colcon.colcon_core.package_identification:_identify(ros2_control/transmission_interface) by extensions ['ignore', 'ignore_ament_install']
[0.484s] Level 1:colcon.colcon_core.package_identification:_identify(ros2_control/transmission_interface) by extension 'ignore'
[0.484s] Level 1:colcon.colcon_core.package_identification:_identify(ros2_control/transmission_interface) by extension 'ignore_ament_install'
[0.485s] Level 1:colcon.colcon_core.package_identification:_identify(ros2_control/transmission_interface) by extensions ['colcon_pkg']
[0.485s] Level 1:colcon.colcon_core.package_identification:_identify(ros2_control/transmission_interface) by extension 'colcon_pkg'
[0.485s] Level 1:colcon.colcon_core.package_identification:_identify(ros2_control/transmission_interface) by extensions ['colcon_meta']
[0.485s] Level 1:colcon.colcon_core.package_identification:_identify(ros2_control/transmission_interface) by extension 'colcon_meta'
[0.485s] Level 1:colcon.colcon_core.package_identification:_identify(ros2_control/transmission_interface) by extensions ['ros']
[0.485s] Level 1:colcon.colcon_core.package_identification:_identify(ros2_control/transmission_interface) by extension 'ros'
[0.485s] DEBUG:colcon.colcon_core.package_identification:Package 'ros2_control/transmission_interface' with type 'ros.ament_cmake' and name 'transmission_interface'
[0.485s] Level 1:colcon.colcon_core.package_identification:_identify(ros2_control_cmake) by extensions ['ignore', 'ignore_ament_install']
[0.485s] Level 1:colcon.colcon_core.package_identification:_identify(ros2_control_cmake) by extension 'ignore'
[0.485s] Level 1:colcon.colcon_core.package_identification:_identify(ros2_control_cmake) by extension 'ignore_ament_install'
[0.485s] Level 1:colcon.colcon_core.package_identification:_identify(ros2_control_cmake) by extensions ['colcon_pkg']
[0.485s] Level 1:colcon.colcon_core.package_identification:_identify(ros2_control_cmake) by extension 'colcon_pkg'
[0.485s] Level 1:colcon.colcon_core.package_identification:_identify(ros2_control_cmake) by extensions ['colcon_meta']
[0.485s] Level 1:colcon.colcon_core.package_identification:_identify(ros2_control_cmake) by extension 'colcon_meta'
[0.485s] Level 1:colcon.colcon_core.package_identification:_identify(ros2_control_cmake) by extensions ['ros']
[0.485s] Level 1:colcon.colcon_core.package_identification:_identify(ros2_control_cmake) by extension 'ros'
[0.485s] Level 1:colcon.colcon_core.package_identification:_identify(ros2_control_cmake) by extensions ['cmake', 'python']
[0.485s] Level 1:colcon.colcon_core.package_identification:_identify(ros2_control_cmake) by extension 'cmake'
[0.485s] Level 1:colcon.colcon_core.package_identification:_identify(ros2_control_cmake) by extension 'python'
[0.485s] Level 1:colcon.colcon_core.package_identification:_identify(ros2_control_cmake) by extensions ['python_setup_py']
[0.485s] Level 1:colcon.colcon_core.package_identification:_identify(ros2_control_cmake) by extension 'python_setup_py'
[0.485s] Level 1:colcon.colcon_core.package_identification:_identify(ros2_control_cmake/ros2_control_cmake) by extensions ['ignore', 'ignore_ament_install']
[0.485s] Level 1:colcon.colcon_core.package_identification:_identify(ros2_control_cmake/ros2_control_cmake) by extension 'ignore'
[0.485s] Level 1:colcon.colcon_core.package_identification:_identify(ros2_control_cmake/ros2_control_cmake) by extension 'ignore_ament_install'
[0.485s] Level 1:colcon.colcon_core.package_identification:_identify(ros2_control_cmake/ros2_control_cmake) by extensions ['colcon_pkg']
[0.485s] Level 1:colcon.colcon_core.package_identification:_identify(ros2_control_cmake/ros2_control_cmake) by extension 'colcon_pkg'
[0.485s] Level 1:colcon.colcon_core.package_identification:_identify(ros2_control_cmake/ros2_control_cmake) by extensions ['colcon_meta']
[0.485s] Level 1:colcon.colcon_core.package_identification:_identify(ros2_control_cmake/ros2_control_cmake) by extension 'colcon_meta'
[0.485s] Level 1:colcon.colcon_core.package_identification:_identify(ros2_control_cmake/ros2_control_cmake) by extensions ['ros']
[0.485s] Level 1:colcon.colcon_core.package_identification:_identify(ros2_control_cmake/ros2_control_cmake) by extension 'ros'
[0.486s] DEBUG:colcon.colcon_core.package_identification:Package 'ros2_control_cmake/ros2_control_cmake' with type 'ros.ament_cmake' and name 'ros2_control_cmake'
[0.486s] Level 1:colcon.colcon_core.package_identification:_identify(ros2_controllers) by extensions ['ignore', 'ignore_ament_install']
[0.486s] Level 1:colcon.colcon_core.package_identification:_identify(ros2_controllers) by extension 'ignore'
[0.486s] Level 1:colcon.colcon_core.package_identification:_identify(ros2_controllers) by extension 'ignore_ament_install'
[0.486s] Level 1:colcon.colcon_core.package_identification:_identify(ros2_controllers) by extensions ['colcon_pkg']
[0.486s] Level 1:colcon.colcon_core.package_identification:_identify(ros2_controllers) by extension 'colcon_pkg'
[0.486s] Level 1:colcon.colcon_core.package_identification:_identify(ros2_controllers) by extensions ['colcon_meta']
[0.486s] Level 1:colcon.colcon_core.package_identification:_identify(ros2_controllers) by extension 'colcon_meta'
[0.486s] Level 1:colcon.colcon_core.package_identification:_identify(ros2_controllers) by extensions ['ros']
[0.486s] Level 1:colcon.colcon_core.package_identification:_identify(ros2_controllers) by extension 'ros'
[0.486s] Level 1:colcon.colcon_core.package_identification:_identify(ros2_controllers) by extensions ['cmake', 'python']
[0.486s] Level 1:colcon.colcon_core.package_identification:_identify(ros2_controllers) by extension 'cmake'
[0.486s] Level 1:colcon.colcon_core.package_identification:_identify(ros2_controllers) by extension 'python'
[0.486s] Level 1:colcon.colcon_core.package_identification:_identify(ros2_controllers) by extensions ['python_setup_py']
[0.486s] Level 1:colcon.colcon_core.package_identification:_identify(ros2_controllers) by extension 'python_setup_py'
[0.486s] Level 1:colcon.colcon_core.package_identification:_identify(ros2_controllers/ackermann_steering_controller) by extensions ['ignore', 'ignore_ament_install']
[0.486s] Level 1:colcon.colcon_core.package_identification:_identify(ros2_controllers/ackermann_steering_controller) by extension 'ignore'
[0.486s] Level 1:colcon.colcon_core.package_identification:_identify(ros2_controllers/ackermann_steering_controller) by extension 'ignore_ament_install'
[0.486s] Level 1:colcon.colcon_core.package_identification:_identify(ros2_controllers/ackermann_steering_controller) by extensions ['colcon_pkg']
[0.486s] Level 1:colcon.colcon_core.package_identification:_identify(ros2_controllers/ackermann_steering_controller) by extension 'colcon_pkg'
[0.486s] Level 1:colcon.colcon_core.package_identification:_identify(ros2_controllers/ackermann_steering_controller) by extensions ['colcon_meta']
[0.486s] Level 1:colcon.colcon_core.package_identification:_identify(ros2_controllers/ackermann_steering_controller) by extension 'colcon_meta'
[0.486s] Level 1:colcon.colcon_core.package_identification:_identify(ros2_controllers/ackermann_steering_controller) by extensions ['ros']
[0.486s] Level 1:colcon.colcon_core.package_identification:_identify(ros2_controllers/ackermann_steering_controller) by extension 'ros'
[0.487s] DEBUG:colcon.colcon_core.package_identification:Package 'ros2_controllers/ackermann_steering_controller' with type 'ros.ament_cmake' and name 'ackermann_steering_controller'
[0.487s] Level 1:colcon.colcon_core.package_identification:_identify(ros2_controllers/admittance_controller) by extensions ['ignore', 'ignore_ament_install']
[0.487s] Level 1:colcon.colcon_core.package_identification:_identify(ros2_controllers/admittance_controller) by extension 'ignore'
[0.487s] Level 1:colcon.colcon_core.package_identification:_identify(ros2_controllers/admittance_controller) by extension 'ignore_ament_install'
[0.487s] Level 1:colcon.colcon_core.package_identification:_identify(ros2_controllers/admittance_controller) by extensions ['colcon_pkg']
[0.487s] Level 1:colcon.colcon_core.package_identification:_identify(ros2_controllers/admittance_controller) by extension 'colcon_pkg'
[0.487s] Level 1:colcon.colcon_core.package_identification:_identify(ros2_controllers/admittance_controller) by extensions ['colcon_meta']
[0.487s] Level 1:colcon.colcon_core.package_identification:_identify(ros2_controllers/admittance_controller) by extension 'colcon_meta'
[0.487s] Level 1:colcon.colcon_core.package_identification:_identify(ros2_controllers/admittance_controller) by extensions ['ros']
[0.487s] Level 1:colcon.colcon_core.package_identification:_identify(ros2_controllers/admittance_controller) by extension 'ros'
[0.488s] DEBUG:colcon.colcon_core.package_identification:Package 'ros2_controllers/admittance_controller' with type 'ros.ament_cmake' and name 'admittance_controller'
[0.488s] Level 1:colcon.colcon_core.package_identification:_identify(ros2_controllers/bicycle_steering_controller) by extensions ['ignore', 'ignore_ament_install']
[0.488s] Level 1:colcon.colcon_core.package_identification:_identify(ros2_controllers/bicycle_steering_controller) by extension 'ignore'
[0.488s] Level 1:colcon.colcon_core.package_identification:_identify(ros2_controllers/bicycle_steering_controller) by extension 'ignore_ament_install'
[0.488s] Level 1:colcon.colcon_core.package_identification:_identify(ros2_controllers/bicycle_steering_controller) by extensions ['colcon_pkg']
[0.488s] Level 1:colcon.colcon_core.package_identification:_identify(ros2_controllers/bicycle_steering_controller) by extension 'colcon_pkg'
[0.488s] Level 1:colcon.colcon_core.package_identification:_identify(ros2_controllers/bicycle_steering_controller) by extensions ['colcon_meta']
[0.488s] Level 1:colcon.colcon_core.package_identification:_identify(ros2_controllers/bicycle_steering_controller) by extension 'colcon_meta'
[0.488s] Level 1:colcon.colcon_core.package_identification:_identify(ros2_controllers/bicycle_steering_controller) by extensions ['ros']
[0.488s] Level 1:colcon.colcon_core.package_identification:_identify(ros2_controllers/bicycle_steering_controller) by extension 'ros'
[0.489s] DEBUG:colcon.colcon_core.package_identification:Package 'ros2_controllers/bicycle_steering_controller' with type 'ros.ament_cmake' and name 'bicycle_steering_controller'
[0.489s] Level 1:colcon.colcon_core.package_identification:_identify(ros2_controllers/diff_drive_controller) by extensions ['ignore', 'ignore_ament_install']
[0.489s] Level 1:colcon.colcon_core.package_identification:_identify(ros2_controllers/diff_drive_controller) by extension 'ignore'
[0.489s] Level 1:colcon.colcon_core.package_identification:_identify(ros2_controllers/diff_drive_controller) by extension 'ignore_ament_install'
[0.489s] Level 1:colcon.colcon_core.package_identification:_identify(ros2_controllers/diff_drive_controller) by extensions ['colcon_pkg']
[0.489s] Level 1:colcon.colcon_core.package_identification:_identify(ros2_controllers/diff_drive_controller) by extension 'colcon_pkg'
[0.489s] Level 1:colcon.colcon_core.package_identification:_identify(ros2_controllers/diff_drive_controller) by extensions ['colcon_meta']
[0.489s] Level 1:colcon.colcon_core.package_identification:_identify(ros2_controllers/diff_drive_controller) by extension 'colcon_meta'
[0.489s] Level 1:colcon.colcon_core.package_identification:_identify(ros2_controllers/diff_drive_controller) by extensions ['ros']
[0.489s] Level 1:colcon.colcon_core.package_identification:_identify(ros2_controllers/diff_drive_controller) by extension 'ros'
[0.490s] DEBUG:colcon.colcon_core.package_identification:Package 'ros2_controllers/diff_drive_controller' with type 'ros.ament_cmake' and name 'diff_drive_controller'
[0.490s] Level 1:colcon.colcon_core.package_identification:_identify(ros2_controllers/doc) by extensions ['ignore', 'ignore_ament_install']
[0.490s] Level 1:colcon.colcon_core.package_identification:_identify(ros2_controllers/doc) by extension 'ignore'
[0.490s] Level 1:colcon.colcon_core.package_identification:_identify(ros2_controllers/doc) by extension 'ignore_ament_install'
[0.490s] Level 1:colcon.colcon_core.package_identification:_identify(ros2_controllers/doc) by extensions ['colcon_pkg']
[0.490s] Level 1:colcon.colcon_core.package_identification:_identify(ros2_controllers/doc) by extension 'colcon_pkg'
[0.490s] Level 1:colcon.colcon_core.package_identification:_identify(ros2_controllers/doc) by extensions ['colcon_meta']
[0.490s] Level 1:colcon.colcon_core.package_identification:_identify(ros2_controllers/doc) by extension 'colcon_meta'
[0.490s] Level 1:colcon.colcon_core.package_identification:_identify(ros2_controllers/doc) by extensions ['ros']
[0.490s] Level 1:colcon.colcon_core.package_identification:_identify(ros2_controllers/doc) by extension 'ros'
[0.490s] Level 1:colcon.colcon_core.package_identification:_identify(ros2_controllers/doc) by extensions ['cmake', 'python']
[0.490s] Level 1:colcon.colcon_core.package_identification:_identify(ros2_controllers/doc) by extension 'cmake'
[0.490s] Level 1:colcon.colcon_core.package_identification:_identify(ros2_controllers/doc) by extension 'python'
[0.490s] Level 1:colcon.colcon_core.package_identification:_identify(ros2_controllers/doc) by extensions ['python_setup_py']
[0.490s] Level 1:colcon.colcon_core.package_identification:_identify(ros2_controllers/doc) by extension 'python_setup_py'
[0.490s] Level 1:colcon.colcon_core.package_identification:_identify(ros2_controllers/doc/images) by extensions ['ignore', 'ignore_ament_install']
[0.490s] Level 1:colcon.colcon_core.package_identification:_identify(ros2_controllers/doc/images) by extension 'ignore'
[0.490s] Level 1:colcon.colcon_core.package_identification:_identify(ros2_controllers/doc/images) by extension 'ignore_ament_install'
[0.490s] Level 1:colcon.colcon_core.package_identification:_identify(ros2_controllers/doc/images) by extensions ['colcon_pkg']
[0.490s] Level 1:colcon.colcon_core.package_identification:_identify(ros2_controllers/doc/images) by extension 'colcon_pkg'
[0.490s] Level 1:colcon.colcon_core.package_identification:_identify(ros2_controllers/doc/images) by extensions ['colcon_meta']
[0.490s] Level 1:colcon.colcon_core.package_identification:_identify(ros2_controllers/doc/images) by extension 'colcon_meta'
[0.490s] Level 1:colcon.colcon_core.package_identification:_identify(ros2_controllers/doc/images) by extensions ['ros']
[0.490s] Level 1:colcon.colcon_core.package_identification:_identify(ros2_controllers/doc/images) by extension 'ros'
[0.490s] Level 1:colcon.colcon_core.package_identification:_identify(ros2_controllers/doc/images) by extensions ['cmake', 'python']
[0.490s] Level 1:colcon.colcon_core.package_identification:_identify(ros2_controllers/doc/images) by extension 'cmake'
[0.490s] Level 1:colcon.colcon_core.package_identification:_identify(ros2_controllers/doc/images) by extension 'python'
[0.490s] Level 1:colcon.colcon_core.package_identification:_identify(ros2_controllers/doc/images) by extensions ['python_setup_py']
[0.490s] Level 1:colcon.colcon_core.package_identification:_identify(ros2_controllers/doc/images) by extension 'python_setup_py'
[0.490s] Level 1:colcon.colcon_core.package_identification:_identify(ros2_controllers/effort_controllers) by extensions ['ignore', 'ignore_ament_install']
[0.490s] Level 1:colcon.colcon_core.package_identification:_identify(ros2_controllers/effort_controllers) by extension 'ignore'
[0.490s] Level 1:colcon.colcon_core.package_identification:_identify(ros2_controllers/effort_controllers) by extension 'ignore_ament_install'
[0.490s] Level 1:colcon.colcon_core.package_identification:_identify(ros2_controllers/effort_controllers) by extensions ['colcon_pkg']
[0.490s] Level 1:colcon.colcon_core.package_identification:_identify(ros2_controllers/effort_controllers) by extension 'colcon_pkg'
[0.490s] Level 1:colcon.colcon_core.package_identification:_identify(ros2_controllers/effort_controllers) by extensions ['colcon_meta']
[0.490s] Level 1:colcon.colcon_core.package_identification:_identify(ros2_controllers/effort_controllers) by extension 'colcon_meta'
[0.490s] Level 1:colcon.colcon_core.package_identification:_identify(ros2_controllers/effort_controllers) by extensions ['ros']
[0.490s] Level 1:colcon.colcon_core.package_identification:_identify(ros2_controllers/effort_controllers) by extension 'ros'
[0.491s] DEBUG:colcon.colcon_core.package_identification:Package 'ros2_controllers/effort_controllers' with type 'ros.ament_cmake' and name 'effort_controllers'
[0.491s] Level 1:colcon.colcon_core.package_identification:_identify(ros2_controllers/force_torque_sensor_broadcaster) by extensions ['ignore', 'ignore_ament_install']
[0.491s] Level 1:colcon.colcon_core.package_identification:_identify(ros2_controllers/force_torque_sensor_broadcaster) by extension 'ignore'
[0.491s] Level 1:colcon.colcon_core.package_identification:_identify(ros2_controllers/force_torque_sensor_broadcaster) by extension 'ignore_ament_install'
[0.491s] Level 1:colcon.colcon_core.package_identification:_identify(ros2_controllers/force_torque_sensor_broadcaster) by extensions ['colcon_pkg']
[0.491s] Level 1:colcon.colcon_core.package_identification:_identify(ros2_controllers/force_torque_sensor_broadcaster) by extension 'colcon_pkg'
[0.491s] Level 1:colcon.colcon_core.package_identification:_identify(ros2_controllers/force_torque_sensor_broadcaster) by extensions ['colcon_meta']
[0.491s] Level 1:colcon.colcon_core.package_identification:_identify(ros2_controllers/force_torque_sensor_broadcaster) by extension 'colcon_meta'
[0.491s] Level 1:colcon.colcon_core.package_identification:_identify(ros2_controllers/force_torque_sensor_broadcaster) by extensions ['ros']
[0.491s] Level 1:colcon.colcon_core.package_identification:_identify(ros2_controllers/force_torque_sensor_broadcaster) by extension 'ros'
[0.492s] DEBUG:colcon.colcon_core.package_identification:Package 'ros2_controllers/force_torque_sensor_broadcaster' with type 'ros.ament_cmake' and name 'force_torque_sensor_broadcaster'
[0.492s] Level 1:colcon.colcon_core.package_identification:_identify(ros2_controllers/forward_command_controller) by extensions ['ignore', 'ignore_ament_install']
[0.492s] Level 1:colcon.colcon_core.package_identification:_identify(ros2_controllers/forward_command_controller) by extension 'ignore'
[0.492s] Level 1:colcon.colcon_core.package_identification:_identify(ros2_controllers/forward_command_controller) by extension 'ignore_ament_install'
[0.492s] Level 1:colcon.colcon_core.package_identification:_identify(ros2_controllers/forward_command_controller) by extensions ['colcon_pkg']
[0.492s] Level 1:colcon.colcon_core.package_identification:_identify(ros2_controllers/forward_command_controller) by extension 'colcon_pkg'
[0.492s] Level 1:colcon.colcon_core.package_identification:_identify(ros2_controllers/forward_command_controller) by extensions ['colcon_meta']
[0.492s] Level 1:colcon.colcon_core.package_identification:_identify(ros2_controllers/forward_command_controller) by extension 'colcon_meta'
[0.492s] Level 1:colcon.colcon_core.package_identification:_identify(ros2_controllers/forward_command_controller) by extensions ['ros']
[0.492s] Level 1:colcon.colcon_core.package_identification:_identify(ros2_controllers/forward_command_controller) by extension 'ros'
[0.492s] DEBUG:colcon.colcon_core.package_identification:Package 'ros2_controllers/forward_command_controller' with type 'ros.ament_cmake' and name 'forward_command_controller'
[0.492s] Level 1:colcon.colcon_core.package_identification:_identify(ros2_controllers/gpio_controllers) by extensions ['ignore', 'ignore_ament_install']
[0.493s] Level 1:colcon.colcon_core.package_identification:_identify(ros2_controllers/gpio_controllers) by extension 'ignore'
[0.493s] Level 1:colcon.colcon_core.package_identification:_identify(ros2_controllers/gpio_controllers) by extension 'ignore_ament_install'
[0.493s] Level 1:colcon.colcon_core.package_identification:_identify(ros2_controllers/gpio_controllers) by extensions ['colcon_pkg']
[0.493s] Level 1:colcon.colcon_core.package_identification:_identify(ros2_controllers/gpio_controllers) by extension 'colcon_pkg'
[0.493s] Level 1:colcon.colcon_core.package_identification:_identify(ros2_controllers/gpio_controllers) by extensions ['colcon_meta']
[0.493s] Level 1:colcon.colcon_core.package_identification:_identify(ros2_controllers/gpio_controllers) by extension 'colcon_meta'
[0.493s] Level 1:colcon.colcon_core.package_identification:_identify(ros2_controllers/gpio_controllers) by extensions ['ros']
[0.493s] Level 1:colcon.colcon_core.package_identification:_identify(ros2_controllers/gpio_controllers) by extension 'ros'
[0.493s] DEBUG:colcon.colcon_core.package_identification:Package 'ros2_controllers/gpio_controllers' with type 'ros.ament_cmake' and name 'gpio_controllers'
[0.493s] Level 1:colcon.colcon_core.package_identification:_identify(ros2_controllers/gripper_controllers) by extensions ['ignore', 'ignore_ament_install']
[0.493s] Level 1:colcon.colcon_core.package_identification:_identify(ros2_controllers/gripper_controllers) by extension 'ignore'
[0.493s] Level 1:colcon.colcon_core.package_identification:_identify(ros2_controllers/gripper_controllers) by extension 'ignore_ament_install'
[0.493s] Level 1:colcon.colcon_core.package_identification:_identify(ros2_controllers/gripper_controllers) by extensions ['colcon_pkg']
[0.493s] Level 1:colcon.colcon_core.package_identification:_identify(ros2_controllers/gripper_controllers) by extension 'colcon_pkg'
[0.493s] Level 1:colcon.colcon_core.package_identification:_identify(ros2_controllers/gripper_controllers) by extensions ['colcon_meta']
[0.493s] Level 1:colcon.colcon_core.package_identification:_identify(ros2_controllers/gripper_controllers) by extension 'colcon_meta'
[0.493s] Level 1:colcon.colcon_core.package_identification:_identify(ros2_controllers/gripper_controllers) by extensions ['ros']
[0.493s] Level 1:colcon.colcon_core.package_identification:_identify(ros2_controllers/gripper_controllers) by extension 'ros'
[0.494s] DEBUG:colcon.colcon_core.package_identification:Package 'ros2_controllers/gripper_controllers' with type 'ros.ament_cmake' and name 'gripper_controllers'
[0.494s] Level 1:colcon.colcon_core.package_identification:_identify(ros2_controllers/imu_sensor_broadcaster) by extensions ['ignore', 'ignore_ament_install']
[0.494s] Level 1:colcon.colcon_core.package_identification:_identify(ros2_controllers/imu_sensor_broadcaster) by extension 'ignore'
[0.494s] Level 1:colcon.colcon_core.package_identification:_identify(ros2_controllers/imu_sensor_broadcaster) by extension 'ignore_ament_install'
[0.494s] Level 1:colcon.colcon_core.package_identification:_identify(ros2_controllers/imu_sensor_broadcaster) by extensions ['colcon_pkg']
[0.494s] Level 1:colcon.colcon_core.package_identification:_identify(ros2_controllers/imu_sensor_broadcaster) by extension 'colcon_pkg'
[0.494s] Level 1:colcon.colcon_core.package_identification:_identify(ros2_controllers/imu_sensor_broadcaster) by extensions ['colcon_meta']
[0.494s] Level 1:colcon.colcon_core.package_identification:_identify(ros2_controllers/imu_sensor_broadcaster) by extension 'colcon_meta'
[0.494s] Level 1:colcon.colcon_core.package_identification:_identify(ros2_controllers/imu_sensor_broadcaster) by extensions ['ros']
[0.494s] Level 1:colcon.colcon_core.package_identification:_identify(ros2_controllers/imu_sensor_broadcaster) by extension 'ros'
[0.495s] DEBUG:colcon.colcon_core.package_identification:Package 'ros2_controllers/imu_sensor_broadcaster' with type 'ros.ament_cmake' and name 'imu_sensor_broadcaster'
[0.495s] Level 1:colcon.colcon_core.package_identification:_identify(ros2_controllers/joint_state_broadcaster) by extensions ['ignore', 'ignore_ament_install']
[0.495s] Level 1:colcon.colcon_core.package_identification:_identify(ros2_controllers/joint_state_broadcaster) by extension 'ignore'
[0.495s] Level 1:colcon.colcon_core.package_identification:_identify(ros2_controllers/joint_state_broadcaster) by extension 'ignore_ament_install'
[0.495s] Level 1:colcon.colcon_core.package_identification:_identify(ros2_controllers/joint_state_broadcaster) by extensions ['colcon_pkg']
[0.495s] Level 1:colcon.colcon_core.package_identification:_identify(ros2_controllers/joint_state_broadcaster) by extension 'colcon_pkg'
[0.495s] Level 1:colcon.colcon_core.package_identification:_identify(ros2_controllers/joint_state_broadcaster) by extensions ['colcon_meta']
[0.495s] Level 1:colcon.colcon_core.package_identification:_identify(ros2_controllers/joint_state_broadcaster) by extension 'colcon_meta'
[0.495s] Level 1:colcon.colcon_core.package_identification:_identify(ros2_controllers/joint_state_broadcaster) by extensions ['ros']
[0.495s] Level 1:colcon.colcon_core.package_identification:_identify(ros2_controllers/joint_state_broadcaster) by extension 'ros'
[0.496s] DEBUG:colcon.colcon_core.package_identification:Package 'ros2_controllers/joint_state_broadcaster' with type 'ros.ament_cmake' and name 'joint_state_broadcaster'
[0.496s] Level 1:colcon.colcon_core.package_identification:_identify(ros2_controllers/joint_trajectory_controller) by extensions ['ignore', 'ignore_ament_install']
[0.496s] Level 1:colcon.colcon_core.package_identification:_identify(ros2_controllers/joint_trajectory_controller) by extension 'ignore'
[0.496s] Level 1:colcon.colcon_core.package_identification:_identify(ros2_controllers/joint_trajectory_controller) by extension 'ignore_ament_install'
[0.496s] Level 1:colcon.colcon_core.package_identification:_identify(ros2_controllers/joint_trajectory_controller) by extensions ['colcon_pkg']
[0.496s] Level 1:colcon.colcon_core.package_identification:_identify(ros2_controllers/joint_trajectory_controller) by extension 'colcon_pkg'
[0.496s] Level 1:colcon.colcon_core.package_identification:_identify(ros2_controllers/joint_trajectory_controller) by extensions ['colcon_meta']
[0.496s] Level 1:colcon.colcon_core.package_identification:_identify(ros2_controllers/joint_trajectory_controller) by extension 'colcon_meta'
[0.496s] Level 1:colcon.colcon_core.package_identification:_identify(ros2_controllers/joint_trajectory_controller) by extensions ['ros']
[0.496s] Level 1:colcon.colcon_core.package_identification:_identify(ros2_controllers/joint_trajectory_controller) by extension 'ros'
[0.496s] DEBUG:colcon.colcon_core.package_identification:Package 'ros2_controllers/joint_trajectory_controller' with type 'ros.ament_cmake' and name 'joint_trajectory_controller'
[0.496s] Level 1:colcon.colcon_core.package_identification:_identify(ros2_controllers/mecanum_drive_controller) by extensions ['ignore', 'ignore_ament_install']
[0.496s] Level 1:colcon.colcon_core.package_identification:_identify(ros2_controllers/mecanum_drive_controller) by extension 'ignore'
[0.496s] Level 1:colcon.colcon_core.package_identification:_identify(ros2_controllers/mecanum_drive_controller) by extension 'ignore_ament_install'
[0.496s] Level 1:colcon.colcon_core.package_identification:_identify(ros2_controllers/mecanum_drive_controller) by extensions ['colcon_pkg']
[0.496s] Level 1:colcon.colcon_core.package_identification:_identify(ros2_controllers/mecanum_drive_controller) by extension 'colcon_pkg'
[0.496s] Level 1:colcon.colcon_core.package_identification:_identify(ros2_controllers/mecanum_drive_controller) by extensions ['colcon_meta']
[0.496s] Level 1:colcon.colcon_core.package_identification:_identify(ros2_controllers/mecanum_drive_controller) by extension 'colcon_meta'
[0.497s] Level 1:colcon.colcon_core.package_identification:_identify(ros2_controllers/mecanum_drive_controller) by extensions ['ros']
[0.497s] Level 1:colcon.colcon_core.package_identification:_identify(ros2_controllers/mecanum_drive_controller) by extension 'ros'
[0.497s] DEBUG:colcon.colcon_core.package_identification:Package 'ros2_controllers/mecanum_drive_controller' with type 'ros.ament_cmake' and name 'mecanum_drive_controller'
[0.497s] Level 1:colcon.colcon_core.package_identification:_identify(ros2_controllers/pid_controller) by extensions ['ignore', 'ignore_ament_install']
[0.497s] Level 1:colcon.colcon_core.package_identification:_identify(ros2_controllers/pid_controller) by extension 'ignore'
[0.497s] Level 1:colcon.colcon_core.package_identification:_identify(ros2_controllers/pid_controller) by extension 'ignore_ament_install'
[0.497s] Level 1:colcon.colcon_core.package_identification:_identify(ros2_controllers/pid_controller) by extensions ['colcon_pkg']
[0.497s] Level 1:colcon.colcon_core.package_identification:_identify(ros2_controllers/pid_controller) by extension 'colcon_pkg'
[0.497s] Level 1:colcon.colcon_core.package_identification:_identify(ros2_controllers/pid_controller) by extensions ['colcon_meta']
[0.497s] Level 1:colcon.colcon_core.package_identification:_identify(ros2_controllers/pid_controller) by extension 'colcon_meta'
[0.497s] Level 1:colcon.colcon_core.package_identification:_identify(ros2_controllers/pid_controller) by extensions ['ros']
[0.497s] Level 1:colcon.colcon_core.package_identification:_identify(ros2_controllers/pid_controller) by extension 'ros'
[0.498s] DEBUG:colcon.colcon_core.package_identification:Package 'ros2_controllers/pid_controller' with type 'ros.ament_cmake' and name 'pid_controller'
[0.498s] Level 1:colcon.colcon_core.package_identification:_identify(ros2_controllers/pose_broadcaster) by extensions ['ignore', 'ignore_ament_install']
[0.498s] Level 1:colcon.colcon_core.package_identification:_identify(ros2_controllers/pose_broadcaster) by extension 'ignore'
[0.498s] Level 1:colcon.colcon_core.package_identification:_identify(ros2_controllers/pose_broadcaster) by extension 'ignore_ament_install'
[0.498s] Level 1:colcon.colcon_core.package_identification:_identify(ros2_controllers/pose_broadcaster) by extensions ['colcon_pkg']
[0.498s] Level 1:colcon.colcon_core.package_identification:_identify(ros2_controllers/pose_broadcaster) by extension 'colcon_pkg'
[0.498s] Level 1:colcon.colcon_core.package_identification:_identify(ros2_controllers/pose_broadcaster) by extensions ['colcon_meta']
[0.498s] Level 1:colcon.colcon_core.package_identification:_identify(ros2_controllers/pose_broadcaster) by extension 'colcon_meta'
[0.498s] Level 1:colcon.colcon_core.package_identification:_identify(ros2_controllers/pose_broadcaster) by extensions ['ros']
[0.498s] Level 1:colcon.colcon_core.package_identification:_identify(ros2_controllers/pose_broadcaster) by extension 'ros'
[0.499s] DEBUG:colcon.colcon_core.package_identification:Package 'ros2_controllers/pose_broadcaster' with type 'ros.ament_cmake' and name 'pose_broadcaster'
[0.499s] Level 1:colcon.colcon_core.package_identification:_identify(ros2_controllers/position_controllers) by extensions ['ignore', 'ignore_ament_install']
[0.499s] Level 1:colcon.colcon_core.package_identification:_identify(ros2_controllers/position_controllers) by extension 'ignore'
[0.499s] Level 1:colcon.colcon_core.package_identification:_identify(ros2_controllers/position_controllers) by extension 'ignore_ament_install'
[0.499s] Level 1:colcon.colcon_core.package_identification:_identify(ros2_controllers/position_controllers) by extensions ['colcon_pkg']
[0.499s] Level 1:colcon.colcon_core.package_identification:_identify(ros2_controllers/position_controllers) by extension 'colcon_pkg'
[0.499s] Level 1:colcon.colcon_core.package_identification:_identify(ros2_controllers/position_controllers) by extensions ['colcon_meta']
[0.499s] Level 1:colcon.colcon_core.package_identification:_identify(ros2_controllers/position_controllers) by extension 'colcon_meta'
[0.499s] Level 1:colcon.colcon_core.package_identification:_identify(ros2_controllers/position_controllers) by extensions ['ros']
[0.499s] Level 1:colcon.colcon_core.package_identification:_identify(ros2_controllers/position_controllers) by extension 'ros'
[0.499s] DEBUG:colcon.colcon_core.package_identification:Package 'ros2_controllers/position_controllers' with type 'ros.ament_cmake' and name 'position_controllers'
[0.499s] Level 1:colcon.colcon_core.package_identification:_identify(ros2_controllers/range_sensor_broadcaster) by extensions ['ignore', 'ignore_ament_install']
[0.499s] Level 1:colcon.colcon_core.package_identification:_identify(ros2_controllers/range_sensor_broadcaster) by extension 'ignore'
[0.499s] Level 1:colcon.colcon_core.package_identification:_identify(ros2_controllers/range_sensor_broadcaster) by extension 'ignore_ament_install'
[0.499s] Level 1:colcon.colcon_core.package_identification:_identify(ros2_controllers/range_sensor_broadcaster) by extensions ['colcon_pkg']
[0.499s] Level 1:colcon.colcon_core.package_identification:_identify(ros2_controllers/range_sensor_broadcaster) by extension 'colcon_pkg'
[0.499s] Level 1:colcon.colcon_core.package_identification:_identify(ros2_controllers/range_sensor_broadcaster) by extensions ['colcon_meta']
[0.499s] Level 1:colcon.colcon_core.package_identification:_identify(ros2_controllers/range_sensor_broadcaster) by extension 'colcon_meta'
[0.499s] Level 1:colcon.colcon_core.package_identification:_identify(ros2_controllers/range_sensor_broadcaster) by extensions ['ros']
[0.499s] Level 1:colcon.colcon_core.package_identification:_identify(ros2_controllers/range_sensor_broadcaster) by extension 'ros'
[0.500s] DEBUG:colcon.colcon_core.package_identification:Package 'ros2_controllers/range_sensor_broadcaster' with type 'ros.ament_cmake' and name 'range_sensor_broadcaster'
[0.500s] Level 1:colcon.colcon_core.package_identification:_identify(ros2_controllers/ros2_controllers) by extensions ['ignore', 'ignore_ament_install']
[0.500s] Level 1:colcon.colcon_core.package_identification:_identify(ros2_controllers/ros2_controllers) by extension 'ignore'
[0.500s] Level 1:colcon.colcon_core.package_identification:_identify(ros2_controllers/ros2_controllers) by extension 'ignore_ament_install'
[0.500s] Level 1:colcon.colcon_core.package_identification:_identify(ros2_controllers/ros2_controllers) by extensions ['colcon_pkg']
[0.500s] Level 1:colcon.colcon_core.package_identification:_identify(ros2_controllers/ros2_controllers) by extension 'colcon_pkg'
[0.500s] Level 1:colcon.colcon_core.package_identification:_identify(ros2_controllers/ros2_controllers) by extensions ['colcon_meta']
[0.500s] Level 1:colcon.colcon_core.package_identification:_identify(ros2_controllers/ros2_controllers) by extension 'colcon_meta'
[0.500s] Level 1:colcon.colcon_core.package_identification:_identify(ros2_controllers/ros2_controllers) by extensions ['ros']
[0.500s] Level 1:colcon.colcon_core.package_identification:_identify(ros2_controllers/ros2_controllers) by extension 'ros'
[0.500s] DEBUG:colcon.colcon_core.package_identification:Package 'ros2_controllers/ros2_controllers' with type 'ros.ament_cmake' and name 'ros2_controllers'
[0.500s] Level 1:colcon.colcon_core.package_identification:_identify(ros2_controllers/ros2_controllers_test_nodes) by extensions ['ignore', 'ignore_ament_install']
[0.500s] Level 1:colcon.colcon_core.package_identification:_identify(ros2_controllers/ros2_controllers_test_nodes) by extension 'ignore'
[0.500s] Level 1:colcon.colcon_core.package_identification:_identify(ros2_controllers/ros2_controllers_test_nodes) by extension 'ignore_ament_install'
[0.501s] Level 1:colcon.colcon_core.package_identification:_identify(ros2_controllers/ros2_controllers_test_nodes) by extensions ['colcon_pkg']
[0.501s] Level 1:colcon.colcon_core.package_identification:_identify(ros2_controllers/ros2_controllers_test_nodes) by extension 'colcon_pkg'
[0.501s] Level 1:colcon.colcon_core.package_identification:_identify(ros2_controllers/ros2_controllers_test_nodes) by extensions ['colcon_meta']
[0.501s] Level 1:colcon.colcon_core.package_identification:_identify(ros2_controllers/ros2_controllers_test_nodes) by extension 'colcon_meta'
[0.501s] Level 1:colcon.colcon_core.package_identification:_identify(ros2_controllers/ros2_controllers_test_nodes) by extensions ['ros']
[0.501s] Level 1:colcon.colcon_core.package_identification:_identify(ros2_controllers/ros2_controllers_test_nodes) by extension 'ros'
[0.501s] DEBUG:colcon.colcon_core.package_identification:Package 'ros2_controllers/ros2_controllers_test_nodes' with type 'ros.ament_python' and name 'ros2_controllers_test_nodes'
[0.501s] Level 1:colcon.colcon_core.package_identification:_identify(ros2_controllers/rqt_joint_trajectory_controller) by extensions ['ignore', 'ignore_ament_install']
[0.501s] Level 1:colcon.colcon_core.package_identification:_identify(ros2_controllers/rqt_joint_trajectory_controller) by extension 'ignore'
[0.501s] Level 1:colcon.colcon_core.package_identification:_identify(ros2_controllers/rqt_joint_trajectory_controller) by extension 'ignore_ament_install'
[0.501s] Level 1:colcon.colcon_core.package_identification:_identify(ros2_controllers/rqt_joint_trajectory_controller) by extensions ['colcon_pkg']
[0.501s] Level 1:colcon.colcon_core.package_identification:_identify(ros2_controllers/rqt_joint_trajectory_controller) by extension 'colcon_pkg'
[0.501s] Level 1:colcon.colcon_core.package_identification:_identify(ros2_controllers/rqt_joint_trajectory_controller) by extensions ['colcon_meta']
[0.501s] Level 1:colcon.colcon_core.package_identification:_identify(ros2_controllers/rqt_joint_trajectory_controller) by extension 'colcon_meta'
[0.501s] Level 1:colcon.colcon_core.package_identification:_identify(ros2_controllers/rqt_joint_trajectory_controller) by extensions ['ros']
[0.501s] Level 1:colcon.colcon_core.package_identification:_identify(ros2_controllers/rqt_joint_trajectory_controller) by extension 'ros'
[0.502s] DEBUG:colcon.colcon_core.package_identification:Package 'ros2_controllers/rqt_joint_trajectory_controller' with type 'ros.ament_python' and name 'rqt_joint_trajectory_controller'
[0.502s] Level 1:colcon.colcon_core.package_identification:_identify(ros2_controllers/steering_controllers_library) by extensions ['ignore', 'ignore_ament_install']
[0.502s] Level 1:colcon.colcon_core.package_identification:_identify(ros2_controllers/steering_controllers_library) by extension 'ignore'
[0.502s] Level 1:colcon.colcon_core.package_identification:_identify(ros2_controllers/steering_controllers_library) by extension 'ignore_ament_install'
[0.502s] Level 1:colcon.colcon_core.package_identification:_identify(ros2_controllers/steering_controllers_library) by extensions ['colcon_pkg']
[0.502s] Level 1:colcon.colcon_core.package_identification:_identify(ros2_controllers/steering_controllers_library) by extension 'colcon_pkg'
[0.502s] Level 1:colcon.colcon_core.package_identification:_identify(ros2_controllers/steering_controllers_library) by extensions ['colcon_meta']
[0.502s] Level 1:colcon.colcon_core.package_identification:_identify(ros2_controllers/steering_controllers_library) by extension 'colcon_meta'
[0.502s] Level 1:colcon.colcon_core.package_identification:_identify(ros2_controllers/steering_controllers_library) by extensions ['ros']
[0.502s] Level 1:colcon.colcon_core.package_identification:_identify(ros2_controllers/steering_controllers_library) by extension 'ros'
[0.503s] DEBUG:colcon.colcon_core.package_identification:Package 'ros2_controllers/steering_controllers_library' with type 'ros.ament_cmake' and name 'steering_controllers_library'
[0.503s] Level 1:colcon.colcon_core.package_identification:_identify(ros2_controllers/tricycle_controller) by extensions ['ignore', 'ignore_ament_install']
[0.503s] Level 1:colcon.colcon_core.package_identification:_identify(ros2_controllers/tricycle_controller) by extension 'ignore'
[0.503s] Level 1:colcon.colcon_core.package_identification:_identify(ros2_controllers/tricycle_controller) by extension 'ignore_ament_install'
[0.503s] Level 1:colcon.colcon_core.package_identification:_identify(ros2_controllers/tricycle_controller) by extensions ['colcon_pkg']
[0.503s] Level 1:colcon.colcon_core.package_identification:_identify(ros2_controllers/tricycle_controller) by extension 'colcon_pkg'
[0.503s] Level 1:colcon.colcon_core.package_identification:_identify(ros2_controllers/tricycle_controller) by extensions ['colcon_meta']
[0.503s] Level 1:colcon.colcon_core.package_identification:_identify(ros2_controllers/tricycle_controller) by extension 'colcon_meta'
[0.503s] Level 1:colcon.colcon_core.package_identification:_identify(ros2_controllers/tricycle_controller) by extensions ['ros']
[0.503s] Level 1:colcon.colcon_core.package_identification:_identify(ros2_controllers/tricycle_controller) by extension 'ros'
[0.503s] DEBUG:colcon.colcon_core.package_identification:Package 'ros2_controllers/tricycle_controller' with type 'ros.ament_cmake' and name 'tricycle_controller'
[0.504s] Level 1:colcon.colcon_core.package_identification:_identify(ros2_controllers/tricycle_steering_controller) by extensions ['ignore', 'ignore_ament_install']
[0.504s] Level 1:colcon.colcon_core.package_identification:_identify(ros2_controllers/tricycle_steering_controller) by extension 'ignore'
[0.504s] Level 1:colcon.colcon_core.package_identification:_identify(ros2_controllers/tricycle_steering_controller) by extension 'ignore_ament_install'
[0.504s] Level 1:colcon.colcon_core.package_identification:_identify(ros2_controllers/tricycle_steering_controller) by extensions ['colcon_pkg']
[0.504s] Level 1:colcon.colcon_core.package_identification:_identify(ros2_controllers/tricycle_steering_controller) by extension 'colcon_pkg'
[0.504s] Level 1:colcon.colcon_core.package_identification:_identify(ros2_controllers/tricycle_steering_controller) by extensions ['colcon_meta']
[0.504s] Level 1:colcon.colcon_core.package_identification:_identify(ros2_controllers/tricycle_steering_controller) by extension 'colcon_meta'
[0.504s] Level 1:colcon.colcon_core.package_identification:_identify(ros2_controllers/tricycle_steering_controller) by extensions ['ros']
[0.504s] Level 1:colcon.colcon_core.package_identification:_identify(ros2_controllers/tricycle_steering_controller) by extension 'ros'
[0.504s] DEBUG:colcon.colcon_core.package_identification:Package 'ros2_controllers/tricycle_steering_controller' with type 'ros.ament_cmake' and name 'tricycle_steering_controller'
[0.504s] Level 1:colcon.colcon_core.package_identification:_identify(ros2_controllers/velocity_controllers) by extensions ['ignore', 'ignore_ament_install']
[0.504s] Level 1:colcon.colcon_core.package_identification:_identify(ros2_controllers/velocity_controllers) by extension 'ignore'
[0.504s] Level 1:colcon.colcon_core.package_identification:_identify(ros2_controllers/velocity_controllers) by extension 'ignore_ament_install'
[0.504s] Level 1:colcon.colcon_core.package_identification:_identify(ros2_controllers/velocity_controllers) by extensions ['colcon_pkg']
[0.504s] Level 1:colcon.colcon_core.package_identification:_identify(ros2_controllers/velocity_controllers) by extension 'colcon_pkg'
[0.504s] Level 1:colcon.colcon_core.package_identification:_identify(ros2_controllers/velocity_controllers) by extensions ['colcon_meta']
[0.504s] Level 1:colcon.colcon_core.package_identification:_identify(ros2_controllers/velocity_controllers) by extension 'colcon_meta'
[0.504s] Level 1:colcon.colcon_core.package_identification:_identify(ros2_controllers/velocity_controllers) by extensions ['ros']
[0.504s] Level 1:colcon.colcon_core.package_identification:_identify(ros2_controllers/velocity_controllers) by extension 'ros'
[0.505s] DEBUG:colcon.colcon_core.package_identification:Package 'ros2_controllers/velocity_controllers' with type 'ros.ament_cmake' and name 'velocity_controllers'
[0.505s] Level 1:colcon.colcon_core.package_discovery:discover_packages(recursive) using defaults
[0.505s] Level 1:colcon.colcon_core.package_discovery:discover_packages(ignore) discover
[0.505s] Level 1:colcon.colcon_core.package_discovery:discover_packages(ignore) using defaults
[0.505s] Level 1:colcon.colcon_core.package_discovery:discover_packages(path) discover
[0.505s] Level 1:colcon.colcon_core.package_discovery:discover_packages(path) using defaults
[0.561s] INFO:colcon.colcon_core.package_selection:Skipping not selected package 'control_msgs' in 'control_msgs/control_msgs'
[0.561s] INFO:colcon.colcon_core.package_selection:Skipping not selected package 'controller_manager_msgs' in 'ros2_control/controller_manager_msgs'
[0.561s] INFO:colcon.colcon_core.package_selection:Skipping not selected package 'joint_limits' in 'ros2_control/joint_limits'
[0.561s] INFO:colcon.colcon_core.package_selection:Skipping not selected package 'kinematics_interface' in 'kinematics_interface/kinematics_interface'
[0.561s] INFO:colcon.colcon_core.package_selection:Skipping not selected package 'realtime_tools' in 'realtime_tools'
[0.561s] INFO:colcon.colcon_core.package_selection:Skipping not selected package 'ros2_control_cmake' in 'ros2_control_cmake/ros2_control_cmake'
[0.561s] INFO:colcon.colcon_core.package_selection:Skipping not selected package 'ros2_control_test_assets' in 'ros2_control/ros2_control_test_assets'
[0.561s] INFO:colcon.colcon_core.package_selection:Skipping not selected package 'ros2_controllers_test_nodes' in 'ros2_controllers/ros2_controllers_test_nodes'
[0.561s] INFO:colcon.colcon_core.package_selection:Skipping not selected package 'hardware_interface' in 'ros2_control/hardware_interface'
[0.561s] INFO:colcon.colcon_core.package_selection:Skipping not selected package 'kinematics_interface_kdl' in 'kinematics_interface/kinematics_interface_kdl'
[0.561s] INFO:colcon.colcon_core.package_selection:Skipping not selected package 'rqt_joint_trajectory_controller' in 'ros2_controllers/rqt_joint_trajectory_controller'
[0.561s] INFO:colcon.colcon_core.package_selection:Skipping not selected package 'controller_interface' in 'ros2_control/controller_interface'
[0.561s] INFO:colcon.colcon_core.package_selection:Skipping not selected package 'hardware_interface_testing' in 'ros2_control/hardware_interface_testing'
[0.561s] INFO:colcon.colcon_core.package_selection:Skipping not selected package 'transmission_interface' in 'ros2_control/transmission_interface'
[0.561s] INFO:colcon.colcon_core.package_selection:Skipping not selected package 'controller_manager' in 'ros2_control/controller_manager'
[0.561s] INFO:colcon.colcon_core.package_selection:Skipping not selected package 'admittance_controller' in 'ros2_controllers/admittance_controller'
[0.561s] INFO:colcon.colcon_core.package_selection:Skipping not selected package 'diff_drive_controller' in 'ros2_controllers/diff_drive_controller'
[0.561s] INFO:colcon.colcon_core.package_selection:Skipping not selected package 'force_torque_sensor_broadcaster' in 'ros2_controllers/force_torque_sensor_broadcaster'
[0.561s] INFO:colcon.colcon_core.package_selection:Skipping not selected package 'forward_command_controller' in 'ros2_controllers/forward_command_controller'
[0.561s] INFO:colcon.colcon_core.package_selection:Skipping not selected package 'gpio_controllers' in 'ros2_controllers/gpio_controllers'
[0.561s] INFO:colcon.colcon_core.package_selection:Skipping not selected package 'gripper_controllers' in 'ros2_controllers/gripper_controllers'
[0.561s] INFO:colcon.colcon_core.package_selection:Skipping not selected package 'imu_sensor_broadcaster' in 'ros2_controllers/imu_sensor_broadcaster'
[0.561s] INFO:colcon.colcon_core.package_selection:Skipping not selected package 'joint_state_broadcaster' in 'ros2_controllers/joint_state_broadcaster'
[0.561s] INFO:colcon.colcon_core.package_selection:Skipping not selected package 'joint_trajectory_controller' in 'ros2_controllers/joint_trajectory_controller'
[0.561s] INFO:colcon.colcon_core.package_selection:Skipping not selected package 'mecanum_drive_controller' in 'ros2_controllers/mecanum_drive_controller'
[0.561s] INFO:colcon.colcon_core.package_selection:Skipping not selected package 'pid_controller' in 'ros2_controllers/pid_controller'
[0.561s] INFO:colcon.colcon_core.package_selection:Skipping not selected package 'pose_broadcaster' in 'ros2_controllers/pose_broadcaster'
[0.561s] INFO:colcon.colcon_core.package_selection:Skipping not selected package 'range_sensor_broadcaster' in 'ros2_controllers/range_sensor_broadcaster'
[0.561s] INFO:colcon.colcon_core.package_selection:Skipping not selected package 'ros2controlcli' in 'ros2_control/ros2controlcli'
[0.561s] INFO:colcon.colcon_core.package_selection:Skipping not selected package 'rqt_controller_manager' in 'ros2_control/rqt_controller_manager'
[0.561s] INFO:colcon.colcon_core.package_selection:Skipping not selected package 'steering_controllers_library' in 'ros2_controllers/steering_controllers_library'
[0.561s] INFO:colcon.colcon_core.package_selection:Skipping not selected package 'tricycle_controller' in 'ros2_controllers/tricycle_controller'
[0.561s] INFO:colcon.colcon_core.package_selection:Skipping not selected package 'ackermann_steering_controller' in 'ros2_controllers/ackermann_steering_controller'
[0.561s] INFO:colcon.colcon_core.package_selection:Skipping not selected package 'bicycle_steering_controller' in 'ros2_controllers/bicycle_steering_controller'
[0.561s] INFO:colcon.colcon_core.package_selection:Skipping not selected package 'effort_controllers' in 'ros2_controllers/effort_controllers'
[0.561s] INFO:colcon.colcon_core.package_selection:Skipping not selected package 'position_controllers' in 'ros2_controllers/position_controllers'
[0.561s] INFO:colcon.colcon_core.package_selection:Skipping not selected package 'ros2_control' in 'ros2_control/ros2_control'
[0.561s] INFO:colcon.colcon_core.package_selection:Skipping not selected package 'tricycle_steering_controller' in 'ros2_controllers/tricycle_steering_controller'
[0.561s] INFO:colcon.colcon_core.package_selection:Skipping not selected package 'velocity_controllers' in 'ros2_controllers/velocity_controllers'
[0.561s] INFO:colcon.colcon_core.package_selection:Skipping not selected package 'ros2_controllers' in 'ros2_controllers/ros2_controllers'
[0.561s] Level 5:colcon.colcon_core.verb:set package 'filters' build argument 'cmake_args' from command line to '['-DCMAKE_EXE_LINKER_FLAGS=""', '-DCMAKE_SHARED_LINKER_FLAGS=""', '-DCMAKE_MODULE_LINKER_FLAGS=""']'
[0.561s] Level 5:colcon.colcon_core.verb:set package 'filters' build argument 'cmake_target' from command line to 'None'
[0.561s] Level 5:colcon.colcon_core.verb:set package 'filters' build argument 'cmake_target_skip_unavailable' from command line to 'False'
[0.561s] Level 5:colcon.colcon_core.verb:set package 'filters' build argument 'cmake_clean_cache' from command line to 'False'
[0.561s] Level 5:colcon.colcon_core.verb:set package 'filters' build argument 'cmake_clean_first' from command line to 'False'
[0.561s] Level 5:colcon.colcon_core.verb:set package 'filters' build argument 'cmake_force_configure' from command line to 'False'
[0.561s] Level 5:colcon.colcon_core.verb:set package 'filters' build argument 'ament_cmake_args' from command line to 'None'
[0.562s] Level 5:colcon.colcon_core.verb:set package 'filters' build argument 'catkin_cmake_args' from command line to 'None'
[0.562s] Level 5:colcon.colcon_core.verb:set package 'filters' build argument 'catkin_skip_building_tests' from command line to 'False'
[0.562s] DEBUG:colcon.colcon_core.verb:Building package 'filters' with the following arguments: {'ament_cmake_args': None, 'build_base': '/Users/dhruvpatel29/humble-ros2/src/ros2_control/build/filters', 'catkin_cmake_args': None, 'catkin_skip_building_tests': False, 'cmake_args': ['-DCMAKE_EXE_LINKER_FLAGS=""', '-DCMAKE_SHARED_LINKER_FLAGS=""', '-DCMAKE_MODULE_LINKER_FLAGS=""'], 'cmake_clean_cache': False, 'cmake_clean_first': False, 'cmake_force_configure': False, 'cmake_target': None, 'cmake_target_skip_unavailable': False, 'install_base': '/Users/dhruvpatel29/humble-ros2/src/ros2_control/install/filters', 'merge_install': False, 'path': '/Users/dhruvpatel29/humble-ros2/src/ros2_control/filters', 'symlink_install': True, 'test_result_base': None}
[0.562s] Level 5:colcon.colcon_core.verb:set package 'control_toolbox' build argument 'cmake_args' from command line to '['-DCMAKE_EXE_LINKER_FLAGS=""', '-DCMAKE_SHARED_LINKER_FLAGS=""', '-DCMAKE_MODULE_LINKER_FLAGS=""']'
[0.562s] Level 5:colcon.colcon_core.verb:set package 'control_toolbox' build argument 'cmake_target' from command line to 'None'
[0.562s] Level 5:colcon.colcon_core.verb:set package 'control_toolbox' build argument 'cmake_target_skip_unavailable' from command line to 'False'
[0.562s] Level 5:colcon.colcon_core.verb:set package 'control_toolbox' build argument 'cmake_clean_cache' from command line to 'False'
[0.562s] Level 5:colcon.colcon_core.verb:set package 'control_toolbox' build argument 'cmake_clean_first' from command line to 'False'
[0.562s] Level 5:colcon.colcon_core.verb:set package 'control_toolbox' build argument 'cmake_force_configure' from command line to 'False'
[0.562s] Level 5:colcon.colcon_core.verb:set package 'control_toolbox' build argument 'ament_cmake_args' from command line to 'None'
[0.562s] Level 5:colcon.colcon_core.verb:set package 'control_toolbox' build argument 'catkin_cmake_args' from command line to 'None'
[0.562s] Level 5:colcon.colcon_core.verb:set package 'control_toolbox' build argument 'catkin_skip_building_tests' from command line to 'False'
[0.562s] DEBUG:colcon.colcon_core.verb:Building package 'control_toolbox' with the following arguments: {'ament_cmake_args': None, 'build_base': '/Users/dhruvpatel29/humble-ros2/src/ros2_control/build/control_toolbox', 'catkin_cmake_args': None, 'catkin_skip_building_tests': False, 'cmake_args': ['-DCMAKE_EXE_LINKER_FLAGS=""', '-DCMAKE_SHARED_LINKER_FLAGS=""', '-DCMAKE_MODULE_LINKER_FLAGS=""'], 'cmake_clean_cache': False, 'cmake_clean_first': False, 'cmake_force_configure': False, 'cmake_target': None, 'cmake_target_skip_unavailable': False, 'install_base': '/Users/dhruvpatel29/humble-ros2/src/ros2_control/install/control_toolbox', 'merge_install': False, 'path': '/Users/dhruvpatel29/humble-ros2/src/ros2_control/control_toolbox', 'symlink_install': True, 'test_result_base': None}
[0.562s] INFO:colcon.colcon_core.executor:Executing jobs using 'parallel' executor
[0.563s] DEBUG:colcon.colcon_parallel_executor.executor.parallel:run_until_complete
[0.563s] INFO:colcon.colcon_ros.task.ament_cmake.build:Building ROS package in '/Users/dhruvpatel29/humble-ros2/src/ros2_control/filters' with build type 'ament_cmake'
[0.563s] INFO:colcon.colcon_cmake.task.cmake.build:Building CMake package in '/Users/dhruvpatel29/humble-ros2/src/ros2_control/filters'
[0.569s] INFO:colcon.colcon_core.plugin_system:Skipping extension 'colcon_core.shell.bat': Not used on non-Windows systems
[0.569s] INFO:colcon.colcon_core.shell:Skip shell extension 'powershell' for command environment: Not usable outside of PowerShell
[0.569s] DEBUG:colcon.colcon_core.shell:Skip shell extension 'dsv' for command environment
[0.594s] WARNING:colcon.colcon_ros.prefix_path.catkin:The path '/Users/dhruvpatel29/humble-ros2/src/ros-commondep/boost-1.74.0/' in the environment variable CMAKE_PREFIX_PATH doesn't exist
[0.927s] DEBUG:colcon.colcon_core.event_handler.log_command:Invoking command in '/Users/dhruvpatel29/humble-ros2/src/ros2_control/build/filters': CMAKE_PREFIX_PATH=/opt/homebrew/Cellar/google-benchmark/1.9.4:/Users/dhruvpatel29/humble-ros2/src/ros-commondep/boost:/Users/dhruvpatel29/humble-ros2/install/rosbag2_storage_mcap:/Users/dhruvpatel29/humble-ros2/install/rosbag2:/Users/dhruvpatel29/humble-ros2/install/rosbag2_compression_zstd:/Users/dhruvpatel29/humble-ros2/install/mcap_vendor:/Users/dhruvpatel29/humble-ros2/install/zstd_vendor:/Users/dhruvpatel29/humble-ros2/install/vision_msgs_rviz_plugins:/Users/dhruvpatel29/humble-ros2/install/test_ros_gz_bridge:/Users/dhruvpatel29/humble-ros2/install/sam_bot_description:/Users/dhruvpatel29/humble-ros2/install/rviz_visual_testing_framework:/Users/dhruvpatel29/humble-ros2/install/ros_ign:/Users/dhruvpatel29/humble-ros2/install/ros_ign_gazebo_demos:/Users/dhruvpatel29/humble-ros2/install/ros_gz:/Users/dhruvpatel29/humble-ros2/install/ros_gz_sim_demos:/Users/dhruvpatel29/humble-ros2/install/rviz2:/Users/dhruvpatel29/humble-ros2/install/nav2_rviz_plugins:/Users/dhruvpatel29/humble-ros2/install/rviz_default_plugins:/Users/dhruvpatel29/humble-ros2/install/rviz_common:/Users/dhruvpatel29/humble-ros2/install/rosbag2_py:/Users/dhruvpatel29/humble-ros2/install/rosbag2_transport:/Users/dhruvpatel29/humble-ros2/install/rosbag2_storage_default_plugins:/Users/dhruvpatel29/humble-ros2/install/rosbag2_performance_benchmarking:/Users/dhruvpatel29/humble-ros2/install/rosbag2_compression:/Users/dhruvpatel29/humble-ros2/install/rosbag2_cpp:/Users/dhruvpatel29/humble-ros2/install/rosbag2_storage:/Users/dhruvpatel29/humble-ros2/install/ros_ign_image:/Users/dhruvpatel29/humble-ros2/install/ros_ign_bridge:/Users/dhruvpatel29/humble-ros2/install/ros_gz_image:/Users/dhruvpatel29/humble-ros2/install/ros_gz_bridge:/Users/dhruvpatel29/humble-ros2/install/robot_localization:/Users/dhruvpatel29/humble-ros2/install/nav2_map_server:/Users/dhruvpatel29/humble-ros2/install/image_common:/Users/dhruvpatel29/humble-ros2/install/camera_info_manager:/Users/dhruvpatel29/humble-ros2/install/camera_calibration_parsers:/Users/dhruvpatel29/humble-ros2/install/yaml_cpp_vendor:/Users/dhruvpatel29/humble-ros2/install/moveit_resources_prbt_support:/Users/dhruvpatel29/humble-ros2/install/moveit_resources:/Users/dhruvpatel29/humble-ros2/install/moveit_resources_panda_moveit_config:/Users/dhruvpatel29/humble-ros2/install/moveit_resources_fanuc_moveit_config:/Users/dhruvpatel29/humble-ros2/install/xacro:/Users/dhruvpatel29/humble-ros2/install/warehouse_ros:/Users/dhruvpatel29/humble-ros2/install/moveit_task_constructor_msgs:/Users/dhruvpatel29/humble-ros2/install/interactive_markers:/Users/dhruvpatel29/humble-ros2/install/geometric_shapes:/Users/dhruvpatel29/humble-ros2/install/common_interfaces:/Users/dhruvpatel29/humble-ros2/install/visualization_msgs:/Users/dhruvpatel29/humble-ros2/install/vision_msgs:/Users/dhruvpatel29/humble-ros2/install/srdfdom:/Users/dhruvpatel29/humble-ros2/install/dummy_robot_bringup:/Users/dhruvpatel29/humble-ros2/install/robot_state_publisher:/Users/dhruvpatel29/humble-ros2/install/kinematics_interface_kdl:/Users/dhruvpatel29/humble-ros2/install/kdl_parser:/Users/dhruvpatel29/humble-ros2/install/joint_limits:/Users/dhruvpatel29/humble-ros2/install/urdf:/Users/dhruvpatel29/humble-ros2/install/urdfdom:/Users/dhruvpatel29/humble-ros2/install/urdf_parser_plugin:/Users/dhruvpatel29/humble-ros2/install/urdfdom_headers:/Users/dhruvpatel29/humble-ros2/install/turtlesim:/Users/dhruvpatel29/humble-ros2/install/transmission_interface:/Users/dhruvpatel29/humble-ros2/install/geometry2:/Users/dhruvpatel29/humble-ros2/install/tf2_sensor_msgs:/Users/dhruvpatel29/humble-ros2/install/test_tf2:/Users/dhruvpatel29/humble-ros2/install/tf2_kdl:/Users/dhruvpatel29/humble-ros2/install/nav_2d_utils:/Users/dhruvpatel29/humble-ros2/install/nav2_velocity_smoother:/Users/dhruvpatel29/humble-ros2/install/nav2_lifecycle_manager:/Users/dhruvpatel29/humble-ros2/install/nav2_amcl:/Users/dhruvpatel29/humble-ros2/install/nav2_util:/Users/dhruvpatel29/humble-ros2/install/tf2_geometry_msgs:/Users/dhruvpatel29/humble-ros2/install/tf2_eigen:/Users/dhruvpatel29/humble-ros2/install/tf2_bullet:/Users/dhruvpatel29/humble-ros2/install/tf2_ros:/Users/dhruvpatel29/humble-ros2/install/tf2_py:/Users/dhruvpatel29/humble-ros2/install/tf2_msgs:/Users/dhruvpatel29/humble-ros2/install/test_msgs:/Users/dhruvpatel29/humble-ros2/install/sros2_cmake:/Users/dhruvpatel29/humble-ros2/install/ros2cli_common_extensions:/Users/dhruvpatel29/humble-ros2/install/diagnostics:/Users/dhruvpatel29/humble-ros2/install/self_test:/Users/dhruvpatel29/humble-ros2/install/rqt_py_common:/Users/dhruvpatel29/humble-ros2/install/rosbag2_storage_mcap_testdata:/Users/dhruvpatel29/humble-ros2/install/ros_testing:/Users/dhruvpatel29/humble-ros2/install/ros2cli_test_interfaces:/Users/dhruvpatel29/humble-ros2/install/realtime_tools:/Users/dhruvpatel29/humble-ros2/install/quality_of_service_demo_cpp:/Users/dhruvpatel29/humble-ros2/install/nav2_common:/Users/dhruvpatel29/humble-ros2/install/image_transport:/Users/dhruvpatel29/humble-ros2/install/message_filters:/Users/dhruvpatel29/humble-ros2/install/demo_nodes_cpp:/Users/dhruvpatel29/humble-ros2/install/composition:/Users/dhruvpatel29/humble-ros2/install/laser_geometry:/Users/dhruvpatel29/humble-ros2/install/gps_tools:/Users/dhruvpatel29/humble-ros2/install/dynamixel_sdk_examples:/Users/dhruvpatel29/humble-ros2/install/diagnostic_common_diagnostics:/Users/dhruvpatel29/humble-ros2/install/diagnostic_updater:/Users/dhruvpatel29/humble-ros2/install/diagnostic_aggregator:/Users/dhruvpatel29/humble-ros2/install/rclpy:/Users/dhruvpatel29/humble-ros2/install/examples_rclcpp_minimal_action_server:/Users/dhruvpatel29/humble-ros2/install/examples_rclcpp_minimal_action_client:/Users/dhruvpatel29/humble-ros2/install/btcpp_ros2_samples:/Users/dhruvpatel29/humble-ros2/install/behaviortree_ros2:/Users/dhruvpatel29/humble-ros2/install/action_tutorials_cpp:/Users/dhruvpatel29/humble-ros2/install/rclcpp_action:/Users/dhruvpatel29/humble-ros2/install/rcl_action:/Users/dhruvpatel29/humble-ros2/install/moveit_msgs:/Users/dhruvpatel29/humble-ros2/install/object_recognition_msgs:/Users/dhruvpatel29/humble-ros2/install/nav2_msgs:/Users/dhruvpatel29/humble-ros2/install/nav2_dynamic_msgs:/Users/dhruvpatel29/humble-ros2/install/hardware_interface_testing:/Users/dhruvpatel29/humble-ros2/install/controller_interface:/Users/dhruvpatel29/humble-ros2/install/hardware_interface:/Users/dhruvpatel29/humble-ros2/install/geographic_info:/Users/dhruvpatel29/humble-ros2/install/geodesy:/Users/dhruvpatel29/humble-ros2/install/geographic_msgs:/Users/dhruvpatel29/humble-ros2/install/examples_rclcpp_wait_set:/Users/dhruvpatel29/humble-ros2/install/examples_rclcpp_minimal_service:/Users/dhruvpatel29/humble-ros2/install/examples_rclcpp_minimal_client:/Users/dhruvpatel29/humble-ros2/install/examples_rclcpp_async_client:/Users/dhruvpatel29/humble-ros2/install/example_interfaces:/Users/dhruvpatel29/humble-ros2/install/control_msgs:/Users/dhruvpatel29/humble-ros2/install/btcpp_ros2_interfaces:/Users/dhruvpatel29/humble-ros2/install/action_tutorials_interfaces:/Users/dhruvpatel29/humble-ros2/install/action_msgs:/Users/dhruvpatel29/humble-ros2/install/unique_identifier_msgs:/Users/dhruvpatel29/humble-ros2/install/ament_lint_common:/Users/dhruvpatel29/humble-ros2/install/ament_cmake_uncrustify:/Users/dhruvpatel29/humble-ros2/install/uncrustify_vendor:/Users/dhruvpatel29/humble-ros2/install/trajectory_msgs:/Users/dhruvpatel29/humble-ros2/install/topic_statistics_demo:/Users/dhruvpatel29/humble-ros2/install/test_tracetools:/Users/dhruvpatel29/humble-ros2/install/rosbag2_test_common:/Users/dhruvpatel29/humble-ros2/install/ros_ign_gazebo:/Users/dhruvpatel29/humble-ros2/install/ros_gz_sim:/Users/dhruvpatel29/humble-ros2/install/ros2lifecycle_test_fixtures:/Users/dhruvpatel29/humble-ros2/install/lifecycle:/Users/dhruvpatel29/humble-ros2/install/kinematics_interface:/Users/dhruvpatel29/humble-ros2/install/bond_core:/Users/dhruvpatel29/humble-ros2/install/bondcpp:/Users/dhruvpatel29/humble-ros2/install/rclcpp_lifecycle:/Users/dhruvpatel29/humble-ros2/install/logging_demo:/Users/dhruvpatel29/humble-ros2/install/image_tools:/Users/dhruvpatel29/humble-ros2/install/examples_rclcpp_minimal_subscriber:/Users/dhruvpatel29/humble-ros2/install/examples_rclcpp_minimal_composition:/Users/dhruvpatel29/humble-ros2/install/demo_nodes_cpp_native:/Users/dhruvpatel29/humble-ros2/install/rclcpp_components:/Users/dhruvpatel29/humble-ros2/install/nav2_voxel_grid:/Users/dhruvpatel29/humble-ros2/install/intra_process_demo:/Users/dhruvpatel29/humble-ros2/install/examples_rclcpp_multithreaded_executor:/Users/dhruvpatel29/humble-ros2/install/examples_rclcpp_minimal_timer:/Users/dhruvpatel29/humble-ros2/install/examples_rclcpp_minimal_publisher:/Users/dhruvpatel29/humble-ros2/install/examples_rclcpp_cbg_executor:/Users/dhruvpatel29/humble-ros2/install/dummy_sensors:/Users/dhruvpatel29/humble-ros2/install/dummy_map_server:/Users/dhruvpatel29/humble-ros2/install/behaviortree_cpp:/Users/dhruvpatel29/humble-ros2/install/rclcpp:/Users/dhruvpatel29/humble-ros2/install/rcl_lifecycle:/Users/dhruvpatel29/humble-ros2/install/libstatistics_collector:/Users/dhruvpatel29/humble-ros2/install/rcl:/Users/dhruvpatel29/humble-ros2/install/rmw_implementation:/Users/dhruvpatel29/humble-ros2/install/rmw_fastrtps_dynamic_cpp:/Users/dhruvpatel29/humble-ros2/install/rmw_fastrtps_cpp:/Users/dhruvpatel29/humble-ros2/install/rmw_fastrtps_shared_cpp:/Users/dhruvpatel29/humble-ros2/install/rmw_cyclonedds_cpp:/Users/dhruvpatel29/humble-ros2/install/tracetools:/Users/dhruvpatel29/humble-ros2/install/tinyxml_vendor:/Users/dhruvpatel29/humble-ros2/install/pluginlib:/Users/dhruvpatel29/humble-ros2/install/tinyxml2_vendor:/Users/dhruvpatel29/humble-ros2/install/tf2_eigen_kdl:/Users/dhruvpatel29/humble-ros2/install/tf2:/Users/dhruvpatel29/humble-ros2/install/test_security:/Users/dhruvpatel29/humble-ros2/install/test_rmw_implementation:/Users/dhruvpatel29/humble-ros2/install/test_rclcpp:/Users/dhruvpatel29/humble-ros2/install/test_quality_of_service:/Users/dhruvpatel29/humble-ros2/install/test_launch_testing:/Users/dhruvpatel29/humble-ros2/install/test_interface_files:/Users/dhruvpatel29/humble-ros2/install/test_communication:/Users/dhruvpatel29/humble-ros2/install/test_cli_remapping:/Users/dhruvpatel29/humble-ros2/install/test_cli:/Users/dhruvpatel29/humble-ros2/install/test_bond:/Users/dhruvpatel29/humble-ros2/install/qt_gui_core:/Users/dhruvpatel29/humble-ros2/install/qt_gui_app:/Users/dhruvpatel29/humble-ros2/install/qt_gui:/Users/dhruvpatel29/humble-ros2/install/tango_icons_vendor:/Users/dhruvpatel29/humble-ros2/install/stereo_msgs:/Users/dhruvpatel29/humble-ros2/install/std_srvs:/Users/dhruvpatel29/humble-ros2/install/shape_msgs:/Users/dhruvpatel29/humble-ros2/install/map_msgs:/Users/dhruvpatel29/humble-ros2/install/sensor_msgs:/Users/dhruvpatel29/humble-ros2/install/ros_ign_interfaces:/Users/dhruvpatel29/humble-ros2/install/ros_gz_interfaces:/Users/dhruvpatel29/humble-ros2/install/octomap_msgs:/Users/dhruvpatel29/humble-ros2/install/dwb_msgs:/Users/dhruvpatel29/humble-ros2/install/nav_msgs:/Users/dhruvpatel29/humble-ros2/install/nav_2d_msgs:/Users/dhruvpatel29/humble-ros2/install/graph_msgs:/Users/dhruvpatel29/humble-ros2/install/gps_msgs:/Users/dhruvpatel29/humble-ros2/install/diagnostic_msgs:/Users/dhruvpatel29/humble-ros2/install/geometry_msgs:/Users/dhruvpatel29/humble-ros2/install/bond:/Users/dhruvpatel29/humble-ros2/install/actuator_msgs:/Users/dhruvpatel29/humble-ros2/install/actionlib_msgs:/Users/dhruvpatel29/humble-ros2/install/ackermann_msgs:/Users/dhruvpatel29/humble-ros2/install/std_msgs:/Users/dhruvpatel29/humble-ros2/install/statistics_msgs:/Users/dhruvpatel29/humble-ros2/install/sqlite3_vendor:/Users/dhruvpatel29/humble-ros2/install/rcl_logging_spdlog:/Users/dhruvpatel29/humble-ros2/install/spdlog_vendor:/Users/dhruvpatel29/humble-ros2/install/smclib:/Users/dhruvpatel29/humble-ros2/install/shared_queues_vendor:/Users/dhruvpatel29/humble-ros2/install/rviz_rendering_tests:/Users/dhruvpatel29/humble-ros2/install/rviz_rendering:/Users/dhruvpatel29/humble-ros2/install/rviz_ogre_vendor:/Users/dhruvpatel29/humble-ros2/install/rviz_assimp_vendor:/Users/dhruvpatel29/humble-ros2/install/ruckig:/Users/dhruvpatel29/humble-ros2/install/rmw_connextddsmicro:/Users/dhruvpatel29/humble-ros2/install/rmw_connextdds:/Users/dhruvpatel29/humble-ros2/install/rmw_connextdds_common:/Users/dhruvpatel29/humble-ros2/install/rti_connext_dds_cmake_module:/Users/dhruvpatel29/humble-ros2/install/rosgraph_msgs:/Users/dhruvpatel29/humble-ros2/install/rosbag2_interfaces:/Users/dhruvpatel29/humble-ros2/install/rmw_dds_common:/Users/dhruvpatel29/humble-ros2/install/composition_interfaces:/Users/dhruvpatel29/humble-ros2/install/rcl_interfaces:/Users/dhruvpatel29/humble-ros2/install/pendulum_msgs:/Users/dhruvpatel29/humble-ros2/install/controller_manager_msgs:/Users/dhruvpatel29/humble-ros2/install/lifecycle_msgs:/Users/dhruvpatel29/humble-ros2/install/dynamixel_sdk_custom_interfaces:/Users/dhruvpatel29/humble-ros2/install/builtin_interfaces:/Users/dhruvpatel29/humble-ros2/install/rosidl_default_runtime:/Users/dhruvpatel29/humble-ros2/install/rosidl_default_generators:/Users/dhruvpatel29/humble-ros2/install/rosidl_generator_py:/Users/dhruvpatel29/humble-ros2/install/rosidl_typesupport_introspection_tests:/Users/dhruvpatel29/humble-ros2/install/rosidl_typesupport_cpp:/Users/dhruvpatel29/humble-ros2/install/rosidl_typesupport_introspection_cpp:/Users/dhruvpatel29/humble-ros2/install/rosidl_typesupport_c:/Users/dhruvpatel29/humble-ros2/install/rosidl_typesupport_introspection_c:/Users/dhruvpatel29/humble-ros2/install/rosidl_typesupport_fastrtps_c:/Users/dhruvpatel29/humble-ros2/install/rosidl_typesupport_fastrtps_cpp:/Users/dhruvpatel29/humble-ros2/install/rosidl_generator_cpp:/Users/dhruvpatel29/humble-ros2/install/rosidl_runtime_cpp:/Users/dhruvpatel29/humble-ros2/install/rcl_yaml_param_parser:/Users/dhruvpatel29/humble-ros2/install/rmw:/Users/dhruvpatel29/humble-ros2/install/rosidl_runtime_c:/Users/dhruvpatel29/humble-ros2/install/rosidl_generator_c:/Users/dhruvpatel29/humble-ros2/install/rosidl_typesupport_interface:/Users/dhruvpatel29/humble-ros2/install/rosidl_generator_dds_idl:/Users/dhruvpatel29/humble-ros2/install/rosidl_cmake:/Users/dhruvpatel29/humble-ros2/install/rosidl_parser:/Users/dhruvpatel29/humble-ros2/install/rosidl_adapter:/Users/dhruvpatel29/humble-ros2/install/rosbag2_tests:/Users/dhruvpatel29/humble-ros2/install/ros_environment:/Users/dhruvpatel29/humble-ros2/install/ros2_control_test_assets:/Users/dhruvpatel29/humble-ros2/install/ros2_control_cmake:/Users/dhruvpatel29/humble-ros2/install/rmw_implementation_cmake:/Users/dhruvpatel29/humble-ros2/install/resource_retriever:/Users/dhruvpatel29/humble-ros2/install/class_loader:/Users/dhruvpatel29/humble-ros2/install/rcpputils:/Users/dhruvpatel29/humble-ros2/install/rcl_logging_noop:/Users/dhruvpatel29/humble-ros2/install/rcl_logging_interface:/Users/dhruvpatel29/humble-ros2/install/rcutils:/Users/dhruvpatel29/humble-ros2/install/random_numbers:/Users/dhruvpatel29/humble-ros2/install/qt_gui_py_common:/Users/dhruvpatel29/humble-ros2/install/qt_dotgraph:/Users/dhruvpatel29/humble-ros2/install/python_qt_binding:/Users/dhruvpatel29/humble-ros2/install/python_orocos_kdl_vendor:/Users/dhruvpatel29/humble-ros2/install/launch_testing_ament_cmake:/Users/dhruvpatel29/humble-ros2/install/python_cmake_module:/Users/dhruvpatel29/humble-ros2/install/pybind11_vendor:/Users/dhruvpatel29/humble-ros2/install/performance_test_fixture:/Users/dhruvpatel29/humble-ros2/install/osrf_testing_tools_cpp:/Users/dhruvpatel29/humble-ros2/install/orocos_kdl_vendor:/Users/dhruvpatel29/humble-ros2/install/octomap-distribution:/Users/dhruvpatel29/humble-ros2/install/nav2_costmap_filters_demo:/Users/dhruvpatel29/humble-ros2/install/moveit_resources_pr2_description:/Users/dhruvpatel29/humble-ros2/install/moveit_resources_panda_description:/Users/dhruvpatel29/humble-ros2/install/moveit_resources_fanuc_description:/Users/dhruvpatel29/humble-ros2/install/moveit_common:/Users/dhruvpatel29/humble-ros2/install/mimick_vendor:/Users/dhruvpatel29/humble-ros2/install/libyaml_vendor:/Users/dhruvpatel29/humble-ros2/install/libcurl_vendor:/Users/dhruvpatel29/humble-ros2/install/keyboard_handler:/Users/dhruvpatel29/humble-ros2/install/iceoryx_introspection:/Users/dhruvpatel29/humble-ros2/install/cyclonedds:/Users/dhruvpatel29/humble-ros2/install/iceoryx_posh:/Users/dhruvpatel29/humble-ros2/install/iceoryx_hoofs:/Users/dhruvpatel29/humble-ros2/install/iceoryx_binding_c:/Users/dhruvpatel29/humble-ros2/install/gz-transport14:/Users/dhruvpatel29/humble-ros2/install/ament_cmake_ros:/Users/dhruvpatel29/humble-ros2/install/ament_cmake_auto:/Users/dhruvpatel29/humble-ros2/install/ament_cmake_gmock:/Users/dhruvpatel29/humble-ros2/install/gmock_vendor:/Users/dhruvpatel29/humble-ros2/install/ament_cmake_gtest:/Users/dhruvpatel29/humble-ros2/install/gtest_vendor:/Users/dhruvpatel29/humble-ros2/install/ament_cmake_google_benchmark:/Users/dhruvpatel29/humble-ros2/install/fastrtps:/Users/dhruvpatel29/humble-ros2/install/foonathan_memory_vendor:/Users/dhruvpatel29/humble-ros2/install/fastrtps_cmake_module:/Users/dhruvpatel29/humble-ros2/install/fastcdr:/Users/dhruvpatel29/humble-ros2/install/eigen_stl_containers:/Users/dhruvpatel29/humble-ros2/install/eigen3_cmake_module:/Users/dhruvpatel29/humble-ros2/install/dynamixel_sdk:/Users/dhruvpatel29/humble-ros2/install/diagnostic_remote_logging:/Users/dhruvpatel29/humble-ros2/install/console_bridge_vendor:/Users/dhruvpatel29/humble-ros2/install/ceres-solver:/Users/dhruvpatel29/humble-ros2/install/backward_ros:/Users/dhruvpatel29/humble-ros2/install/ament_cmake_xmllint:/Users/dhruvpatel29/humble-ros2/install/ament_cmake_pyflakes:/Users/dhruvpatel29/humble-ros2/install/ament_cmake_pycodestyle:/Users/dhruvpatel29/humble-ros2/install/ament_cmake_pep257:/Users/dhruvpatel29/humble-ros2/install/ament_cmake_pclint:/Users/dhruvpatel29/humble-ros2/install/ament_lint_auto:/Users/dhruvpatel29/humble-ros2/install/ament_cmake:/Users/dhruvpatel29/humble-ros2/install/ament_cmake_version:/Users/dhruvpatel29/humble-ros2/install/ament_cmake_vendor_package:/Users/dhruvpatel29/humble-ros2/install/ament_cmake_pytest:/Users/dhruvpatel29/humble-ros2/install/ament_cmake_nose:/Users/dhruvpatel29/humble-ros2/install/ament_cmake_mypy:/Users/dhruvpatel29/humble-ros2/install/ament_cmake_lint_cmake:/Users/dhruvpatel29/humble-ros2/install/ament_cmake_flake8:/Users/dhruvpatel29/humble-ros2/install/ament_cmake_cpplint:/Users/dhruvpatel29/humble-ros2/install/ament_cmake_cppcheck:/Users/dhruvpatel29/humble-ros2/install/ament_cmake_copyright:/Users/dhruvpatel29/humble-ros2/install/ament_cmake_clang_tidy:/Users/dhruvpatel29/humble-ros2/install/ament_cmake_clang_format:/Users/dhruvpatel29/humble-ros2/install/ament_cmake_test:/Users/dhruvpatel29/humble-ros2/install/ament_cmake_target_dependencies:/Users/dhruvpatel29/humble-ros2/install/ament_cmake_python:/Users/dhruvpatel29/humble-ros2/install/ament_cmake_export_dependencies:/Users/dhruvpatel29/humble-ros2/install/ament_cmake_libraries:/Users/dhruvpatel29/humble-ros2/install/ament_cmake_include_directories:/Users/dhruvpatel29/humble-ros2/install/ament_cmake_gen_version_h:/Users/dhruvpatel29/humble-ros2/install/ament_cmake_export_targets:/Users/dhruvpatel29/humble-ros2/install/ament_cmake_export_link_flags:/Users/dhruvpatel29/humble-ros2/install/ament_cmake_export_interfaces:/Users/dhruvpatel29/humble-ros2/install/ament_cmake_export_libraries:/Users/dhruvpatel29/humble-ros2/install/ament_cmake_export_include_directories:/Users/dhruvpatel29/humble-ros2/install/ament_cmake_export_definitions:/Users/dhruvpatel29/humble-ros2/install/ament_cmake_core:/Users/dhruvpatel29/humble-ros2/install/ament_index_cpp:/Users/dhruvpatel29/humble-ros2/install/GeographicLib:/Users/dhruvpatel29/ros2_ws/install/turtlesim_final:/Users/dhruvpatel29/ros2_ws/install/turtlecatch_bringup:/Users/dhruvpatel29/ros2_ws/install/turtlebot4_simulator:/Users/dhruvpatel29/ros2_ws/install/turtlebot4_ignition_bringup:/Users/dhruvpatel29/ros2_ws/install/turtlebot4_desktop:/Users/dhruvpatel29/ros2_ws/install/turtlebot4_viz:/Users/dhruvpatel29/ros2_ws/install/turtlebot4_node:/Users/dhruvpatel29/ros2_ws/install/turtlebot4_navigation:/Users/dhruvpatel29/ros2_ws/install/turtlebot4_ignition_toolbox:/Users/dhruvpatel29/ros2_ws/install/turtlebot4_msgs:/Users/dhruvpatel29/ros2_ws/install/turtlebot4_ignition_gui_plugins:/Users/dhruvpatel29/ros2_ws/install/turtlebot4_description:/Users/dhruvpatel29/ros2_ws/install/turtlebot3:/Users/dhruvpatel29/ros2_ws/install/turtlebot3_bringup:/Users/dhruvpatel29/ros2_ws/install/turtlebot3_node:/Users/dhruvpatel29/ros2_ws/install/turtlebot3_navigation2:/Users/dhruvpatel29/ros2_ws/install/turtlebot3_msgs:/Users/dhruvpatel29/ros2_ws/install/turtlebot3_description:/Users/dhruvpatel29/ros2_ws/install/turtlebot3_cartographer:/Users/dhruvpatel29/ros2_ws/install/robot_arm_controller:/Users/dhruvpatel29/ros2_ws/install/polygon_plugins:/Users/dhruvpatel29/ros2_ws/install/polygon_base:/Users/dhruvpatel29/ros2_ws/install/my_robot_station_bringup:/Users/dhruvpatel29/ros2_ws/install/my_robot_lifecycle_bringup:/Users/dhruvpatel29/ros2_ws/install/my_robot_bringup:/Users/dhruvpatel29/ros2_ws/install/my_cpp_pkg:/Users/dhruvpatel29/ros2_ws/install/actions_cpp:/Users/dhruvpatel29/ros2_ws/install/my_robot_interfaces:/Users/dhruvpatel29/ros2_ws/install/my_robot_bringup_gazebo:/Users/dhruvpatel29/ros2_ws/install/my_robot_description:/Users/dhruvpatel29/ros2_ws/install/moveit2_tutorials:/Users/dhruvpatel29/ros2_ws/install/lifecycle_cpp:/Users/dhruvpatel29/ros2_ws/install/irobot_create_ignition_sim:/Users/dhruvpatel29/ros2_ws/install/irobot_create_ignition_bringup:/Users/dhruvpatel29/ros2_ws/install/irobot_create_gazebo_sim:/Users/dhruvpatel29/ros2_ws/install/irobot_create_gazebo_bringup:/Users/dhruvpatel29/ros2_ws/install/irobot_create_common_bringup:/Users/dhruvpatel29/ros2_ws/install/irobot_create_nodes:/Users/dhruvpatel29/ros2_ws/install/irobot_create_ignition_toolbox:/Users/dhruvpatel29/ros2_ws/install/irobot_create_gazebo_plugins:/Users/dhruvpatel29/ros2_ws/install/irobot_create_toolbox:/Users/dhruvpatel29/ros2_ws/install/irobot_create_msgs:/Users/dhruvpatel29/ros2_ws/install/irobot_create_ignition_plugins:/Users/dhruvpatel29/ros2_ws/install/irobot_create_description:/Users/dhruvpatel29/ros2_ws/install/irobot_create_control:/Users/dhruvpatel29/ros2_ws/install/executors_cpp:/Users/dhruvpatel29/ros2_ws/install/components_cpp:/Users/dhruvpatel29/ros2_ws/install/add_two_ints_cpp:/Users/dhruvpatel29/backup_ros/humble-ros2/install/mcap_vendor:/Users/dhruvpatel29/backup_ros/humble-ros2/install/zstd_vendor:/Users/dhruvpatel29/backup_ros/humble-ros2/install/rviz_visual_testing_framework:/Users/dhruvpatel29/backup_ros/humble-ros2/install/rviz_common:/Users/dhruvpatel29/backup_ros/humble-ros2/install/rosbag2_storage:/Users/dhruvpatel29/backup_ros/humble-ros2/install/nav2_map_server:/Users/dhruvpatel29/backup_ros/humble-ros2/install/yaml_cpp_vendor:/Users/dhruvpatel29/backup_ros/humble-ros2/install/xtensor:/Users/dhruvpatel29/backup_ros/humble-ros2/install/xsimd:/Users/dhruvpatel29/backup_ros/humble-ros2/install/xtl:/Users/dhruvpatel29/backup_ros/humble-ros2/install/moveit_resources_prbt_support:/Users/dhruvpatel29/backup_ros/humble-ros2/install/moveit_resources_panda_moveit_config:/Users/dhruvpatel29/backup_ros/humble-ros2/install/moveit_resources_fanuc_moveit_config:/Users/dhruvpatel29/backup_ros/humble-ros2/install/xacro:/Users/dhruvpatel29/backup_ros/humble-ros2/install/warehouse_ros:/Users/dhruvpatel29/backup_ros/humble-ros2/install/interactive_markers:/Users/dhruvpatel29/backup_ros/humble-ros2/install/geometric_shapes:/Users/dhruvpatel29/backup_ros/humble-ros2/install/common_interfaces:/Users/dhruvpatel29/backup_ros/humble-ros2/install/visualization_msgs:/Users/dhruvpatel29/backup_ros/humble-ros2/install/vision_msgs:/Users/dhruvpatel29/backup_ros/humble-ros2/install/srdfdom:/Users/dhruvpatel29/backup_ros/humble-ros2/install/robot_state_publisher:/Users/dhruvpatel29/backup_ros/humble-ros2/install/kdl_parser:/Users/dhruvpatel29/backup_ros/humble-ros2/install/urdf:/Users/dhruvpatel29/backup_ros/humble-ros2/install/urdfdom:/Users/dhruvpatel29/backup_ros/humble-ros2/install/urdf_parser_plugin:/Users/dhruvpatel29/backup_ros/humble-ros2/install/urdfdom_headers:/Users/dhruvpatel29/backup_ros/humble-ros2/install/tf2_sensor_msgs:/Users/dhruvpatel29/backup_ros/humble-ros2/install/tf2_kdl:/Users/dhruvpatel29/backup_ros/humble-ros2/install/nav2_lifecycle_manager:/Users/dhruvpatel29/backup_ros/humble-ros2/install/nav2_util:/Users/dhruvpatel29/backup_ros/humble-ros2/install/tf2_geometry_msgs:/Users/dhruvpatel29/backup_ros/humble-ros2/install/tf2_eigen:/Users/dhruvpatel29/backup_ros/humble-ros2/install/tf2_ros:/Users/dhruvpatel29/backup_ros/humble-ros2/install/tf2_py:/Users/dhruvpatel29/backup_ros/humble-ros2/install/tf2_msgs:/Users/dhruvpatel29/backup_ros/humble-ros2/install/test_msgs:/Users/dhruvpatel29/backup_ros/humble-ros2/install/rqt_py_common:/Users/dhruvpatel29/backup_ros/humble-ros2/install/rosbag2_storage_mcap_testdata:/Users/dhruvpatel29/backup_ros/humble-ros2/install/ros_testing:/Users/dhruvpatel29/backup_ros/humble-ros2/install/controller_manager:/Users/dhruvpatel29/backup_ros/humble-ros2/install/ros2cli_test_interfaces:/Users/dhruvpatel29/backup_ros/humble-ros2/install/realtime_tools:/Users/dhruvpatel29/backup_ros/humble-ros2/install/nav2_common:/Users/dhruvpatel29/backup_ros/humble-ros2/install/image_transport:/Users/dhruvpatel29/backup_ros/humble-ros2/install/message_filters:/Users/dhruvpatel29/backup_ros/humble-ros2/install/laser_geometry:/Users/dhruvpatel29/backup_ros/humble-ros2/install/generate_parameter_library:/Users/dhruvpatel29/backup_ros/humble-ros2/install/diagnostic_updater:/Users/dhruvpatel29/backup_ros/humble-ros2/install/rclpy:/Users/dhruvpatel29/backup_ros/humble-ros2/install/rclcpp_action:/Users/dhruvpatel29/backup_ros/humble-ros2/install/rcl_action:/Users/dhruvpatel29/backup_ros/humble-ros2/install/moveit_msgs:/Users/dhruvpatel29/backup_ros/humble-ros2/install/object_recognition_msgs:/Users/dhruvpatel29/backup_ros/humble-ros2/install/nav2_msgs:/Users/dhruvpatel29/backup_ros/humble-ros2/install/hardware_interface_testing:/Users/dhruvpatel29/backup_ros/humble-ros2/install/controller_interface:/Users/dhruvpatel29/backup_ros/humble-ros2/install/hardware_interface:/Users/dhruvpatel29/backup_ros/humble-ros2/install/geographic_msgs:/Users/dhruvpatel29/backup_ros/humble-ros2/install/example_interfaces:/Users/dhruvpatel29/backup_ros/humble-ros2/install/control_msgs:/Users/dhruvpatel29/backup_ros/humble-ros2/install/btcpp_ros2_interfaces:/Users/dhruvpatel29/backup_ros/humble-ros2/install/action_tutorials_interfaces:/Users/dhruvpatel29/backup_ros/humble-ros2/install/action_msgs:/Users/dhruvpatel29/backup_ros/humble-ros2/install/unique_identifier_msgs:/Users/dhruvpatel29/backup_ros/humble-ros2/install/ament_lint_common:/Users/dhruvpatel29/backup_ros/humble-ros2/install/ament_cmake_uncrustify:/Users/dhruvpatel29/backup_ros/humble-ros2/install/uncrustify_vendor:/Users/dhruvpatel29/backup_ros/humble-ros2/install/trajectory_msgs:/Users/dhruvpatel29/backup_ros/humble-ros2/install/parameter_traits:/Users/dhruvpatel29/humble-ros2/install/rqt_bag_plugins:/Users/dhruvpatel29/humble-ros2/install/rqt_bag:/Users/dhruvpatel29/humble-ros2/install/launch_testing_examples:/Users/dhruvpatel29/humble-ros2/install/ros2bag:/Users/dhruvpatel29/humble-ros2/install/moveit_configs_utils:/Users/dhruvpatel29/humble-ros2/install/launch_param_builder:/Users/dhruvpatel29/humble-ros2/install/kf_hungarian_tracker:/Users/dhruvpatel29/humble-ros2/install/tracetools_test:/Users/dhruvpatel29/humble-ros2/install/tracetools_launch:/Users/dhruvpatel29/humble-ros2/install/topic_monitor:/Users/dhruvpatel29/humble-ros2/install/tf2_tools:/Users/dhruvpatel29/humble-ros2/install/examples_tf2_py:/Users/dhruvpatel29/humble-ros2/install/tf2_ros_py:/Users/dhruvpatel29/humble-ros2/install/sros2:/Users/dhruvpatel29/humble-ros2/install/rqt_topic:/Users/dhruvpatel29/humble-ros2/install/rqt_srv:/Users/dhruvpatel29/humble-ros2/install/rqt_shell:/Users/dhruvpatel29/humble-ros2/install/rqt_service_caller:/Users/dhruvpatel29/humble-ros2/install/rqt_reconfigure:/Users/dhruvpatel29/humble-ros2/install/rqt_py_console:/Users/dhruvpatel29/humble-ros2/install/rqt_publisher:/Users/dhruvpatel29/humble-ros2/install/rqt_plot:/Users/dhruvpatel29/humble-ros2/install/rqt_action:/Users/dhruvpatel29/humble-ros2/install/rqt_msg:/Users/dhruvpatel29/humble-ros2/install/rqt_console:/Users/dhruvpatel29/humble-ros2/install/rqt:/Users/dhruvpatel29/humble-ros2/install/rqt_joint_trajectory_controller:/Users/dhruvpatel29/humble-ros2/install/rqt_graph:/Users/dhruvpatel29/humble-ros2/install/rqt_gui_py:/Users/dhruvpatel29/humble-ros2/install/rqt_gui:/Users/dhruvpatel29/humble-ros2/install/ros2trace:/Users/dhruvpatel29/humble-ros2/install/ros2topic:/Users/dhruvpatel29/humble-ros2/install/ros2test:/Users/dhruvpatel29/humble-ros2/install/ros2component:/Users/dhruvpatel29/humble-ros2/install/ros2param:/Users/dhruvpatel29/humble-ros2/install/ros2lifecycle:/Users/dhruvpatel29/humble-ros2/install/ros2service:/Users/dhruvpatel29/humble-ros2/install/ros2run:/Users/dhruvpatel29/humble-ros2/install/ros2launch:/Users/dhruvpatel29/humble-ros2/install/ros2pkg:/Users/dhruvpatel29/humble-ros2/install/ros2node:/Users/dhruvpatel29/humble-ros2/install/ros2multicast:/Users/dhruvpatel29/humble-ros2/install/ros2interface:/Users/dhruvpatel29/humble-ros2/install/ros2doctor:/Users/dhruvpatel29/humble-ros2/install/ros2action:/Users/dhruvpatel29/humble-ros2/install/ros2cli:/Users/dhruvpatel29/humble-ros2/install/ros2_controllers_test_nodes:/Users/dhruvpatel29/humble-ros2/install/quality_of_service_demo_py:/Users/dhruvpatel29/humble-ros2/install/nav2_simple_commander:/Users/dhruvpatel29/humble-ros2/install/lifecycle_py:/Users/dhruvpatel29/humble-ros2/install/launch_testing_ros:/Users/dhruvpatel29/humble-ros2/install/launch_ros:/Users/dhruvpatel29/humble-ros2/install/examples_rclpy_pointcloud_publisher:/Users/dhruvpatel29/humble-ros2/install/examples_rclpy_minimal_subscriber:/Users/dhruvpatel29/humble-ros2/install/examples_rclpy_minimal_service:/Users/dhruvpatel29/humble-ros2/install/examples_rclpy_minimal_publisher:/Users/dhruvpatel29/humble-ros2/install/examples_rclpy_minimal_client:/Users/dhruvpatel29/humble-ros2/install/examples_rclpy_minimal_action_server:/Users/dhruvpatel29/humble-ros2/install/examples_rclpy_minimal_action_client:/Users/dhruvpatel29/humble-ros2/install/examples_rclpy_guard_conditions:/Users/dhruvpatel29/humble-ros2/install/examples_rclpy_executors:/Users/dhruvpatel29/humble-ros2/install/demo_nodes_py:/Users/dhruvpatel29/humble-ros2/install/camera_info_manager_py:/Users/dhruvpatel29/humble-ros2/install/bondpy:/Users/dhruvpatel29/humble-ros2/install/action_tutorials_py:/Users/dhruvpatel29/humble-ros2/install/ament_uncrustify:/Users/dhruvpatel29/humble-ros2/install/tracetools_trace:/Users/dhruvpatel29/humble-ros2/install/tracetools_read:/Users/dhruvpatel29/humble-ros2/install/test_tracetools_launch:/Users/dhruvpatel29/humble-ros2/install/test_launch_ros:/Users/dhruvpatel29/humble-ros2/install/sensor_msgs_py:/Users/dhruvpatel29/humble-ros2/install/rpyutils:/Users/dhruvpatel29/humble-ros2/install/rosidl_runtime_py:/Users/dhruvpatel29/humble-ros2/install/rosidl_cli:/Users/dhruvpatel29/humble-ros2/install/launch_pytest:/Users/dhruvpatel29/humble-ros2/install/launch_testing:/Users/dhruvpatel29/humble-ros2/install/launch_yaml:/Users/dhruvpatel29/humble-ros2/install/launch_xml:/Users/dhruvpatel29/humble-ros2/install/launch:/Users/dhruvpatel29/humble-ros2/install/osrf_pycommon:/Users/dhruvpatel29/humble-ros2/install/domain_coordinator:/Users/dhruvpatel29/humble-ros2/install/ament_xmllint:/Users/dhruvpatel29/humble-ros2/install/ament_pyflakes:/Users/dhruvpatel29/humble-ros2/install/ament_pycodestyle:/Users/dhruvpatel29/humble-ros2/install/ament_pep257:/Users/dhruvpatel29/humble-ros2/install/ament_pclint:/Users/dhruvpatel29/humble-ros2/install/ament_package:/Users/dhruvpatel29/humble-ros2/install/ament_mypy:/Users/dhruvpatel29/humble-ros2/install/ament_lint_cmake:/Users/dhruvpatel29/humble-ros2/install/ament_flake8:/Users/dhruvpatel29/humble-ros2/install/ament_copyright:/Users/dhruvpatel29/humble-ros2/install/ament_lint:/Users/dhruvpatel29/humble-ros2/install/ament_index_python:/Users/dhruvpatel29/humble-ros2/install/ament_cpplint:/Users/dhruvpatel29/humble-ros2/install/ament_cppcheck:/Users/dhruvpatel29/humble-ros2/install/ament_clang_tidy:/Users/dhruvpatel29/humble-ros2/install/ament_clang_format:/Users/dhruvpatel29/ros2_ws/install/turtlesim_catch_them_all:/Users/dhruvpatel29/ros2_ws/install/turtlebot3_teleop:/Users/dhruvpatel29/ros2_ws/install/turtlebot3_example:/Users/dhruvpatel29/ros2_ws/install/number_counter:/Users/dhruvpatel29/ros2_ws/install/my_py_pkg:/Users/dhruvpatel29/ros2_ws/install/actions_py:/Users/dhruvpatel29/ros2_ws/install/lifecycle_py:/Users/dhruvpatel29/ros2_ws/install/executors_py:/Users/dhruvpatel29/ros2_ws/install/components_py:/Users/dhruvpatel29/ros2_ws/install/add_two_ints:/Users/dhruvpatel29/backup_ros/humble-ros2/install/moveit_configs_utils:/Users/dhruvpatel29/backup_ros/humble-ros2/install/launch_param_builder:/Users/dhruvpatel29/backup_ros/humble-ros2/install/tf2_ros_py:/Users/dhruvpatel29/backup_ros/humble-ros2/install/rqt_gui_py:/Users/dhruvpatel29/backup_ros/humble-ros2/install/rqt_gui:/Users/dhruvpatel29/backup_ros/humble-ros2/install/ros2topic:/Users/dhruvpatel29/backup_ros/humble-ros2/install/ros2test:/Users/dhruvpatel29/backup_ros/humble-ros2/install/ros2param:/Users/dhruvpatel29/backup_ros/humble-ros2/install/ros2service:/Users/dhruvpatel29/backup_ros/humble-ros2/install/ros2run:/Users/dhruvpatel29/backup_ros/humble-ros2/install/ros2pkg:/Users/dhruvpatel29/backup_ros/humble-ros2/install/ros2node:/Users/dhruvpatel29/backup_ros/humble-ros2/install/ros2cli:/Users/dhruvpatel29/backup_ros/humble-ros2/install/launch_testing_ros:/Users/dhruvpatel29/backup_ros/humble-ros2/install/launch_ros:/Users/dhruvpatel29/backup_ros/humble-ros2/install/joint_state_publisher_gui:/Users/dhruvpatel29/backup_ros/humble-ros2/install/joint_state_publisher:/Users/dhruvpatel29/backup_ros/humble-ros2/install/ament_uncrustify:/Users/dhruvpatel29/backup_ros/humble-ros2/install/tracetools_trace:/Users/dhruvpatel29/backup_ros/humble-ros2/install/tracetools_read:/Users/dhruvpatel29/backup_ros/humble-ros2/install/sensor_msgs_py:/Users/dhruvpatel29/backup_ros/humble-ros2/install/rpyutils:/Users/dhruvpatel29/backup_ros/humble-ros2/install/rosidl_runtime_py:/Users/dhruvpatel29/backup_ros/humble-ros2/install/rosidl_cli:/Users/dhruvpatel29/backup_ros/humble-ros2/install/launch_pytest:/Users/dhruvpatel29/backup_ros/humble-ros2/install/launch_testing:/Users/dhruvpatel29/backup_ros/humble-ros2/install/launch_yaml:/Users/dhruvpatel29/backup_ros/humble-ros2/install/launch_xml:/Users/dhruvpatel29/backup_ros/humble-ros2/install/launch:/Users/dhruvpatel29/backup_ros/humble-ros2/install/osrf_pycommon:/Users/dhruvpatel29/backup_ros/humble-ros2/install/generate_parameter_library_py:/Users/dhruvpatel29/backup_ros/humble-ros2/install/domain_coordinator:/Users/dhruvpatel29/backup_ros/humble-ros2/install/ament_xmllint:/Users/dhruvpatel29/backup_ros/humble-ros2/install/ament_pyflakes:/Users/dhruvpatel29/backup_ros/humble-ros2/install/ament_pycodestyle:/Users/dhruvpatel29/backup_ros/humble-ros2/install/ament_pep257:/Users/dhruvpatel29/backup_ros/humble-ros2/install/ament_pclint:/Users/dhruvpatel29/backup_ros/humble-ros2/install/ament_package:/Users/dhruvpatel29/backup_ros/humble-ros2/install/ament_mypy:/Users/dhruvpatel29/backup_ros/humble-ros2/install/ament_lint_cmake:/Users/dhruvpatel29/backup_ros/humble-ros2/install/ament_flake8:/Users/dhruvpatel29/backup_ros/humble-ros2/install/ament_copyright:/Users/dhruvpatel29/backup_ros/humble-ros2/install/ament_lint:/Users/dhruvpatel29/backup_ros/humble-ros2/install/ament_index_python:/Users/dhruvpatel29/backup_ros/humble-ros2/install/ament_cpplint:/Users/dhruvpatel29/backup_ros/humble-ros2/install/ament_cppcheck:/Users/dhruvpatel29/backup_ros/humble-ros2/install/ament_clang_tidy:/Users/dhruvpatel29/backup_ros/humble-ros2/install/ament_clang_format:/Users/dhruvpatel29/backup_ros/humble-ros2/install/rsl:/Users/dhruvpatel29/backup_ros/humble-ros2/install/rosbag2_test_common:/Users/dhruvpatel29/backup_ros/humble-ros2/install/bondcpp:/Users/dhruvpatel29/backup_ros/humble-ros2/install/rclcpp_lifecycle:/Users/dhruvpatel29/backup_ros/humble-ros2/install/rclcpp_components:/Users/dhruvpatel29/backup_ros/humble-ros2/install/nav2_voxel_grid:/Users/dhruvpatel29/backup_ros/humble-ros2/install/rclcpp:/Users/dhruvpatel29/backup_ros/humble-ros2/install/rcl_lifecycle:/Users/dhruvpatel29/backup_ros/humble-ros2/install/libstatistics_collector:/Users/dhruvpatel29/backup_ros/humble-ros2/install/rcl:/Users/dhruvpatel29/backup_ros/humble-ros2/install/rmw_implementation:/Users/dhruvpatel29/backup_ros/humble-ros2/install/rmw_fastrtps_dynamic_cpp:/Users/dhruvpatel29/backup_ros/humble-ros2/install/rmw_fastrtps_cpp:/Users/dhruvpatel29/backup_ros/humble-ros2/install/rmw_fastrtps_shared_cpp:/Users/dhruvpatel29/backup_ros/humble-ros2/install/rmw_cyclonedds_cpp:/Users/dhruvpatel29/backup_ros/humble-ros2/install/tracetools:/Users/dhruvpatel29/backup_ros/humble-ros2/install/tl_expected:/Users/dhruvpatel29/backup_ros/humble-ros2/install/tinyxml_vendor:/Users/dhruvpatel29/backup_ros/humble-ros2/install/pluginlib:/Users/dhruvpatel29/backup_ros/humble-ros2/install/tinyxml2_vendor:/Users/dhruvpatel29/backup_ros/humble-ros2/install/tf2_eigen_kdl:/Users/dhruvpatel29/backup_ros/humble-ros2/install/tf2:/Users/dhruvpatel29/backup_ros/humble-ros2/install/test_rmw_implementation:/Users/dhruvpatel29/backup_ros/humble-ros2/install/test_launch_testing:/Users/dhruvpatel29/backup_ros/humble-ros2/install/test_interface_files:/Users/dhruvpatel29/backup_ros/humble-ros2/install/tcb_span:/Users/dhruvpatel29/backup_ros/humble-ros2/install/qt_gui_core:/Users/dhruvpatel29/backup_ros/humble-ros2/install/qt_gui_app:/Users/dhruvpatel29/backup_ros/humble-ros2/install/qt_gui:/Users/dhruvpatel29/backup_ros/humble-ros2/install/tango_icons_vendor:/Users/dhruvpatel29/backup_ros/humble-ros2/install/stereo_msgs:/Users/dhruvpatel29/backup_ros/humble-ros2/install/std_srvs:/Users/dhruvpatel29/backup_ros/humble-ros2/install/shape_msgs:/Users/dhruvpatel29/backup_ros/humble-ros2/install/map_msgs:/Users/dhruvpatel29/backup_ros/humble-ros2/install/cv_bridge:/Users/dhruvpatel29/backup_ros/humble-ros2/install/sensor_msgs:/Users/dhruvpatel29/backup_ros/humble-ros2/install/ros_gz_interfaces:/Users/dhruvpatel29/backup_ros/humble-ros2/install/octomap_msgs:/Users/dhruvpatel29/backup_ros/humble-ros2/install/nav_msgs:/Users/dhruvpatel29/backup_ros/humble-ros2/install/nav_2d_msgs:/Users/dhruvpatel29/backup_ros/humble-ros2/install/graph_msgs:/Users/dhruvpatel29/backup_ros/humble-ros2/install/gps_msgs:/Users/dhruvpatel29/backup_ros/humble-ros2/install/diagnostic_msgs:/Users/dhruvpatel29/backup_ros/humble-ros2/install/geometry_msgs:/Users/dhruvpatel29/backup_ros/humble-ros2/install/bond:/Users/dhruvpatel29/backup_ros/humble-ros2/install/actuator_msgs:/Users/dhruvpatel29/backup_ros/humble-ros2/install/actionlib_msgs:/Users/dhruvpatel29/backup_ros/humble-ros2/install/ackermann_msgs:/Users/dhruvpatel29/backup_ros/humble-ros2/install/std_msgs:/Users/dhruvpatel29/backup_ros/humble-ros2/install/statistics_msgs:/Users/dhruvpatel29/backup_ros/humble-ros2/install/sqlite3_vendor:/Users/dhruvpatel29/backup_ros/humble-ros2/install/rcl_logging_spdlog:/Users/dhruvpatel29/backup_ros/humble-ros2/install/spdlog_vendor:/Users/dhruvpatel29/backup_ros/humble-ros2/install/smclib:/Users/dhruvpatel29/backup_ros/humble-ros2/install/shared_queues_vendor:/Users/dhruvpatel29/backup_ros/humble-ros2/install/rviz_rendering_tests:/Users/dhruvpatel29/backup_ros/humble-ros2/install/rviz_rendering:/Users/dhruvpatel29/backup_ros/humble-ros2/install/rviz_ogre_vendor:/Users/dhruvpatel29/backup_ros/humble-ros2/install/rviz_assimp_vendor:/Users/dhruvpatel29/backup_ros/humble-ros2/install/ruckig:/Users/dhruvpatel29/backup_ros/humble-ros2/install/rmw_connextddsmicro:/Users/dhruvpatel29/backup_ros/humble-ros2/install/rmw_connextdds:/Users/dhruvpatel29/backup_ros/humble-ros2/install/rmw_connextdds_common:/Users/dhruvpatel29/backup_ros/humble-ros2/install/rti_connext_dds_cmake_module:/Users/dhruvpatel29/backup_ros/humble-ros2/install/rosgraph_msgs:/Users/dhruvpatel29/backup_ros/humble-ros2/install/rosbag2_interfaces:/Users/dhruvpatel29/backup_ros/humble-ros2/install/rmw_dds_common:/Users/dhruvpatel29/backup_ros/humble-ros2/install/composition_interfaces:/Users/dhruvpatel29/backup_ros/humble-ros2/install/rcl_interfaces:/Users/dhruvpatel29/backup_ros/humble-ros2/install/pendulum_msgs:/Users/dhruvpatel29/backup_ros/humble-ros2/install/controller_manager_msgs:/Users/dhruvpatel29/backup_ros/humble-ros2/install/lifecycle_msgs:/Users/dhruvpatel29/backup_ros/humble-ros2/install/dynamixel_sdk_custom_interfaces:/Users/dhruvpatel29/backup_ros/humble-ros2/install/builtin_interfaces:/Users/dhruvpatel29/backup_ros/humble-ros2/install/rosidl_default_runtime:/Users/dhruvpatel29/backup_ros/humble-ros2/install/rosidl_default_generators:/Users/dhruvpatel29/backup_ros/humble-ros2/install/rosidl_generator_py:/Users/dhruvpatel29/backup_ros/humble-ros2/install/rosidl_typesupport_introspection_tests:/Users/dhruvpatel29/backup_ros/humble-ros2/install/rosidl_typesupport_cpp:/Users/dhruvpatel29/backup_ros/humble-ros2/install/rosidl_typesupport_introspection_cpp:/Users/dhruvpatel29/backup_ros/humble-ros2/install/rosidl_typesupport_c:/Users/dhruvpatel29/backup_ros/humble-ros2/install/rosidl_typesupport_introspection_c:/Users/dhruvpatel29/backup_ros/humble-ros2/install/rosidl_typesupport_fastrtps_c:/Users/dhruvpatel29/backup_ros/humble-ros2/install/rosidl_typesupport_fastrtps_cpp:/Users/dhruvpatel29/backup_ros/humble-ros2/install/rosidl_generator_cpp:/Users/dhruvpatel29/backup_ros/humble-ros2/install/rosidl_runtime_cpp:/Users/dhruvpatel29/backup_ros/humble-ros2/install/rcl_yaml_param_parser:/Users/dhruvpatel29/backup_ros/humble-ros2/install/rmw:/Users/dhruvpatel29/backup_ros/humble-ros2/install/rosidl_runtime_c:/Users/dhruvpatel29/backup_ros/humble-ros2/install/rosidl_generator_c:/Users/dhruvpatel29/backup_ros/humble-ros2/install/rosidl_typesupport_interface:/Users/dhruvpatel29/backup_ros/humble-ros2/install/rosidl_generator_dds_idl:/Users/dhruvpatel29/backup_ros/humble-ros2/install/rosidl_cmake:/Users/dhruvpatel29/backup_ros/humble-ros2/install/rosidl_parser:/Users/dhruvpatel29/backup_ros/humble-ros2/install/rosidl_adapter:/Users/dhruvpatel29/backup_ros/humble-ros2/install/ros_environment:/Users/dhruvpatel29/backup_ros/humble-ros2/install/ros2_control_test_assets:/Users/dhruvpatel29/backup_ros/humble-ros2/install/ros2_control_cmake:/Users/dhruvpatel29/backup_ros/humble-ros2/install/rmw_implementation_cmake:/Users/dhruvpatel29/backup_ros/humble-ros2/install/resource_retriever:/Users/dhruvpatel29/backup_ros/humble-ros2/install/class_loader:/Users/dhruvpatel29/backup_ros/humble-ros2/install/rcpputils:/Users/dhruvpatel29/backup_ros/humble-ros2/install/rcl_logging_noop:/Users/dhruvpatel29/backup_ros/humble-ros2/install/rcl_logging_interface:/Users/dhruvpatel29/backup_ros/humble-ros2/install/rcutils:/Users/dhruvpatel29/backup_ros/humble-ros2/install/random_numbers:/Users/dhruvpatel29/backup_ros/humble-ros2/install/qt_gui_py_common:/Users/dhruvpatel29/backup_ros/humble-ros2/install/qt_dotgraph:/Users/dhruvpatel29/backup_ros/humble-ros2/install/python_qt_binding:/Users/dhruvpatel29/backup_ros/humble-ros2/install/python_orocos_kdl_vendor:/Users/dhruvpatel29/backup_ros/humble-ros2/install/launch_testing_ament_cmake:/Users/dhruvpatel29/backup_ros/humble-ros2/install/python_cmake_module:/Users/dhruvpatel29/backup_ros/humble-ros2/install/pybind11_vendor:/Users/dhruvpatel29/backup_ros/humble-ros2/install/performance_test_fixture:/Users/dhruvpatel29/backup_ros/humble-ros2/install/osrf_testing_tools_cpp:/Users/dhruvpatel29/backup_ros/humble-ros2/install/orocos_kdl_vendor:/Users/dhruvpatel29/backup_ros/humble-ros2/install/dynamic_edt_3d:/Users/dhruvpatel29/backup_ros/humble-ros2/install/octomap:/Users/dhruvpatel29/backup_ros/humble-ros2/install/nav2_costmap_filters_demo:/Users/dhruvpatel29/backup_ros/humble-ros2/install/moveit_resources_pr2_description:/Users/dhruvpatel29/backup_ros/humble-ros2/install/moveit_resources_panda_description:/Users/dhruvpatel29/backup_ros/humble-ros2/install/moveit_resources_fanuc_description:/Users/dhruvpatel29/backup_ros/humble-ros2/install/moveit_common:/Users/dhruvpatel29/backup_ros/humble-ros2/install/mimick_vendor:/Users/dhruvpatel29/backup_ros/humble-ros2/install/libyaml_vendor:/Users/dhruvpatel29/backup_ros/humble-ros2/install/libcurl_vendor:/Users/dhruvpatel29/backup_ros/humble-ros2/install/keyboard_handler:/Users/dhruvpatel29/backup_ros/humble-ros2/install/ignition-transport11:/Users/dhruvpatel29/backup_ros/humble-ros2/install/iceoryx_introspection:/Users/dhruvpatel29/backup_ros/humble-ros2/install/cyclonedds:/Users/dhruvpatel29/backup_ros/humble-ros2/install/iceoryx_posh:/Users/dhruvpatel29/backup_ros/humble-ros2/install/iceoryx_hoofs:/Users/dhruvpatel29/backup_ros/humble-ros2/install/iceoryx_binding_c:/Users/dhruvpatel29/backup_ros/humble-ros2/install/ament_cmake_ros:/Users/dhruvpatel29/backup_ros/humble-ros2/install/ament_cmake_auto:/Users/dhruvpatel29/backup_ros/humble-ros2/install/ament_cmake_gmock:/Users/dhruvpatel29/backup_ros/humble-ros2/install/gmock_vendor:/Users/dhruvpatel29/backup_ros/humble-ros2/install/ament_cmake_gtest:/Users/dhruvpatel29/backup_ros/humble-ros2/install/gtest_vendor:/Users/dhruvpatel29/backup_ros/humble-ros2/install/ament_cmake_google_benchmark:/Users/dhruvpatel29/backup_ros/humble-ros2/install/fastrtps:/Users/dhruvpatel29/backup_ros/humble-ros2/install/foonathan_memory_vendor:/Users/dhruvpatel29/backup_ros/humble-ros2/install/fastrtps_cmake_module:/Users/dhruvpatel29/backup_ros/humble-ros2/install/fastcdr:/Users/dhruvpatel29/backup_ros/humble-ros2/install/eigen_stl_containers:/Users/dhruvpatel29/backup_ros/humble-ros2/install/eigen3_cmake_module:/Users/dhruvpatel29/backup_ros/humble-ros2/install/dynamixel_sdk:/Users/dhruvpatel29/backup_ros/humble-ros2/install/console_bridge_vendor:/Users/dhruvpatel29/backup_ros/humble-ros2/install/ceres-solver-vendor:/Users/dhruvpatel29/backup_ros/humble-ros2/install/backward_ros:/Users/dhruvpatel29/backup_ros/humble-ros2/install/angles:/Users/dhruvpatel29/backup_ros/humble-ros2/install/ament_cmake_xmllint:/Users/dhruvpatel29/backup_ros/humble-ros2/install/ament_cmake_pyflakes:/Users/dhruvpatel29/backup_ros/humble-ros2/install/ament_cmake_pycodestyle:/Users/dhruvpatel29/backup_ros/humble-ros2/install/ament_cmake_pep257:/Users/dhruvpatel29/backup_ros/humble-ros2/install/ament_cmake_pclint:/Users/dhruvpatel29/backup_ros/humble-ros2/install/ament_lint_auto:/Users/dhruvpatel29/backup_ros/humble-ros2/install/ament_cmake:/Users/dhruvpatel29/backup_ros/humble-ros2/install/ament_cmake_version:/Users/dhruvpatel29/backup_ros/humble-ros2/install/ament_cmake_vendor_package:/Users/dhruvpatel29/backup_ros/humble-ros2/install/ament_cmake_pytest:/Users/dhruvpatel29/backup_ros/humble-ros2/install/ament_cmake_nose:/Users/dhruvpatel29/backup_ros/humble-ros2/install/ament_cmake_mypy:/Users/dhruvpatel29/backup_ros/humble-ros2/install/ament_cmake_lint_cmake:/Users/dhruvpatel29/backup_ros/humble-ros2/install/ament_cmake_flake8:/Users/dhruvpatel29/backup_ros/humble-ros2/install/ament_cmake_cpplint:/Users/dhruvpatel29/backup_ros/humble-ros2/install/ament_cmake_cppcheck:/Users/dhruvpatel29/backup_ros/humble-ros2/install/ament_cmake_copyright:/Users/dhruvpatel29/backup_ros/humble-ros2/install/ament_cmake_clang_tidy:/Users/dhruvpatel29/backup_ros/humble-ros2/install/ament_cmake_clang_format:/Users/dhruvpatel29/backup_ros/humble-ros2/install/ament_cmake_test:/Users/dhruvpatel29/backup_ros/humble-ros2/install/ament_cmake_target_dependencies:/Users/dhruvpatel29/backup_ros/humble-ros2/install/ament_cmake_python:/Users/dhruvpatel29/backup_ros/humble-ros2/install/ament_cmake_export_dependencies:/Users/dhruvpatel29/backup_ros/humble-ros2/install/ament_cmake_libraries:/Users/dhruvpatel29/backup_ros/humble-ros2/install/ament_cmake_include_directories:/Users/dhruvpatel29/backup_ros/humble-ros2/install/ament_cmake_gen_version_h:/Users/dhruvpatel29/backup_ros/humble-ros2/install/ament_cmake_export_targets:/Users/dhruvpatel29/backup_ros/humble-ros2/install/ament_cmake_export_link_flags:/Users/dhruvpatel29/backup_ros/humble-ros2/install/ament_cmake_export_interfaces:/Users/dhruvpatel29/backup_ros/humble-ros2/install/ament_cmake_export_libraries:/Users/dhruvpatel29/backup_ros/humble-ros2/install/ament_cmake_export_include_directories:/Users/dhruvpatel29/backup_ros/humble-ros2/install/ament_cmake_export_definitions:/Users/dhruvpatel29/backup_ros/humble-ros2/install/ament_cmake_core:/Users/dhruvpatel29/backup_ros/humble-ros2/install/ament_index_cpp:/Users/dhruvpatel29/backup_ros/humble-ros2/install/GeographicLib:/opt/homebrew/Cellar/google-benchmark/1.9.4:/Users/dhruvpatel29/humble-ros2/src/ros-commondep/boost-1.74.0/::/opt/homebrew/opt/qt@5:/opt/homebrew/opt/qt@5 SHLVL=2 _=/usr/bin/env /opt/homebrew/bin/cmake /Users/dhruvpatel29/humble-ros2/src/ros2_control/filters -DCMAKE_EXE_LINKER_FLAGS="" -DCMAKE_SHARED_LINKER_FLAGS="" -DCMAKE_MODULE_LINKER_FLAGS="" -DAMENT_CMAKE_SYMLINK_INSTALL=1 -DCMAKE_INSTALL_PREFIX=/Users/dhruvpatel29/humble-ros2/src/ros2_control/install/filters
[25.568s] DEBUG:colcon.colcon_core.event_handler.log_command:Invoked command in '/Users/dhruvpatel29/humble-ros2/src/ros2_control/build/filters' returned '0': CMAKE_PREFIX_PATH=/opt/homebrew/Cellar/google-benchmark/1.9.4:/Users/dhruvpatel29/humble-ros2/src/ros-commondep/boost:/Users/dhruvpatel29/humble-ros2/install/rosbag2_storage_mcap:/Users/dhruvpatel29/humble-ros2/install/rosbag2:/Users/dhruvpatel29/humble-ros2/install/rosbag2_compression_zstd:/Users/dhruvpatel29/humble-ros2/install/mcap_vendor:/Users/dhruvpatel29/humble-ros2/install/zstd_vendor:/Users/dhruvpatel29/humble-ros2/install/vision_msgs_rviz_plugins:/Users/dhruvpatel29/humble-ros2/install/test_ros_gz_bridge:/Users/dhruvpatel29/humble-ros2/install/sam_bot_description:/Users/dhruvpatel29/humble-ros2/install/rviz_visual_testing_framework:/Users/dhruvpatel29/humble-ros2/install/ros_ign:/Users/dhruvpatel29/humble-ros2/install/ros_ign_gazebo_demos:/Users/dhruvpatel29/humble-ros2/install/ros_gz:/Users/dhruvpatel29/humble-ros2/install/ros_gz_sim_demos:/Users/dhruvpatel29/humble-ros2/install/rviz2:/Users/dhruvpatel29/humble-ros2/install/nav2_rviz_plugins:/Users/dhruvpatel29/humble-ros2/install/rviz_default_plugins:/Users/dhruvpatel29/humble-ros2/install/rviz_common:/Users/dhruvpatel29/humble-ros2/install/rosbag2_py:/Users/dhruvpatel29/humble-ros2/install/rosbag2_transport:/Users/dhruvpatel29/humble-ros2/install/rosbag2_storage_default_plugins:/Users/dhruvpatel29/humble-ros2/install/rosbag2_performance_benchmarking:/Users/dhruvpatel29/humble-ros2/install/rosbag2_compression:/Users/dhruvpatel29/humble-ros2/install/rosbag2_cpp:/Users/dhruvpatel29/humble-ros2/install/rosbag2_storage:/Users/dhruvpatel29/humble-ros2/install/ros_ign_image:/Users/dhruvpatel29/humble-ros2/install/ros_ign_bridge:/Users/dhruvpatel29/humble-ros2/install/ros_gz_image:/Users/dhruvpatel29/humble-ros2/install/ros_gz_bridge:/Users/dhruvpatel29/humble-ros2/install/robot_localization:/Users/dhruvpatel29/humble-ros2/install/nav2_map_server:/Users/dhruvpatel29/humble-ros2/install/image_common:/Users/dhruvpatel29/humble-ros2/install/camera_info_manager:/Users/dhruvpatel29/humble-ros2/install/camera_calibration_parsers:/Users/dhruvpatel29/humble-ros2/install/yaml_cpp_vendor:/Users/dhruvpatel29/humble-ros2/install/moveit_resources_prbt_support:/Users/dhruvpatel29/humble-ros2/install/moveit_resources:/Users/dhruvpatel29/humble-ros2/install/moveit_resources_panda_moveit_config:/Users/dhruvpatel29/humble-ros2/install/moveit_resources_fanuc_moveit_config:/Users/dhruvpatel29/humble-ros2/install/xacro:/Users/dhruvpatel29/humble-ros2/install/warehouse_ros:/Users/dhruvpatel29/humble-ros2/install/moveit_task_constructor_msgs:/Users/dhruvpatel29/humble-ros2/install/interactive_markers:/Users/dhruvpatel29/humble-ros2/install/geometric_shapes:/Users/dhruvpatel29/humble-ros2/install/common_interfaces:/Users/dhruvpatel29/humble-ros2/install/visualization_msgs:/Users/dhruvpatel29/humble-ros2/install/vision_msgs:/Users/dhruvpatel29/humble-ros2/install/srdfdom:/Users/dhruvpatel29/humble-ros2/install/dummy_robot_bringup:/Users/dhruvpatel29/humble-ros2/install/robot_state_publisher:/Users/dhruvpatel29/humble-ros2/install/kinematics_interface_kdl:/Users/dhruvpatel29/humble-ros2/install/kdl_parser:/Users/dhruvpatel29/humble-ros2/install/joint_limits:/Users/dhruvpatel29/humble-ros2/install/urdf:/Users/dhruvpatel29/humble-ros2/install/urdfdom:/Users/dhruvpatel29/humble-ros2/install/urdf_parser_plugin:/Users/dhruvpatel29/humble-ros2/install/urdfdom_headers:/Users/dhruvpatel29/humble-ros2/install/turtlesim:/Users/dhruvpatel29/humble-ros2/install/transmission_interface:/Users/dhruvpatel29/humble-ros2/install/geometry2:/Users/dhruvpatel29/humble-ros2/install/tf2_sensor_msgs:/Users/dhruvpatel29/humble-ros2/install/test_tf2:/Users/dhruvpatel29/humble-ros2/install/tf2_kdl:/Users/dhruvpatel29/humble-ros2/install/nav_2d_utils:/Users/dhruvpatel29/humble-ros2/install/nav2_velocity_smoother:/Users/dhruvpatel29/humble-ros2/install/nav2_lifecycle_manager:/Users/dhruvpatel29/humble-ros2/install/nav2_amcl:/Users/dhruvpatel29/humble-ros2/install/nav2_util:/Users/dhruvpatel29/humble-ros2/install/tf2_geometry_msgs:/Users/dhruvpatel29/humble-ros2/install/tf2_eigen:/Users/dhruvpatel29/humble-ros2/install/tf2_bullet:/Users/dhruvpatel29/humble-ros2/install/tf2_ros:/Users/dhruvpatel29/humble-ros2/install/tf2_py:/Users/dhruvpatel29/humble-ros2/install/tf2_msgs:/Users/dhruvpatel29/humble-ros2/install/test_msgs:/Users/dhruvpatel29/humble-ros2/install/sros2_cmake:/Users/dhruvpatel29/humble-ros2/install/ros2cli_common_extensions:/Users/dhruvpatel29/humble-ros2/install/diagnostics:/Users/dhruvpatel29/humble-ros2/install/self_test:/Users/dhruvpatel29/humble-ros2/install/rqt_py_common:/Users/dhruvpatel29/humble-ros2/install/rosbag2_storage_mcap_testdata:/Users/dhruvpatel29/humble-ros2/install/ros_testing:/Users/dhruvpatel29/humble-ros2/install/ros2cli_test_interfaces:/Users/dhruvpatel29/humble-ros2/install/realtime_tools:/Users/dhruvpatel29/humble-ros2/install/quality_of_service_demo_cpp:/Users/dhruvpatel29/humble-ros2/install/nav2_common:/Users/dhruvpatel29/humble-ros2/install/image_transport:/Users/dhruvpatel29/humble-ros2/install/message_filters:/Users/dhruvpatel29/humble-ros2/install/demo_nodes_cpp:/Users/dhruvpatel29/humble-ros2/install/composition:/Users/dhruvpatel29/humble-ros2/install/laser_geometry:/Users/dhruvpatel29/humble-ros2/install/gps_tools:/Users/dhruvpatel29/humble-ros2/install/dynamixel_sdk_examples:/Users/dhruvpatel29/humble-ros2/install/diagnostic_common_diagnostics:/Users/dhruvpatel29/humble-ros2/install/diagnostic_updater:/Users/dhruvpatel29/humble-ros2/install/diagnostic_aggregator:/Users/dhruvpatel29/humble-ros2/install/rclpy:/Users/dhruvpatel29/humble-ros2/install/examples_rclcpp_minimal_action_server:/Users/dhruvpatel29/humble-ros2/install/examples_rclcpp_minimal_action_client:/Users/dhruvpatel29/humble-ros2/install/btcpp_ros2_samples:/Users/dhruvpatel29/humble-ros2/install/behaviortree_ros2:/Users/dhruvpatel29/humble-ros2/install/action_tutorials_cpp:/Users/dhruvpatel29/humble-ros2/install/rclcpp_action:/Users/dhruvpatel29/humble-ros2/install/rcl_action:/Users/dhruvpatel29/humble-ros2/install/moveit_msgs:/Users/dhruvpatel29/humble-ros2/install/object_recognition_msgs:/Users/dhruvpatel29/humble-ros2/install/nav2_msgs:/Users/dhruvpatel29/humble-ros2/install/nav2_dynamic_msgs:/Users/dhruvpatel29/humble-ros2/install/hardware_interface_testing:/Users/dhruvpatel29/humble-ros2/install/controller_interface:/Users/dhruvpatel29/humble-ros2/install/hardware_interface:/Users/dhruvpatel29/humble-ros2/install/geographic_info:/Users/dhruvpatel29/humble-ros2/install/geodesy:/Users/dhruvpatel29/humble-ros2/install/geographic_msgs:/Users/dhruvpatel29/humble-ros2/install/examples_rclcpp_wait_set:/Users/dhruvpatel29/humble-ros2/install/examples_rclcpp_minimal_service:/Users/dhruvpatel29/humble-ros2/install/examples_rclcpp_minimal_client:/Users/dhruvpatel29/humble-ros2/install/examples_rclcpp_async_client:/Users/dhruvpatel29/humble-ros2/install/example_interfaces:/Users/dhruvpatel29/humble-ros2/install/control_msgs:/Users/dhruvpatel29/humble-ros2/install/btcpp_ros2_interfaces:/Users/dhruvpatel29/humble-ros2/install/action_tutorials_interfaces:/Users/dhruvpatel29/humble-ros2/install/action_msgs:/Users/dhruvpatel29/humble-ros2/install/unique_identifier_msgs:/Users/dhruvpatel29/humble-ros2/install/ament_lint_common:/Users/dhruvpatel29/humble-ros2/install/ament_cmake_uncrustify:/Users/dhruvpatel29/humble-ros2/install/uncrustify_vendor:/Users/dhruvpatel29/humble-ros2/install/trajectory_msgs:/Users/dhruvpatel29/humble-ros2/install/topic_statistics_demo:/Users/dhruvpatel29/humble-ros2/install/test_tracetools:/Users/dhruvpatel29/humble-ros2/install/rosbag2_test_common:/Users/dhruvpatel29/humble-ros2/install/ros_ign_gazebo:/Users/dhruvpatel29/humble-ros2/install/ros_gz_sim:/Users/dhruvpatel29/humble-ros2/install/ros2lifecycle_test_fixtures:/Users/dhruvpatel29/humble-ros2/install/lifecycle:/Users/dhruvpatel29/humble-ros2/install/kinematics_interface:/Users/dhruvpatel29/humble-ros2/install/bond_core:/Users/dhruvpatel29/humble-ros2/install/bondcpp:/Users/dhruvpatel29/humble-ros2/install/rclcpp_lifecycle:/Users/dhruvpatel29/humble-ros2/install/logging_demo:/Users/dhruvpatel29/humble-ros2/install/image_tools:/Users/dhruvpatel29/humble-ros2/install/examples_rclcpp_minimal_subscriber:/Users/dhruvpatel29/humble-ros2/install/examples_rclcpp_minimal_composition:/Users/dhruvpatel29/humble-ros2/install/demo_nodes_cpp_native:/Users/dhruvpatel29/humble-ros2/install/rclcpp_components:/Users/dhruvpatel29/humble-ros2/install/nav2_voxel_grid:/Users/dhruvpatel29/humble-ros2/install/intra_process_demo:/Users/dhruvpatel29/humble-ros2/install/examples_rclcpp_multithreaded_executor:/Users/dhruvpatel29/humble-ros2/install/examples_rclcpp_minimal_timer:/Users/dhruvpatel29/humble-ros2/install/examples_rclcpp_minimal_publisher:/Users/dhruvpatel29/humble-ros2/install/examples_rclcpp_cbg_executor:/Users/dhruvpatel29/humble-ros2/install/dummy_sensors:/Users/dhruvpatel29/humble-ros2/install/dummy_map_server:/Users/dhruvpatel29/humble-ros2/install/behaviortree_cpp:/Users/dhruvpatel29/humble-ros2/install/rclcpp:/Users/dhruvpatel29/humble-ros2/install/rcl_lifecycle:/Users/dhruvpatel29/humble-ros2/install/libstatistics_collector:/Users/dhruvpatel29/humble-ros2/install/rcl:/Users/dhruvpatel29/humble-ros2/install/rmw_implementation:/Users/dhruvpatel29/humble-ros2/install/rmw_fastrtps_dynamic_cpp:/Users/dhruvpatel29/humble-ros2/install/rmw_fastrtps_cpp:/Users/dhruvpatel29/humble-ros2/install/rmw_fastrtps_shared_cpp:/Users/dhruvpatel29/humble-ros2/install/rmw_cyclonedds_cpp:/Users/dhruvpatel29/humble-ros2/install/tracetools:/Users/dhruvpatel29/humble-ros2/install/tinyxml_vendor:/Users/dhruvpatel29/humble-ros2/install/pluginlib:/Users/dhruvpatel29/humble-ros2/install/tinyxml2_vendor:/Users/dhruvpatel29/humble-ros2/install/tf2_eigen_kdl:/Users/dhruvpatel29/humble-ros2/install/tf2:/Users/dhruvpatel29/humble-ros2/install/test_security:/Users/dhruvpatel29/humble-ros2/install/test_rmw_implementation:/Users/dhruvpatel29/humble-ros2/install/test_rclcpp:/Users/dhruvpatel29/humble-ros2/install/test_quality_of_service:/Users/dhruvpatel29/humble-ros2/install/test_launch_testing:/Users/dhruvpatel29/humble-ros2/install/test_interface_files:/Users/dhruvpatel29/humble-ros2/install/test_communication:/Users/dhruvpatel29/humble-ros2/install/test_cli_remapping:/Users/dhruvpatel29/humble-ros2/install/test_cli:/Users/dhruvpatel29/humble-ros2/install/test_bond:/Users/dhruvpatel29/humble-ros2/install/qt_gui_core:/Users/dhruvpatel29/humble-ros2/install/qt_gui_app:/Users/dhruvpatel29/humble-ros2/install/qt_gui:/Users/dhruvpatel29/humble-ros2/install/tango_icons_vendor:/Users/dhruvpatel29/humble-ros2/install/stereo_msgs:/Users/dhruvpatel29/humble-ros2/install/std_srvs:/Users/dhruvpatel29/humble-ros2/install/shape_msgs:/Users/dhruvpatel29/humble-ros2/install/map_msgs:/Users/dhruvpatel29/humble-ros2/install/sensor_msgs:/Users/dhruvpatel29/humble-ros2/install/ros_ign_interfaces:/Users/dhruvpatel29/humble-ros2/install/ros_gz_interfaces:/Users/dhruvpatel29/humble-ros2/install/octomap_msgs:/Users/dhruvpatel29/humble-ros2/install/dwb_msgs:/Users/dhruvpatel29/humble-ros2/install/nav_msgs:/Users/dhruvpatel29/humble-ros2/install/nav_2d_msgs:/Users/dhruvpatel29/humble-ros2/install/graph_msgs:/Users/dhruvpatel29/humble-ros2/install/gps_msgs:/Users/dhruvpatel29/humble-ros2/install/diagnostic_msgs:/Users/dhruvpatel29/humble-ros2/install/geometry_msgs:/Users/dhruvpatel29/humble-ros2/install/bond:/Users/dhruvpatel29/humble-ros2/install/actuator_msgs:/Users/dhruvpatel29/humble-ros2/install/actionlib_msgs:/Users/dhruvpatel29/humble-ros2/install/ackermann_msgs:/Users/dhruvpatel29/humble-ros2/install/std_msgs:/Users/dhruvpatel29/humble-ros2/install/statistics_msgs:/Users/dhruvpatel29/humble-ros2/install/sqlite3_vendor:/Users/dhruvpatel29/humble-ros2/install/rcl_logging_spdlog:/Users/dhruvpatel29/humble-ros2/install/spdlog_vendor:/Users/dhruvpatel29/humble-ros2/install/smclib:/Users/dhruvpatel29/humble-ros2/install/shared_queues_vendor:/Users/dhruvpatel29/humble-ros2/install/rviz_rendering_tests:/Users/dhruvpatel29/humble-ros2/install/rviz_rendering:/Users/dhruvpatel29/humble-ros2/install/rviz_ogre_vendor:/Users/dhruvpatel29/humble-ros2/install/rviz_assimp_vendor:/Users/dhruvpatel29/humble-ros2/install/ruckig:/Users/dhruvpatel29/humble-ros2/install/rmw_connextddsmicro:/Users/dhruvpatel29/humble-ros2/install/rmw_connextdds:/Users/dhruvpatel29/humble-ros2/install/rmw_connextdds_common:/Users/dhruvpatel29/humble-ros2/install/rti_connext_dds_cmake_module:/Users/dhruvpatel29/humble-ros2/install/rosgraph_msgs:/Users/dhruvpatel29/humble-ros2/install/rosbag2_interfaces:/Users/dhruvpatel29/humble-ros2/install/rmw_dds_common:/Users/dhruvpatel29/humble-ros2/install/composition_interfaces:/Users/dhruvpatel29/humble-ros2/install/rcl_interfaces:/Users/dhruvpatel29/humble-ros2/install/pendulum_msgs:/Users/dhruvpatel29/humble-ros2/install/controller_manager_msgs:/Users/dhruvpatel29/humble-ros2/install/lifecycle_msgs:/Users/dhruvpatel29/humble-ros2/install/dynamixel_sdk_custom_interfaces:/Users/dhruvpatel29/humble-ros2/install/builtin_interfaces:/Users/dhruvpatel29/humble-ros2/install/rosidl_default_runtime:/Users/dhruvpatel29/humble-ros2/install/rosidl_default_generators:/Users/dhruvpatel29/humble-ros2/install/rosidl_generator_py:/Users/dhruvpatel29/humble-ros2/install/rosidl_typesupport_introspection_tests:/Users/dhruvpatel29/humble-ros2/install/rosidl_typesupport_cpp:/Users/dhruvpatel29/humble-ros2/install/rosidl_typesupport_introspection_cpp:/Users/dhruvpatel29/humble-ros2/install/rosidl_typesupport_c:/Users/dhruvpatel29/humble-ros2/install/rosidl_typesupport_introspection_c:/Users/dhruvpatel29/humble-ros2/install/rosidl_typesupport_fastrtps_c:/Users/dhruvpatel29/humble-ros2/install/rosidl_typesupport_fastrtps_cpp:/Users/dhruvpatel29/humble-ros2/install/rosidl_generator_cpp:/Users/dhruvpatel29/humble-ros2/install/rosidl_runtime_cpp:/Users/dhruvpatel29/humble-ros2/install/rcl_yaml_param_parser:/Users/dhruvpatel29/humble-ros2/install/rmw:/Users/dhruvpatel29/humble-ros2/install/rosidl_runtime_c:/Users/dhruvpatel29/humble-ros2/install/rosidl_generator_c:/Users/dhruvpatel29/humble-ros2/install/rosidl_typesupport_interface:/Users/dhruvpatel29/humble-ros2/install/rosidl_generator_dds_idl:/Users/dhruvpatel29/humble-ros2/install/rosidl_cmake:/Users/dhruvpatel29/humble-ros2/install/rosidl_parser:/Users/dhruvpatel29/humble-ros2/install/rosidl_adapter:/Users/dhruvpatel29/humble-ros2/install/rosbag2_tests:/Users/dhruvpatel29/humble-ros2/install/ros_environment:/Users/dhruvpatel29/humble-ros2/install/ros2_control_test_assets:/Users/dhruvpatel29/humble-ros2/install/ros2_control_cmake:/Users/dhruvpatel29/humble-ros2/install/rmw_implementation_cmake:/Users/dhruvpatel29/humble-ros2/install/resource_retriever:/Users/dhruvpatel29/humble-ros2/install/class_loader:/Users/dhruvpatel29/humble-ros2/install/rcpputils:/Users/dhruvpatel29/humble-ros2/install/rcl_logging_noop:/Users/dhruvpatel29/humble-ros2/install/rcl_logging_interface:/Users/dhruvpatel29/humble-ros2/install/rcutils:/Users/dhruvpatel29/humble-ros2/install/random_numbers:/Users/dhruvpatel29/humble-ros2/install/qt_gui_py_common:/Users/dhruvpatel29/humble-ros2/install/qt_dotgraph:/Users/dhruvpatel29/humble-ros2/install/python_qt_binding:/Users/dhruvpatel29/humble-ros2/install/python_orocos_kdl_vendor:/Users/dhruvpatel29/humble-ros2/install/launch_testing_ament_cmake:/Users/dhruvpatel29/humble-ros2/install/python_cmake_module:/Users/dhruvpatel29/humble-ros2/install/pybind11_vendor:/Users/dhruvpatel29/humble-ros2/install/performance_test_fixture:/Users/dhruvpatel29/humble-ros2/install/osrf_testing_tools_cpp:/Users/dhruvpatel29/humble-ros2/install/orocos_kdl_vendor:/Users/dhruvpatel29/humble-ros2/install/octomap-distribution:/Users/dhruvpatel29/humble-ros2/install/nav2_costmap_filters_demo:/Users/dhruvpatel29/humble-ros2/install/moveit_resources_pr2_description:/Users/dhruvpatel29/humble-ros2/install/moveit_resources_panda_description:/Users/dhruvpatel29/humble-ros2/install/moveit_resources_fanuc_description:/Users/dhruvpatel29/humble-ros2/install/moveit_common:/Users/dhruvpatel29/humble-ros2/install/mimick_vendor:/Users/dhruvpatel29/humble-ros2/install/libyaml_vendor:/Users/dhruvpatel29/humble-ros2/install/libcurl_vendor:/Users/dhruvpatel29/humble-ros2/install/keyboard_handler:/Users/dhruvpatel29/humble-ros2/install/iceoryx_introspection:/Users/dhruvpatel29/humble-ros2/install/cyclonedds:/Users/dhruvpatel29/humble-ros2/install/iceoryx_posh:/Users/dhruvpatel29/humble-ros2/install/iceoryx_hoofs:/Users/dhruvpatel29/humble-ros2/install/iceoryx_binding_c:/Users/dhruvpatel29/humble-ros2/install/gz-transport14:/Users/dhruvpatel29/humble-ros2/install/ament_cmake_ros:/Users/dhruvpatel29/humble-ros2/install/ament_cmake_auto:/Users/dhruvpatel29/humble-ros2/install/ament_cmake_gmock:/Users/dhruvpatel29/humble-ros2/install/gmock_vendor:/Users/dhruvpatel29/humble-ros2/install/ament_cmake_gtest:/Users/dhruvpatel29/humble-ros2/install/gtest_vendor:/Users/dhruvpatel29/humble-ros2/install/ament_cmake_google_benchmark:/Users/dhruvpatel29/humble-ros2/install/fastrtps:/Users/dhruvpatel29/humble-ros2/install/foonathan_memory_vendor:/Users/dhruvpatel29/humble-ros2/install/fastrtps_cmake_module:/Users/dhruvpatel29/humble-ros2/install/fastcdr:/Users/dhruvpatel29/humble-ros2/install/eigen_stl_containers:/Users/dhruvpatel29/humble-ros2/install/eigen3_cmake_module:/Users/dhruvpatel29/humble-ros2/install/dynamixel_sdk:/Users/dhruvpatel29/humble-ros2/install/diagnostic_remote_logging:/Users/dhruvpatel29/humble-ros2/install/console_bridge_vendor:/Users/dhruvpatel29/humble-ros2/install/ceres-solver:/Users/dhruvpatel29/humble-ros2/install/backward_ros:/Users/dhruvpatel29/humble-ros2/install/ament_cmake_xmllint:/Users/dhruvpatel29/humble-ros2/install/ament_cmake_pyflakes:/Users/dhruvpatel29/humble-ros2/install/ament_cmake_pycodestyle:/Users/dhruvpatel29/humble-ros2/install/ament_cmake_pep257:/Users/dhruvpatel29/humble-ros2/install/ament_cmake_pclint:/Users/dhruvpatel29/humble-ros2/install/ament_lint_auto:/Users/dhruvpatel29/humble-ros2/install/ament_cmake:/Users/dhruvpatel29/humble-ros2/install/ament_cmake_version:/Users/dhruvpatel29/humble-ros2/install/ament_cmake_vendor_package:/Users/dhruvpatel29/humble-ros2/install/ament_cmake_pytest:/Users/dhruvpatel29/humble-ros2/install/ament_cmake_nose:/Users/dhruvpatel29/humble-ros2/install/ament_cmake_mypy:/Users/dhruvpatel29/humble-ros2/install/ament_cmake_lint_cmake:/Users/dhruvpatel29/humble-ros2/install/ament_cmake_flake8:/Users/dhruvpatel29/humble-ros2/install/ament_cmake_cpplint:/Users/dhruvpatel29/humble-ros2/install/ament_cmake_cppcheck:/Users/dhruvpatel29/humble-ros2/install/ament_cmake_copyright:/Users/dhruvpatel29/humble-ros2/install/ament_cmake_clang_tidy:/Users/dhruvpatel29/humble-ros2/install/ament_cmake_clang_format:/Users/dhruvpatel29/humble-ros2/install/ament_cmake_test:/Users/dhruvpatel29/humble-ros2/install/ament_cmake_target_dependencies:/Users/dhruvpatel29/humble-ros2/install/ament_cmake_python:/Users/dhruvpatel29/humble-ros2/install/ament_cmake_export_dependencies:/Users/dhruvpatel29/humble-ros2/install/ament_cmake_libraries:/Users/dhruvpatel29/humble-ros2/install/ament_cmake_include_directories:/Users/dhruvpatel29/humble-ros2/install/ament_cmake_gen_version_h:/Users/dhruvpatel29/humble-ros2/install/ament_cmake_export_targets:/Users/dhruvpatel29/humble-ros2/install/ament_cmake_export_link_flags:/Users/dhruvpatel29/humble-ros2/install/ament_cmake_export_interfaces:/Users/dhruvpatel29/humble-ros2/install/ament_cmake_export_libraries:/Users/dhruvpatel29/humble-ros2/install/ament_cmake_export_include_directories:/Users/dhruvpatel29/humble-ros2/install/ament_cmake_export_definitions:/Users/dhruvpatel29/humble-ros2/install/ament_cmake_core:/Users/dhruvpatel29/humble-ros2/install/ament_index_cpp:/Users/dhruvpatel29/humble-ros2/install/GeographicLib:/Users/dhruvpatel29/ros2_ws/install/turtlesim_final:/Users/dhruvpatel29/ros2_ws/install/turtlecatch_bringup:/Users/dhruvpatel29/ros2_ws/install/turtlebot4_simulator:/Users/dhruvpatel29/ros2_ws/install/turtlebot4_ignition_bringup:/Users/dhruvpatel29/ros2_ws/install/turtlebot4_desktop:/Users/dhruvpatel29/ros2_ws/install/turtlebot4_viz:/Users/dhruvpatel29/ros2_ws/install/turtlebot4_node:/Users/dhruvpatel29/ros2_ws/install/turtlebot4_navigation:/Users/dhruvpatel29/ros2_ws/install/turtlebot4_ignition_toolbox:/Users/dhruvpatel29/ros2_ws/install/turtlebot4_msgs:/Users/dhruvpatel29/ros2_ws/install/turtlebot4_ignition_gui_plugins:/Users/dhruvpatel29/ros2_ws/install/turtlebot4_description:/Users/dhruvpatel29/ros2_ws/install/turtlebot3:/Users/dhruvpatel29/ros2_ws/install/turtlebot3_bringup:/Users/dhruvpatel29/ros2_ws/install/turtlebot3_node:/Users/dhruvpatel29/ros2_ws/install/turtlebot3_navigation2:/Users/dhruvpatel29/ros2_ws/install/turtlebot3_msgs:/Users/dhruvpatel29/ros2_ws/install/turtlebot3_description:/Users/dhruvpatel29/ros2_ws/install/turtlebot3_cartographer:/Users/dhruvpatel29/ros2_ws/install/robot_arm_controller:/Users/dhruvpatel29/ros2_ws/install/polygon_plugins:/Users/dhruvpatel29/ros2_ws/install/polygon_base:/Users/dhruvpatel29/ros2_ws/install/my_robot_station_bringup:/Users/dhruvpatel29/ros2_ws/install/my_robot_lifecycle_bringup:/Users/dhruvpatel29/ros2_ws/install/my_robot_bringup:/Users/dhruvpatel29/ros2_ws/install/my_cpp_pkg:/Users/dhruvpatel29/ros2_ws/install/actions_cpp:/Users/dhruvpatel29/ros2_ws/install/my_robot_interfaces:/Users/dhruvpatel29/ros2_ws/install/my_robot_bringup_gazebo:/Users/dhruvpatel29/ros2_ws/install/my_robot_description:/Users/dhruvpatel29/ros2_ws/install/moveit2_tutorials:/Users/dhruvpatel29/ros2_ws/install/lifecycle_cpp:/Users/dhruvpatel29/ros2_ws/install/irobot_create_ignition_sim:/Users/dhruvpatel29/ros2_ws/install/irobot_create_ignition_bringup:/Users/dhruvpatel29/ros2_ws/install/irobot_create_gazebo_sim:/Users/dhruvpatel29/ros2_ws/install/irobot_create_gazebo_bringup:/Users/dhruvpatel29/ros2_ws/install/irobot_create_common_bringup:/Users/dhruvpatel29/ros2_ws/install/irobot_create_nodes:/Users/dhruvpatel29/ros2_ws/install/irobot_create_ignition_toolbox:/Users/dhruvpatel29/ros2_ws/install/irobot_create_gazebo_plugins:/Users/dhruvpatel29/ros2_ws/install/irobot_create_toolbox:/Users/dhruvpatel29/ros2_ws/install/irobot_create_msgs:/Users/dhruvpatel29/ros2_ws/install/irobot_create_ignition_plugins:/Users/dhruvpatel29/ros2_ws/install/irobot_create_description:/Users/dhruvpatel29/ros2_ws/install/irobot_create_control:/Users/dhruvpatel29/ros2_ws/install/executors_cpp:/Users/dhruvpatel29/ros2_ws/install/components_cpp:/Users/dhruvpatel29/ros2_ws/install/add_two_ints_cpp:/Users/dhruvpatel29/backup_ros/humble-ros2/install/mcap_vendor:/Users/dhruvpatel29/backup_ros/humble-ros2/install/zstd_vendor:/Users/dhruvpatel29/backup_ros/humble-ros2/install/rviz_visual_testing_framework:/Users/dhruvpatel29/backup_ros/humble-ros2/install/rviz_common:/Users/dhruvpatel29/backup_ros/humble-ros2/install/rosbag2_storage:/Users/dhruvpatel29/backup_ros/humble-ros2/install/nav2_map_server:/Users/dhruvpatel29/backup_ros/humble-ros2/install/yaml_cpp_vendor:/Users/dhruvpatel29/backup_ros/humble-ros2/install/xtensor:/Users/dhruvpatel29/backup_ros/humble-ros2/install/xsimd:/Users/dhruvpatel29/backup_ros/humble-ros2/install/xtl:/Users/dhruvpatel29/backup_ros/humble-ros2/install/moveit_resources_prbt_support:/Users/dhruvpatel29/backup_ros/humble-ros2/install/moveit_resources_panda_moveit_config:/Users/dhruvpatel29/backup_ros/humble-ros2/install/moveit_resources_fanuc_moveit_config:/Users/dhruvpatel29/backup_ros/humble-ros2/install/xacro:/Users/dhruvpatel29/backup_ros/humble-ros2/install/warehouse_ros:/Users/dhruvpatel29/backup_ros/humble-ros2/install/interactive_markers:/Users/dhruvpatel29/backup_ros/humble-ros2/install/geometric_shapes:/Users/dhruvpatel29/backup_ros/humble-ros2/install/common_interfaces:/Users/dhruvpatel29/backup_ros/humble-ros2/install/visualization_msgs:/Users/dhruvpatel29/backup_ros/humble-ros2/install/vision_msgs:/Users/dhruvpatel29/backup_ros/humble-ros2/install/srdfdom:/Users/dhruvpatel29/backup_ros/humble-ros2/install/robot_state_publisher:/Users/dhruvpatel29/backup_ros/humble-ros2/install/kdl_parser:/Users/dhruvpatel29/backup_ros/humble-ros2/install/urdf:/Users/dhruvpatel29/backup_ros/humble-ros2/install/urdfdom:/Users/dhruvpatel29/backup_ros/humble-ros2/install/urdf_parser_plugin:/Users/dhruvpatel29/backup_ros/humble-ros2/install/urdfdom_headers:/Users/dhruvpatel29/backup_ros/humble-ros2/install/tf2_sensor_msgs:/Users/dhruvpatel29/backup_ros/humble-ros2/install/tf2_kdl:/Users/dhruvpatel29/backup_ros/humble-ros2/install/nav2_lifecycle_manager:/Users/dhruvpatel29/backup_ros/humble-ros2/install/nav2_util:/Users/dhruvpatel29/backup_ros/humble-ros2/install/tf2_geometry_msgs:/Users/dhruvpatel29/backup_ros/humble-ros2/install/tf2_eigen:/Users/dhruvpatel29/backup_ros/humble-ros2/install/tf2_ros:/Users/dhruvpatel29/backup_ros/humble-ros2/install/tf2_py:/Users/dhruvpatel29/backup_ros/humble-ros2/install/tf2_msgs:/Users/dhruvpatel29/backup_ros/humble-ros2/install/test_msgs:/Users/dhruvpatel29/backup_ros/humble-ros2/install/rqt_py_common:/Users/dhruvpatel29/backup_ros/humble-ros2/install/rosbag2_storage_mcap_testdata:/Users/dhruvpatel29/backup_ros/humble-ros2/install/ros_testing:/Users/dhruvpatel29/backup_ros/humble-ros2/install/controller_manager:/Users/dhruvpatel29/backup_ros/humble-ros2/install/ros2cli_test_interfaces:/Users/dhruvpatel29/backup_ros/humble-ros2/install/realtime_tools:/Users/dhruvpatel29/backup_ros/humble-ros2/install/nav2_common:/Users/dhruvpatel29/backup_ros/humble-ros2/install/image_transport:/Users/dhruvpatel29/backup_ros/humble-ros2/install/message_filters:/Users/dhruvpatel29/backup_ros/humble-ros2/install/laser_geometry:/Users/dhruvpatel29/backup_ros/humble-ros2/install/generate_parameter_library:/Users/dhruvpatel29/backup_ros/humble-ros2/install/diagnostic_updater:/Users/dhruvpatel29/backup_ros/humble-ros2/install/rclpy:/Users/dhruvpatel29/backup_ros/humble-ros2/install/rclcpp_action:/Users/dhruvpatel29/backup_ros/humble-ros2/install/rcl_action:/Users/dhruvpatel29/backup_ros/humble-ros2/install/moveit_msgs:/Users/dhruvpatel29/backup_ros/humble-ros2/install/object_recognition_msgs:/Users/dhruvpatel29/backup_ros/humble-ros2/install/nav2_msgs:/Users/dhruvpatel29/backup_ros/humble-ros2/install/hardware_interface_testing:/Users/dhruvpatel29/backup_ros/humble-ros2/install/controller_interface:/Users/dhruvpatel29/backup_ros/humble-ros2/install/hardware_interface:/Users/dhruvpatel29/backup_ros/humble-ros2/install/geographic_msgs:/Users/dhruvpatel29/backup_ros/humble-ros2/install/example_interfaces:/Users/dhruvpatel29/backup_ros/humble-ros2/install/control_msgs:/Users/dhruvpatel29/backup_ros/humble-ros2/install/btcpp_ros2_interfaces:/Users/dhruvpatel29/backup_ros/humble-ros2/install/action_tutorials_interfaces:/Users/dhruvpatel29/backup_ros/humble-ros2/install/action_msgs:/Users/dhruvpatel29/backup_ros/humble-ros2/install/unique_identifier_msgs:/Users/dhruvpatel29/backup_ros/humble-ros2/install/ament_lint_common:/Users/dhruvpatel29/backup_ros/humble-ros2/install/ament_cmake_uncrustify:/Users/dhruvpatel29/backup_ros/humble-ros2/install/uncrustify_vendor:/Users/dhruvpatel29/backup_ros/humble-ros2/install/trajectory_msgs:/Users/dhruvpatel29/backup_ros/humble-ros2/install/parameter_traits:/Users/dhruvpatel29/humble-ros2/install/rqt_bag_plugins:/Users/dhruvpatel29/humble-ros2/install/rqt_bag:/Users/dhruvpatel29/humble-ros2/install/launch_testing_examples:/Users/dhruvpatel29/humble-ros2/install/ros2bag:/Users/dhruvpatel29/humble-ros2/install/moveit_configs_utils:/Users/dhruvpatel29/humble-ros2/install/launch_param_builder:/Users/dhruvpatel29/humble-ros2/install/kf_hungarian_tracker:/Users/dhruvpatel29/humble-ros2/install/tracetools_test:/Users/dhruvpatel29/humble-ros2/install/tracetools_launch:/Users/dhruvpatel29/humble-ros2/install/topic_monitor:/Users/dhruvpatel29/humble-ros2/install/tf2_tools:/Users/dhruvpatel29/humble-ros2/install/examples_tf2_py:/Users/dhruvpatel29/humble-ros2/install/tf2_ros_py:/Users/dhruvpatel29/humble-ros2/install/sros2:/Users/dhruvpatel29/humble-ros2/install/rqt_topic:/Users/dhruvpatel29/humble-ros2/install/rqt_srv:/Users/dhruvpatel29/humble-ros2/install/rqt_shell:/Users/dhruvpatel29/humble-ros2/install/rqt_service_caller:/Users/dhruvpatel29/humble-ros2/install/rqt_reconfigure:/Users/dhruvpatel29/humble-ros2/install/rqt_py_console:/Users/dhruvpatel29/humble-ros2/install/rqt_publisher:/Users/dhruvpatel29/humble-ros2/install/rqt_plot:/Users/dhruvpatel29/humble-ros2/install/rqt_action:/Users/dhruvpatel29/humble-ros2/install/rqt_msg:/Users/dhruvpatel29/humble-ros2/install/rqt_console:/Users/dhruvpatel29/humble-ros2/install/rqt:/Users/dhruvpatel29/humble-ros2/install/rqt_joint_trajectory_controller:/Users/dhruvpatel29/humble-ros2/install/rqt_graph:/Users/dhruvpatel29/humble-ros2/install/rqt_gui_py:/Users/dhruvpatel29/humble-ros2/install/rqt_gui:/Users/dhruvpatel29/humble-ros2/install/ros2trace:/Users/dhruvpatel29/humble-ros2/install/ros2topic:/Users/dhruvpatel29/humble-ros2/install/ros2test:/Users/dhruvpatel29/humble-ros2/install/ros2component:/Users/dhruvpatel29/humble-ros2/install/ros2param:/Users/dhruvpatel29/humble-ros2/install/ros2lifecycle:/Users/dhruvpatel29/humble-ros2/install/ros2service:/Users/dhruvpatel29/humble-ros2/install/ros2run:/Users/dhruvpatel29/humble-ros2/install/ros2launch:/Users/dhruvpatel29/humble-ros2/install/ros2pkg:/Users/dhruvpatel29/humble-ros2/install/ros2node:/Users/dhruvpatel29/humble-ros2/install/ros2multicast:/Users/dhruvpatel29/humble-ros2/install/ros2interface:/Users/dhruvpatel29/humble-ros2/install/ros2doctor:/Users/dhruvpatel29/humble-ros2/install/ros2action:/Users/dhruvpatel29/humble-ros2/install/ros2cli:/Users/dhruvpatel29/humble-ros2/install/ros2_controllers_test_nodes:/Users/dhruvpatel29/humble-ros2/install/quality_of_service_demo_py:/Users/dhruvpatel29/humble-ros2/install/nav2_simple_commander:/Users/dhruvpatel29/humble-ros2/install/lifecycle_py:/Users/dhruvpatel29/humble-ros2/install/launch_testing_ros:/Users/dhruvpatel29/humble-ros2/install/launch_ros:/Users/dhruvpatel29/humble-ros2/install/examples_rclpy_pointcloud_publisher:/Users/dhruvpatel29/humble-ros2/install/examples_rclpy_minimal_subscriber:/Users/dhruvpatel29/humble-ros2/install/examples_rclpy_minimal_service:/Users/dhruvpatel29/humble-ros2/install/examples_rclpy_minimal_publisher:/Users/dhruvpatel29/humble-ros2/install/examples_rclpy_minimal_client:/Users/dhruvpatel29/humble-ros2/install/examples_rclpy_minimal_action_server:/Users/dhruvpatel29/humble-ros2/install/examples_rclpy_minimal_action_client:/Users/dhruvpatel29/humble-ros2/install/examples_rclpy_guard_conditions:/Users/dhruvpatel29/humble-ros2/install/examples_rclpy_executors:/Users/dhruvpatel29/humble-ros2/install/demo_nodes_py:/Users/dhruvpatel29/humble-ros2/install/camera_info_manager_py:/Users/dhruvpatel29/humble-ros2/install/bondpy:/Users/dhruvpatel29/humble-ros2/install/action_tutorials_py:/Users/dhruvpatel29/humble-ros2/install/ament_uncrustify:/Users/dhruvpatel29/humble-ros2/install/tracetools_trace:/Users/dhruvpatel29/humble-ros2/install/tracetools_read:/Users/dhruvpatel29/humble-ros2/install/test_tracetools_launch:/Users/dhruvpatel29/humble-ros2/install/test_launch_ros:/Users/dhruvpatel29/humble-ros2/install/sensor_msgs_py:/Users/dhruvpatel29/humble-ros2/install/rpyutils:/Users/dhruvpatel29/humble-ros2/install/rosidl_runtime_py:/Users/dhruvpatel29/humble-ros2/install/rosidl_cli:/Users/dhruvpatel29/humble-ros2/install/launch_pytest:/Users/dhruvpatel29/humble-ros2/install/launch_testing:/Users/dhruvpatel29/humble-ros2/install/launch_yaml:/Users/dhruvpatel29/humble-ros2/install/launch_xml:/Users/dhruvpatel29/humble-ros2/install/launch:/Users/dhruvpatel29/humble-ros2/install/osrf_pycommon:/Users/dhruvpatel29/humble-ros2/install/domain_coordinator:/Users/dhruvpatel29/humble-ros2/install/ament_xmllint:/Users/dhruvpatel29/humble-ros2/install/ament_pyflakes:/Users/dhruvpatel29/humble-ros2/install/ament_pycodestyle:/Users/dhruvpatel29/humble-ros2/install/ament_pep257:/Users/dhruvpatel29/humble-ros2/install/ament_pclint:/Users/dhruvpatel29/humble-ros2/install/ament_package:/Users/dhruvpatel29/humble-ros2/install/ament_mypy:/Users/dhruvpatel29/humble-ros2/install/ament_lint_cmake:/Users/dhruvpatel29/humble-ros2/install/ament_flake8:/Users/dhruvpatel29/humble-ros2/install/ament_copyright:/Users/dhruvpatel29/humble-ros2/install/ament_lint:/Users/dhruvpatel29/humble-ros2/install/ament_index_python:/Users/dhruvpatel29/humble-ros2/install/ament_cpplint:/Users/dhruvpatel29/humble-ros2/install/ament_cppcheck:/Users/dhruvpatel29/humble-ros2/install/ament_clang_tidy:/Users/dhruvpatel29/humble-ros2/install/ament_clang_format:/Users/dhruvpatel29/ros2_ws/install/turtlesim_catch_them_all:/Users/dhruvpatel29/ros2_ws/install/turtlebot3_teleop:/Users/dhruvpatel29/ros2_ws/install/turtlebot3_example:/Users/dhruvpatel29/ros2_ws/install/number_counter:/Users/dhruvpatel29/ros2_ws/install/my_py_pkg:/Users/dhruvpatel29/ros2_ws/install/actions_py:/Users/dhruvpatel29/ros2_ws/install/lifecycle_py:/Users/dhruvpatel29/ros2_ws/install/executors_py:/Users/dhruvpatel29/ros2_ws/install/components_py:/Users/dhruvpatel29/ros2_ws/install/add_two_ints:/Users/dhruvpatel29/backup_ros/humble-ros2/install/moveit_configs_utils:/Users/dhruvpatel29/backup_ros/humble-ros2/install/launch_param_builder:/Users/dhruvpatel29/backup_ros/humble-ros2/install/tf2_ros_py:/Users/dhruvpatel29/backup_ros/humble-ros2/install/rqt_gui_py:/Users/dhruvpatel29/backup_ros/humble-ros2/install/rqt_gui:/Users/dhruvpatel29/backup_ros/humble-ros2/install/ros2topic:/Users/dhruvpatel29/backup_ros/humble-ros2/install/ros2test:/Users/dhruvpatel29/backup_ros/humble-ros2/install/ros2param:/Users/dhruvpatel29/backup_ros/humble-ros2/install/ros2service:/Users/dhruvpatel29/backup_ros/humble-ros2/install/ros2run:/Users/dhruvpatel29/backup_ros/humble-ros2/install/ros2pkg:/Users/dhruvpatel29/backup_ros/humble-ros2/install/ros2node:/Users/dhruvpatel29/backup_ros/humble-ros2/install/ros2cli:/Users/dhruvpatel29/backup_ros/humble-ros2/install/launch_testing_ros:/Users/dhruvpatel29/backup_ros/humble-ros2/install/launch_ros:/Users/dhruvpatel29/backup_ros/humble-ros2/install/joint_state_publisher_gui:/Users/dhruvpatel29/backup_ros/humble-ros2/install/joint_state_publisher:/Users/dhruvpatel29/backup_ros/humble-ros2/install/ament_uncrustify:/Users/dhruvpatel29/backup_ros/humble-ros2/install/tracetools_trace:/Users/dhruvpatel29/backup_ros/humble-ros2/install/tracetools_read:/Users/dhruvpatel29/backup_ros/humble-ros2/install/sensor_msgs_py:/Users/dhruvpatel29/backup_ros/humble-ros2/install/rpyutils:/Users/dhruvpatel29/backup_ros/humble-ros2/install/rosidl_runtime_py:/Users/dhruvpatel29/backup_ros/humble-ros2/install/rosidl_cli:/Users/dhruvpatel29/backup_ros/humble-ros2/install/launch_pytest:/Users/dhruvpatel29/backup_ros/humble-ros2/install/launch_testing:/Users/dhruvpatel29/backup_ros/humble-ros2/install/launch_yaml:/Users/dhruvpatel29/backup_ros/humble-ros2/install/launch_xml:/Users/dhruvpatel29/backup_ros/humble-ros2/install/launch:/Users/dhruvpatel29/backup_ros/humble-ros2/install/osrf_pycommon:/Users/dhruvpatel29/backup_ros/humble-ros2/install/generate_parameter_library_py:/Users/dhruvpatel29/backup_ros/humble-ros2/install/domain_coordinator:/Users/dhruvpatel29/backup_ros/humble-ros2/install/ament_xmllint:/Users/dhruvpatel29/backup_ros/humble-ros2/install/ament_pyflakes:/Users/dhruvpatel29/backup_ros/humble-ros2/install/ament_pycodestyle:/Users/dhruvpatel29/backup_ros/humble-ros2/install/ament_pep257:/Users/dhruvpatel29/backup_ros/humble-ros2/install/ament_pclint:/Users/dhruvpatel29/backup_ros/humble-ros2/install/ament_package:/Users/dhruvpatel29/backup_ros/humble-ros2/install/ament_mypy:/Users/dhruvpatel29/backup_ros/humble-ros2/install/ament_lint_cmake:/Users/dhruvpatel29/backup_ros/humble-ros2/install/ament_flake8:/Users/dhruvpatel29/backup_ros/humble-ros2/install/ament_copyright:/Users/dhruvpatel29/backup_ros/humble-ros2/install/ament_lint:/Users/dhruvpatel29/backup_ros/humble-ros2/install/ament_index_python:/Users/dhruvpatel29/backup_ros/humble-ros2/install/ament_cpplint:/Users/dhruvpatel29/backup_ros/humble-ros2/install/ament_cppcheck:/Users/dhruvpatel29/backup_ros/humble-ros2/install/ament_clang_tidy:/Users/dhruvpatel29/backup_ros/humble-ros2/install/ament_clang_format:/Users/dhruvpatel29/backup_ros/humble-ros2/install/rsl:/Users/dhruvpatel29/backup_ros/humble-ros2/install/rosbag2_test_common:/Users/dhruvpatel29/backup_ros/humble-ros2/install/bondcpp:/Users/dhruvpatel29/backup_ros/humble-ros2/install/rclcpp_lifecycle:/Users/dhruvpatel29/backup_ros/humble-ros2/install/rclcpp_components:/Users/dhruvpatel29/backup_ros/humble-ros2/install/nav2_voxel_grid:/Users/dhruvpatel29/backup_ros/humble-ros2/install/rclcpp:/Users/dhruvpatel29/backup_ros/humble-ros2/install/rcl_lifecycle:/Users/dhruvpatel29/backup_ros/humble-ros2/install/libstatistics_collector:/Users/dhruvpatel29/backup_ros/humble-ros2/install/rcl:/Users/dhruvpatel29/backup_ros/humble-ros2/install/rmw_implementation:/Users/dhruvpatel29/backup_ros/humble-ros2/install/rmw_fastrtps_dynamic_cpp:/Users/dhruvpatel29/backup_ros/humble-ros2/install/rmw_fastrtps_cpp:/Users/dhruvpatel29/backup_ros/humble-ros2/install/rmw_fastrtps_shared_cpp:/Users/dhruvpatel29/backup_ros/humble-ros2/install/rmw_cyclonedds_cpp:/Users/dhruvpatel29/backup_ros/humble-ros2/install/tracetools:/Users/dhruvpatel29/backup_ros/humble-ros2/install/tl_expected:/Users/dhruvpatel29/backup_ros/humble-ros2/install/tinyxml_vendor:/Users/dhruvpatel29/backup_ros/humble-ros2/install/pluginlib:/Users/dhruvpatel29/backup_ros/humble-ros2/install/tinyxml2_vendor:/Users/dhruvpatel29/backup_ros/humble-ros2/install/tf2_eigen_kdl:/Users/dhruvpatel29/backup_ros/humble-ros2/install/tf2:/Users/dhruvpatel29/backup_ros/humble-ros2/install/test_rmw_implementation:/Users/dhruvpatel29/backup_ros/humble-ros2/install/test_launch_testing:/Users/dhruvpatel29/backup_ros/humble-ros2/install/test_interface_files:/Users/dhruvpatel29/backup_ros/humble-ros2/install/tcb_span:/Users/dhruvpatel29/backup_ros/humble-ros2/install/qt_gui_core:/Users/dhruvpatel29/backup_ros/humble-ros2/install/qt_gui_app:/Users/dhruvpatel29/backup_ros/humble-ros2/install/qt_gui:/Users/dhruvpatel29/backup_ros/humble-ros2/install/tango_icons_vendor:/Users/dhruvpatel29/backup_ros/humble-ros2/install/stereo_msgs:/Users/dhruvpatel29/backup_ros/humble-ros2/install/std_srvs:/Users/dhruvpatel29/backup_ros/humble-ros2/install/shape_msgs:/Users/dhruvpatel29/backup_ros/humble-ros2/install/map_msgs:/Users/dhruvpatel29/backup_ros/humble-ros2/install/cv_bridge:/Users/dhruvpatel29/backup_ros/humble-ros2/install/sensor_msgs:/Users/dhruvpatel29/backup_ros/humble-ros2/install/ros_gz_interfaces:/Users/dhruvpatel29/backup_ros/humble-ros2/install/octomap_msgs:/Users/dhruvpatel29/backup_ros/humble-ros2/install/nav_msgs:/Users/dhruvpatel29/backup_ros/humble-ros2/install/nav_2d_msgs:/Users/dhruvpatel29/backup_ros/humble-ros2/install/graph_msgs:/Users/dhruvpatel29/backup_ros/humble-ros2/install/gps_msgs:/Users/dhruvpatel29/backup_ros/humble-ros2/install/diagnostic_msgs:/Users/dhruvpatel29/backup_ros/humble-ros2/install/geometry_msgs:/Users/dhruvpatel29/backup_ros/humble-ros2/install/bond:/Users/dhruvpatel29/backup_ros/humble-ros2/install/actuator_msgs:/Users/dhruvpatel29/backup_ros/humble-ros2/install/actionlib_msgs:/Users/dhruvpatel29/backup_ros/humble-ros2/install/ackermann_msgs:/Users/dhruvpatel29/backup_ros/humble-ros2/install/std_msgs:/Users/dhruvpatel29/backup_ros/humble-ros2/install/statistics_msgs:/Users/dhruvpatel29/backup_ros/humble-ros2/install/sqlite3_vendor:/Users/dhruvpatel29/backup_ros/humble-ros2/install/rcl_logging_spdlog:/Users/dhruvpatel29/backup_ros/humble-ros2/install/spdlog_vendor:/Users/dhruvpatel29/backup_ros/humble-ros2/install/smclib:/Users/dhruvpatel29/backup_ros/humble-ros2/install/shared_queues_vendor:/Users/dhruvpatel29/backup_ros/humble-ros2/install/rviz_rendering_tests:/Users/dhruvpatel29/backup_ros/humble-ros2/install/rviz_rendering:/Users/dhruvpatel29/backup_ros/humble-ros2/install/rviz_ogre_vendor:/Users/dhruvpatel29/backup_ros/humble-ros2/install/rviz_assimp_vendor:/Users/dhruvpatel29/backup_ros/humble-ros2/install/ruckig:/Users/dhruvpatel29/backup_ros/humble-ros2/install/rmw_connextddsmicro:/Users/dhruvpatel29/backup_ros/humble-ros2/install/rmw_connextdds:/Users/dhruvpatel29/backup_ros/humble-ros2/install/rmw_connextdds_common:/Users/dhruvpatel29/backup_ros/humble-ros2/install/rti_connext_dds_cmake_module:/Users/dhruvpatel29/backup_ros/humble-ros2/install/rosgraph_msgs:/Users/dhruvpatel29/backup_ros/humble-ros2/install/rosbag2_interfaces:/Users/dhruvpatel29/backup_ros/humble-ros2/install/rmw_dds_common:/Users/dhruvpatel29/backup_ros/humble-ros2/install/composition_interfaces:/Users/dhruvpatel29/backup_ros/humble-ros2/install/rcl_interfaces:/Users/dhruvpatel29/backup_ros/humble-ros2/install/pendulum_msgs:/Users/dhruvpatel29/backup_ros/humble-ros2/install/controller_manager_msgs:/Users/dhruvpatel29/backup_ros/humble-ros2/install/lifecycle_msgs:/Users/dhruvpatel29/backup_ros/humble-ros2/install/dynamixel_sdk_custom_interfaces:/Users/dhruvpatel29/backup_ros/humble-ros2/install/builtin_interfaces:/Users/dhruvpatel29/backup_ros/humble-ros2/install/rosidl_default_runtime:/Users/dhruvpatel29/backup_ros/humble-ros2/install/rosidl_default_generators:/Users/dhruvpatel29/backup_ros/humble-ros2/install/rosidl_generator_py:/Users/dhruvpatel29/backup_ros/humble-ros2/install/rosidl_typesupport_introspection_tests:/Users/dhruvpatel29/backup_ros/humble-ros2/install/rosidl_typesupport_cpp:/Users/dhruvpatel29/backup_ros/humble-ros2/install/rosidl_typesupport_introspection_cpp:/Users/dhruvpatel29/backup_ros/humble-ros2/install/rosidl_typesupport_c:/Users/dhruvpatel29/backup_ros/humble-ros2/install/rosidl_typesupport_introspection_c:/Users/dhruvpatel29/backup_ros/humble-ros2/install/rosidl_typesupport_fastrtps_c:/Users/dhruvpatel29/backup_ros/humble-ros2/install/rosidl_typesupport_fastrtps_cpp:/Users/dhruvpatel29/backup_ros/humble-ros2/install/rosidl_generator_cpp:/Users/dhruvpatel29/backup_ros/humble-ros2/install/rosidl_runtime_cpp:/Users/dhruvpatel29/backup_ros/humble-ros2/install/rcl_yaml_param_parser:/Users/dhruvpatel29/backup_ros/humble-ros2/install/rmw:/Users/dhruvpatel29/backup_ros/humble-ros2/install/rosidl_runtime_c:/Users/dhruvpatel29/backup_ros/humble-ros2/install/rosidl_generator_c:/Users/dhruvpatel29/backup_ros/humble-ros2/install/rosidl_typesupport_interface:/Users/dhruvpatel29/backup_ros/humble-ros2/install/rosidl_generator_dds_idl:/Users/dhruvpatel29/backup_ros/humble-ros2/install/rosidl_cmake:/Users/dhruvpatel29/backup_ros/humble-ros2/install/rosidl_parser:/Users/dhruvpatel29/backup_ros/humble-ros2/install/rosidl_adapter:/Users/dhruvpatel29/backup_ros/humble-ros2/install/ros_environment:/Users/dhruvpatel29/backup_ros/humble-ros2/install/ros2_control_test_assets:/Users/dhruvpatel29/backup_ros/humble-ros2/install/ros2_control_cmake:/Users/dhruvpatel29/backup_ros/humble-ros2/install/rmw_implementation_cmake:/Users/dhruvpatel29/backup_ros/humble-ros2/install/resource_retriever:/Users/dhruvpatel29/backup_ros/humble-ros2/install/class_loader:/Users/dhruvpatel29/backup_ros/humble-ros2/install/rcpputils:/Users/dhruvpatel29/backup_ros/humble-ros2/install/rcl_logging_noop:/Users/dhruvpatel29/backup_ros/humble-ros2/install/rcl_logging_interface:/Users/dhruvpatel29/backup_ros/humble-ros2/install/rcutils:/Users/dhruvpatel29/backup_ros/humble-ros2/install/random_numbers:/Users/dhruvpatel29/backup_ros/humble-ros2/install/qt_gui_py_common:/Users/dhruvpatel29/backup_ros/humble-ros2/install/qt_dotgraph:/Users/dhruvpatel29/backup_ros/humble-ros2/install/python_qt_binding:/Users/dhruvpatel29/backup_ros/humble-ros2/install/python_orocos_kdl_vendor:/Users/dhruvpatel29/backup_ros/humble-ros2/install/launch_testing_ament_cmake:/Users/dhruvpatel29/backup_ros/humble-ros2/install/python_cmake_module:/Users/dhruvpatel29/backup_ros/humble-ros2/install/pybind11_vendor:/Users/dhruvpatel29/backup_ros/humble-ros2/install/performance_test_fixture:/Users/dhruvpatel29/backup_ros/humble-ros2/install/osrf_testing_tools_cpp:/Users/dhruvpatel29/backup_ros/humble-ros2/install/orocos_kdl_vendor:/Users/dhruvpatel29/backup_ros/humble-ros2/install/dynamic_edt_3d:/Users/dhruvpatel29/backup_ros/humble-ros2/install/octomap:/Users/dhruvpatel29/backup_ros/humble-ros2/install/nav2_costmap_filters_demo:/Users/dhruvpatel29/backup_ros/humble-ros2/install/moveit_resources_pr2_description:/Users/dhruvpatel29/backup_ros/humble-ros2/install/moveit_resources_panda_description:/Users/dhruvpatel29/backup_ros/humble-ros2/install/moveit_resources_fanuc_description:/Users/dhruvpatel29/backup_ros/humble-ros2/install/moveit_common:/Users/dhruvpatel29/backup_ros/humble-ros2/install/mimick_vendor:/Users/dhruvpatel29/backup_ros/humble-ros2/install/libyaml_vendor:/Users/dhruvpatel29/backup_ros/humble-ros2/install/libcurl_vendor:/Users/dhruvpatel29/backup_ros/humble-ros2/install/keyboard_handler:/Users/dhruvpatel29/backup_ros/humble-ros2/install/ignition-transport11:/Users/dhruvpatel29/backup_ros/humble-ros2/install/iceoryx_introspection:/Users/dhruvpatel29/backup_ros/humble-ros2/install/cyclonedds:/Users/dhruvpatel29/backup_ros/humble-ros2/install/iceoryx_posh:/Users/dhruvpatel29/backup_ros/humble-ros2/install/iceoryx_hoofs:/Users/dhruvpatel29/backup_ros/humble-ros2/install/iceoryx_binding_c:/Users/dhruvpatel29/backup_ros/humble-ros2/install/ament_cmake_ros:/Users/dhruvpatel29/backup_ros/humble-ros2/install/ament_cmake_auto:/Users/dhruvpatel29/backup_ros/humble-ros2/install/ament_cmake_gmock:/Users/dhruvpatel29/backup_ros/humble-ros2/install/gmock_vendor:/Users/dhruvpatel29/backup_ros/humble-ros2/install/ament_cmake_gtest:/Users/dhruvpatel29/backup_ros/humble-ros2/install/gtest_vendor:/Users/dhruvpatel29/backup_ros/humble-ros2/install/ament_cmake_google_benchmark:/Users/dhruvpatel29/backup_ros/humble-ros2/install/fastrtps:/Users/dhruvpatel29/backup_ros/humble-ros2/install/foonathan_memory_vendor:/Users/dhruvpatel29/backup_ros/humble-ros2/install/fastrtps_cmake_module:/Users/dhruvpatel29/backup_ros/humble-ros2/install/fastcdr:/Users/dhruvpatel29/backup_ros/humble-ros2/install/eigen_stl_containers:/Users/dhruvpatel29/backup_ros/humble-ros2/install/eigen3_cmake_module:/Users/dhruvpatel29/backup_ros/humble-ros2/install/dynamixel_sdk:/Users/dhruvpatel29/backup_ros/humble-ros2/install/console_bridge_vendor:/Users/dhruvpatel29/backup_ros/humble-ros2/install/ceres-solver-vendor:/Users/dhruvpatel29/backup_ros/humble-ros2/install/backward_ros:/Users/dhruvpatel29/backup_ros/humble-ros2/install/angles:/Users/dhruvpatel29/backup_ros/humble-ros2/install/ament_cmake_xmllint:/Users/dhruvpatel29/backup_ros/humble-ros2/install/ament_cmake_pyflakes:/Users/dhruvpatel29/backup_ros/humble-ros2/install/ament_cmake_pycodestyle:/Users/dhruvpatel29/backup_ros/humble-ros2/install/ament_cmake_pep257:/Users/dhruvpatel29/backup_ros/humble-ros2/install/ament_cmake_pclint:/Users/dhruvpatel29/backup_ros/humble-ros2/install/ament_lint_auto:/Users/dhruvpatel29/backup_ros/humble-ros2/install/ament_cmake:/Users/dhruvpatel29/backup_ros/humble-ros2/install/ament_cmake_version:/Users/dhruvpatel29/backup_ros/humble-ros2/install/ament_cmake_vendor_package:/Users/dhruvpatel29/backup_ros/humble-ros2/install/ament_cmake_pytest:/Users/dhruvpatel29/backup_ros/humble-ros2/install/ament_cmake_nose:/Users/dhruvpatel29/backup_ros/humble-ros2/install/ament_cmake_mypy:/Users/dhruvpatel29/backup_ros/humble-ros2/install/ament_cmake_lint_cmake:/Users/dhruvpatel29/backup_ros/humble-ros2/install/ament_cmake_flake8:/Users/dhruvpatel29/backup_ros/humble-ros2/install/ament_cmake_cpplint:/Users/dhruvpatel29/backup_ros/humble-ros2/install/ament_cmake_cppcheck:/Users/dhruvpatel29/backup_ros/humble-ros2/install/ament_cmake_copyright:/Users/dhruvpatel29/backup_ros/humble-ros2/install/ament_cmake_clang_tidy:/Users/dhruvpatel29/backup_ros/humble-ros2/install/ament_cmake_clang_format:/Users/dhruvpatel29/backup_ros/humble-ros2/install/ament_cmake_test:/Users/dhruvpatel29/backup_ros/humble-ros2/install/ament_cmake_target_dependencies:/Users/dhruvpatel29/backup_ros/humble-ros2/install/ament_cmake_python:/Users/dhruvpatel29/backup_ros/humble-ros2/install/ament_cmake_export_dependencies:/Users/dhruvpatel29/backup_ros/humble-ros2/install/ament_cmake_libraries:/Users/dhruvpatel29/backup_ros/humble-ros2/install/ament_cmake_include_directories:/Users/dhruvpatel29/backup_ros/humble-ros2/install/ament_cmake_gen_version_h:/Users/dhruvpatel29/backup_ros/humble-ros2/install/ament_cmake_export_targets:/Users/dhruvpatel29/backup_ros/humble-ros2/install/ament_cmake_export_link_flags:/Users/dhruvpatel29/backup_ros/humble-ros2/install/ament_cmake_export_interfaces:/Users/dhruvpatel29/backup_ros/humble-ros2/install/ament_cmake_export_libraries:/Users/dhruvpatel29/backup_ros/humble-ros2/install/ament_cmake_export_include_directories:/Users/dhruvpatel29/backup_ros/humble-ros2/install/ament_cmake_export_definitions:/Users/dhruvpatel29/backup_ros/humble-ros2/install/ament_cmake_core:/Users/dhruvpatel29/backup_ros/humble-ros2/install/ament_index_cpp:/Users/dhruvpatel29/backup_ros/humble-ros2/install/GeographicLib:/opt/homebrew/Cellar/google-benchmark/1.9.4:/Users/dhruvpatel29/humble-ros2/src/ros-commondep/boost-1.74.0/::/opt/homebrew/opt/qt@5:/opt/homebrew/opt/qt@5 SHLVL=2 _=/usr/bin/env /opt/homebrew/bin/cmake /Users/dhruvpatel29/humble-ros2/src/ros2_control/filters -DCMAKE_EXE_LINKER_FLAGS="" -DCMAKE_SHARED_LINKER_FLAGS="" -DCMAKE_MODULE_LINKER_FLAGS="" -DAMENT_CMAKE_SYMLINK_INSTALL=1 -DCMAKE_INSTALL_PREFIX=/Users/dhruvpatel29/humble-ros2/src/ros2_control/install/filters
[25.571s] DEBUG:colcon.colcon_core.event_handler.log_command:Invoking command in '/Users/dhruvpatel29/humble-ros2/src/ros2_control/build/filters': CMAKE_PREFIX_PATH=/opt/homebrew/Cellar/google-benchmark/1.9.4:/Users/dhruvpatel29/humble-ros2/src/ros-commondep/boost:/Users/dhruvpatel29/humble-ros2/install/rosbag2_storage_mcap:/Users/dhruvpatel29/humble-ros2/install/rosbag2:/Users/dhruvpatel29/humble-ros2/install/rosbag2_compression_zstd:/Users/dhruvpatel29/humble-ros2/install/mcap_vendor:/Users/dhruvpatel29/humble-ros2/install/zstd_vendor:/Users/dhruvpatel29/humble-ros2/install/vision_msgs_rviz_plugins:/Users/dhruvpatel29/humble-ros2/install/test_ros_gz_bridge:/Users/dhruvpatel29/humble-ros2/install/sam_bot_description:/Users/dhruvpatel29/humble-ros2/install/rviz_visual_testing_framework:/Users/dhruvpatel29/humble-ros2/install/ros_ign:/Users/dhruvpatel29/humble-ros2/install/ros_ign_gazebo_demos:/Users/dhruvpatel29/humble-ros2/install/ros_gz:/Users/dhruvpatel29/humble-ros2/install/ros_gz_sim_demos:/Users/dhruvpatel29/humble-ros2/install/rviz2:/Users/dhruvpatel29/humble-ros2/install/nav2_rviz_plugins:/Users/dhruvpatel29/humble-ros2/install/rviz_default_plugins:/Users/dhruvpatel29/humble-ros2/install/rviz_common:/Users/dhruvpatel29/humble-ros2/install/rosbag2_py:/Users/dhruvpatel29/humble-ros2/install/rosbag2_transport:/Users/dhruvpatel29/humble-ros2/install/rosbag2_storage_default_plugins:/Users/dhruvpatel29/humble-ros2/install/rosbag2_performance_benchmarking:/Users/dhruvpatel29/humble-ros2/install/rosbag2_compression:/Users/dhruvpatel29/humble-ros2/install/rosbag2_cpp:/Users/dhruvpatel29/humble-ros2/install/rosbag2_storage:/Users/dhruvpatel29/humble-ros2/install/ros_ign_image:/Users/dhruvpatel29/humble-ros2/install/ros_ign_bridge:/Users/dhruvpatel29/humble-ros2/install/ros_gz_image:/Users/dhruvpatel29/humble-ros2/install/ros_gz_bridge:/Users/dhruvpatel29/humble-ros2/install/robot_localization:/Users/dhruvpatel29/humble-ros2/install/nav2_map_server:/Users/dhruvpatel29/humble-ros2/install/image_common:/Users/dhruvpatel29/humble-ros2/install/camera_info_manager:/Users/dhruvpatel29/humble-ros2/install/camera_calibration_parsers:/Users/dhruvpatel29/humble-ros2/install/yaml_cpp_vendor:/Users/dhruvpatel29/humble-ros2/install/moveit_resources_prbt_support:/Users/dhruvpatel29/humble-ros2/install/moveit_resources:/Users/dhruvpatel29/humble-ros2/install/moveit_resources_panda_moveit_config:/Users/dhruvpatel29/humble-ros2/install/moveit_resources_fanuc_moveit_config:/Users/dhruvpatel29/humble-ros2/install/xacro:/Users/dhruvpatel29/humble-ros2/install/warehouse_ros:/Users/dhruvpatel29/humble-ros2/install/moveit_task_constructor_msgs:/Users/dhruvpatel29/humble-ros2/install/interactive_markers:/Users/dhruvpatel29/humble-ros2/install/geometric_shapes:/Users/dhruvpatel29/humble-ros2/install/common_interfaces:/Users/dhruvpatel29/humble-ros2/install/visualization_msgs:/Users/dhruvpatel29/humble-ros2/install/vision_msgs:/Users/dhruvpatel29/humble-ros2/install/srdfdom:/Users/dhruvpatel29/humble-ros2/install/dummy_robot_bringup:/Users/dhruvpatel29/humble-ros2/install/robot_state_publisher:/Users/dhruvpatel29/humble-ros2/install/kinematics_interface_kdl:/Users/dhruvpatel29/humble-ros2/install/kdl_parser:/Users/dhruvpatel29/humble-ros2/install/joint_limits:/Users/dhruvpatel29/humble-ros2/install/urdf:/Users/dhruvpatel29/humble-ros2/install/urdfdom:/Users/dhruvpatel29/humble-ros2/install/urdf_parser_plugin:/Users/dhruvpatel29/humble-ros2/install/urdfdom_headers:/Users/dhruvpatel29/humble-ros2/install/turtlesim:/Users/dhruvpatel29/humble-ros2/install/transmission_interface:/Users/dhruvpatel29/humble-ros2/install/geometry2:/Users/dhruvpatel29/humble-ros2/install/tf2_sensor_msgs:/Users/dhruvpatel29/humble-ros2/install/test_tf2:/Users/dhruvpatel29/humble-ros2/install/tf2_kdl:/Users/dhruvpatel29/humble-ros2/install/nav_2d_utils:/Users/dhruvpatel29/humble-ros2/install/nav2_velocity_smoother:/Users/dhruvpatel29/humble-ros2/install/nav2_lifecycle_manager:/Users/dhruvpatel29/humble-ros2/install/nav2_amcl:/Users/dhruvpatel29/humble-ros2/install/nav2_util:/Users/dhruvpatel29/humble-ros2/install/tf2_geometry_msgs:/Users/dhruvpatel29/humble-ros2/install/tf2_eigen:/Users/dhruvpatel29/humble-ros2/install/tf2_bullet:/Users/dhruvpatel29/humble-ros2/install/tf2_ros:/Users/dhruvpatel29/humble-ros2/install/tf2_py:/Users/dhruvpatel29/humble-ros2/install/tf2_msgs:/Users/dhruvpatel29/humble-ros2/install/test_msgs:/Users/dhruvpatel29/humble-ros2/install/sros2_cmake:/Users/dhruvpatel29/humble-ros2/install/ros2cli_common_extensions:/Users/dhruvpatel29/humble-ros2/install/diagnostics:/Users/dhruvpatel29/humble-ros2/install/self_test:/Users/dhruvpatel29/humble-ros2/install/rqt_py_common:/Users/dhruvpatel29/humble-ros2/install/rosbag2_storage_mcap_testdata:/Users/dhruvpatel29/humble-ros2/install/ros_testing:/Users/dhruvpatel29/humble-ros2/install/ros2cli_test_interfaces:/Users/dhruvpatel29/humble-ros2/install/realtime_tools:/Users/dhruvpatel29/humble-ros2/install/quality_of_service_demo_cpp:/Users/dhruvpatel29/humble-ros2/install/nav2_common:/Users/dhruvpatel29/humble-ros2/install/image_transport:/Users/dhruvpatel29/humble-ros2/install/message_filters:/Users/dhruvpatel29/humble-ros2/install/demo_nodes_cpp:/Users/dhruvpatel29/humble-ros2/install/composition:/Users/dhruvpatel29/humble-ros2/install/laser_geometry:/Users/dhruvpatel29/humble-ros2/install/gps_tools:/Users/dhruvpatel29/humble-ros2/install/dynamixel_sdk_examples:/Users/dhruvpatel29/humble-ros2/install/diagnostic_common_diagnostics:/Users/dhruvpatel29/humble-ros2/install/diagnostic_updater:/Users/dhruvpatel29/humble-ros2/install/diagnostic_aggregator:/Users/dhruvpatel29/humble-ros2/install/rclpy:/Users/dhruvpatel29/humble-ros2/install/examples_rclcpp_minimal_action_server:/Users/dhruvpatel29/humble-ros2/install/examples_rclcpp_minimal_action_client:/Users/dhruvpatel29/humble-ros2/install/btcpp_ros2_samples:/Users/dhruvpatel29/humble-ros2/install/behaviortree_ros2:/Users/dhruvpatel29/humble-ros2/install/action_tutorials_cpp:/Users/dhruvpatel29/humble-ros2/install/rclcpp_action:/Users/dhruvpatel29/humble-ros2/install/rcl_action:/Users/dhruvpatel29/humble-ros2/install/moveit_msgs:/Users/dhruvpatel29/humble-ros2/install/object_recognition_msgs:/Users/dhruvpatel29/humble-ros2/install/nav2_msgs:/Users/dhruvpatel29/humble-ros2/install/nav2_dynamic_msgs:/Users/dhruvpatel29/humble-ros2/install/hardware_interface_testing:/Users/dhruvpatel29/humble-ros2/install/controller_interface:/Users/dhruvpatel29/humble-ros2/install/hardware_interface:/Users/dhruvpatel29/humble-ros2/install/geographic_info:/Users/dhruvpatel29/humble-ros2/install/geodesy:/Users/dhruvpatel29/humble-ros2/install/geographic_msgs:/Users/dhruvpatel29/humble-ros2/install/examples_rclcpp_wait_set:/Users/dhruvpatel29/humble-ros2/install/examples_rclcpp_minimal_service:/Users/dhruvpatel29/humble-ros2/install/examples_rclcpp_minimal_client:/Users/dhruvpatel29/humble-ros2/install/examples_rclcpp_async_client:/Users/dhruvpatel29/humble-ros2/install/example_interfaces:/Users/dhruvpatel29/humble-ros2/install/control_msgs:/Users/dhruvpatel29/humble-ros2/install/btcpp_ros2_interfaces:/Users/dhruvpatel29/humble-ros2/install/action_tutorials_interfaces:/Users/dhruvpatel29/humble-ros2/install/action_msgs:/Users/dhruvpatel29/humble-ros2/install/unique_identifier_msgs:/Users/dhruvpatel29/humble-ros2/install/ament_lint_common:/Users/dhruvpatel29/humble-ros2/install/ament_cmake_uncrustify:/Users/dhruvpatel29/humble-ros2/install/uncrustify_vendor:/Users/dhruvpatel29/humble-ros2/install/trajectory_msgs:/Users/dhruvpatel29/humble-ros2/install/topic_statistics_demo:/Users/dhruvpatel29/humble-ros2/install/test_tracetools:/Users/dhruvpatel29/humble-ros2/install/rosbag2_test_common:/Users/dhruvpatel29/humble-ros2/install/ros_ign_gazebo:/Users/dhruvpatel29/humble-ros2/install/ros_gz_sim:/Users/dhruvpatel29/humble-ros2/install/ros2lifecycle_test_fixtures:/Users/dhruvpatel29/humble-ros2/install/lifecycle:/Users/dhruvpatel29/humble-ros2/install/kinematics_interface:/Users/dhruvpatel29/humble-ros2/install/bond_core:/Users/dhruvpatel29/humble-ros2/install/bondcpp:/Users/dhruvpatel29/humble-ros2/install/rclcpp_lifecycle:/Users/dhruvpatel29/humble-ros2/install/logging_demo:/Users/dhruvpatel29/humble-ros2/install/image_tools:/Users/dhruvpatel29/humble-ros2/install/examples_rclcpp_minimal_subscriber:/Users/dhruvpatel29/humble-ros2/install/examples_rclcpp_minimal_composition:/Users/dhruvpatel29/humble-ros2/install/demo_nodes_cpp_native:/Users/dhruvpatel29/humble-ros2/install/rclcpp_components:/Users/dhruvpatel29/humble-ros2/install/nav2_voxel_grid:/Users/dhruvpatel29/humble-ros2/install/intra_process_demo:/Users/dhruvpatel29/humble-ros2/install/examples_rclcpp_multithreaded_executor:/Users/dhruvpatel29/humble-ros2/install/examples_rclcpp_minimal_timer:/Users/dhruvpatel29/humble-ros2/install/examples_rclcpp_minimal_publisher:/Users/dhruvpatel29/humble-ros2/install/examples_rclcpp_cbg_executor:/Users/dhruvpatel29/humble-ros2/install/dummy_sensors:/Users/dhruvpatel29/humble-ros2/install/dummy_map_server:/Users/dhruvpatel29/humble-ros2/install/behaviortree_cpp:/Users/dhruvpatel29/humble-ros2/install/rclcpp:/Users/dhruvpatel29/humble-ros2/install/rcl_lifecycle:/Users/dhruvpatel29/humble-ros2/install/libstatistics_collector:/Users/dhruvpatel29/humble-ros2/install/rcl:/Users/dhruvpatel29/humble-ros2/install/rmw_implementation:/Users/dhruvpatel29/humble-ros2/install/rmw_fastrtps_dynamic_cpp:/Users/dhruvpatel29/humble-ros2/install/rmw_fastrtps_cpp:/Users/dhruvpatel29/humble-ros2/install/rmw_fastrtps_shared_cpp:/Users/dhruvpatel29/humble-ros2/install/rmw_cyclonedds_cpp:/Users/dhruvpatel29/humble-ros2/install/tracetools:/Users/dhruvpatel29/humble-ros2/install/tinyxml_vendor:/Users/dhruvpatel29/humble-ros2/install/pluginlib:/Users/dhruvpatel29/humble-ros2/install/tinyxml2_vendor:/Users/dhruvpatel29/humble-ros2/install/tf2_eigen_kdl:/Users/dhruvpatel29/humble-ros2/install/tf2:/Users/dhruvpatel29/humble-ros2/install/test_security:/Users/dhruvpatel29/humble-ros2/install/test_rmw_implementation:/Users/dhruvpatel29/humble-ros2/install/test_rclcpp:/Users/dhruvpatel29/humble-ros2/install/test_quality_of_service:/Users/dhruvpatel29/humble-ros2/install/test_launch_testing:/Users/dhruvpatel29/humble-ros2/install/test_interface_files:/Users/dhruvpatel29/humble-ros2/install/test_communication:/Users/dhruvpatel29/humble-ros2/install/test_cli_remapping:/Users/dhruvpatel29/humble-ros2/install/test_cli:/Users/dhruvpatel29/humble-ros2/install/test_bond:/Users/dhruvpatel29/humble-ros2/install/qt_gui_core:/Users/dhruvpatel29/humble-ros2/install/qt_gui_app:/Users/dhruvpatel29/humble-ros2/install/qt_gui:/Users/dhruvpatel29/humble-ros2/install/tango_icons_vendor:/Users/dhruvpatel29/humble-ros2/install/stereo_msgs:/Users/dhruvpatel29/humble-ros2/install/std_srvs:/Users/dhruvpatel29/humble-ros2/install/shape_msgs:/Users/dhruvpatel29/humble-ros2/install/map_msgs:/Users/dhruvpatel29/humble-ros2/install/sensor_msgs:/Users/dhruvpatel29/humble-ros2/install/ros_ign_interfaces:/Users/dhruvpatel29/humble-ros2/install/ros_gz_interfaces:/Users/dhruvpatel29/humble-ros2/install/octomap_msgs:/Users/dhruvpatel29/humble-ros2/install/dwb_msgs:/Users/dhruvpatel29/humble-ros2/install/nav_msgs:/Users/dhruvpatel29/humble-ros2/install/nav_2d_msgs:/Users/dhruvpatel29/humble-ros2/install/graph_msgs:/Users/dhruvpatel29/humble-ros2/install/gps_msgs:/Users/dhruvpatel29/humble-ros2/install/diagnostic_msgs:/Users/dhruvpatel29/humble-ros2/install/geometry_msgs:/Users/dhruvpatel29/humble-ros2/install/bond:/Users/dhruvpatel29/humble-ros2/install/actuator_msgs:/Users/dhruvpatel29/humble-ros2/install/actionlib_msgs:/Users/dhruvpatel29/humble-ros2/install/ackermann_msgs:/Users/dhruvpatel29/humble-ros2/install/std_msgs:/Users/dhruvpatel29/humble-ros2/install/statistics_msgs:/Users/dhruvpatel29/humble-ros2/install/sqlite3_vendor:/Users/dhruvpatel29/humble-ros2/install/rcl_logging_spdlog:/Users/dhruvpatel29/humble-ros2/install/spdlog_vendor:/Users/dhruvpatel29/humble-ros2/install/smclib:/Users/dhruvpatel29/humble-ros2/install/shared_queues_vendor:/Users/dhruvpatel29/humble-ros2/install/rviz_rendering_tests:/Users/dhruvpatel29/humble-ros2/install/rviz_rendering:/Users/dhruvpatel29/humble-ros2/install/rviz_ogre_vendor:/Users/dhruvpatel29/humble-ros2/install/rviz_assimp_vendor:/Users/dhruvpatel29/humble-ros2/install/ruckig:/Users/dhruvpatel29/humble-ros2/install/rmw_connextddsmicro:/Users/dhruvpatel29/humble-ros2/install/rmw_connextdds:/Users/dhruvpatel29/humble-ros2/install/rmw_connextdds_common:/Users/dhruvpatel29/humble-ros2/install/rti_connext_dds_cmake_module:/Users/dhruvpatel29/humble-ros2/install/rosgraph_msgs:/Users/dhruvpatel29/humble-ros2/install/rosbag2_interfaces:/Users/dhruvpatel29/humble-ros2/install/rmw_dds_common:/Users/dhruvpatel29/humble-ros2/install/composition_interfaces:/Users/dhruvpatel29/humble-ros2/install/rcl_interfaces:/Users/dhruvpatel29/humble-ros2/install/pendulum_msgs:/Users/dhruvpatel29/humble-ros2/install/controller_manager_msgs:/Users/dhruvpatel29/humble-ros2/install/lifecycle_msgs:/Users/dhruvpatel29/humble-ros2/install/dynamixel_sdk_custom_interfaces:/Users/dhruvpatel29/humble-ros2/install/builtin_interfaces:/Users/dhruvpatel29/humble-ros2/install/rosidl_default_runtime:/Users/dhruvpatel29/humble-ros2/install/rosidl_default_generators:/Users/dhruvpatel29/humble-ros2/install/rosidl_generator_py:/Users/dhruvpatel29/humble-ros2/install/rosidl_typesupport_introspection_tests:/Users/dhruvpatel29/humble-ros2/install/rosidl_typesupport_cpp:/Users/dhruvpatel29/humble-ros2/install/rosidl_typesupport_introspection_cpp:/Users/dhruvpatel29/humble-ros2/install/rosidl_typesupport_c:/Users/dhruvpatel29/humble-ros2/install/rosidl_typesupport_introspection_c:/Users/dhruvpatel29/humble-ros2/install/rosidl_typesupport_fastrtps_c:/Users/dhruvpatel29/humble-ros2/install/rosidl_typesupport_fastrtps_cpp:/Users/dhruvpatel29/humble-ros2/install/rosidl_generator_cpp:/Users/dhruvpatel29/humble-ros2/install/rosidl_runtime_cpp:/Users/dhruvpatel29/humble-ros2/install/rcl_yaml_param_parser:/Users/dhruvpatel29/humble-ros2/install/rmw:/Users/dhruvpatel29/humble-ros2/install/rosidl_runtime_c:/Users/dhruvpatel29/humble-ros2/install/rosidl_generator_c:/Users/dhruvpatel29/humble-ros2/install/rosidl_typesupport_interface:/Users/dhruvpatel29/humble-ros2/install/rosidl_generator_dds_idl:/Users/dhruvpatel29/humble-ros2/install/rosidl_cmake:/Users/dhruvpatel29/humble-ros2/install/rosidl_parser:/Users/dhruvpatel29/humble-ros2/install/rosidl_adapter:/Users/dhruvpatel29/humble-ros2/install/rosbag2_tests:/Users/dhruvpatel29/humble-ros2/install/ros_environment:/Users/dhruvpatel29/humble-ros2/install/ros2_control_test_assets:/Users/dhruvpatel29/humble-ros2/install/ros2_control_cmake:/Users/dhruvpatel29/humble-ros2/install/rmw_implementation_cmake:/Users/dhruvpatel29/humble-ros2/install/resource_retriever:/Users/dhruvpatel29/humble-ros2/install/class_loader:/Users/dhruvpatel29/humble-ros2/install/rcpputils:/Users/dhruvpatel29/humble-ros2/install/rcl_logging_noop:/Users/dhruvpatel29/humble-ros2/install/rcl_logging_interface:/Users/dhruvpatel29/humble-ros2/install/rcutils:/Users/dhruvpatel29/humble-ros2/install/random_numbers:/Users/dhruvpatel29/humble-ros2/install/qt_gui_py_common:/Users/dhruvpatel29/humble-ros2/install/qt_dotgraph:/Users/dhruvpatel29/humble-ros2/install/python_qt_binding:/Users/dhruvpatel29/humble-ros2/install/python_orocos_kdl_vendor:/Users/dhruvpatel29/humble-ros2/install/launch_testing_ament_cmake:/Users/dhruvpatel29/humble-ros2/install/python_cmake_module:/Users/dhruvpatel29/humble-ros2/install/pybind11_vendor:/Users/dhruvpatel29/humble-ros2/install/performance_test_fixture:/Users/dhruvpatel29/humble-ros2/install/osrf_testing_tools_cpp:/Users/dhruvpatel29/humble-ros2/install/orocos_kdl_vendor:/Users/dhruvpatel29/humble-ros2/install/octomap-distribution:/Users/dhruvpatel29/humble-ros2/install/nav2_costmap_filters_demo:/Users/dhruvpatel29/humble-ros2/install/moveit_resources_pr2_description:/Users/dhruvpatel29/humble-ros2/install/moveit_resources_panda_description:/Users/dhruvpatel29/humble-ros2/install/moveit_resources_fanuc_description:/Users/dhruvpatel29/humble-ros2/install/moveit_common:/Users/dhruvpatel29/humble-ros2/install/mimick_vendor:/Users/dhruvpatel29/humble-ros2/install/libyaml_vendor:/Users/dhruvpatel29/humble-ros2/install/libcurl_vendor:/Users/dhruvpatel29/humble-ros2/install/keyboard_handler:/Users/dhruvpatel29/humble-ros2/install/iceoryx_introspection:/Users/dhruvpatel29/humble-ros2/install/cyclonedds:/Users/dhruvpatel29/humble-ros2/install/iceoryx_posh:/Users/dhruvpatel29/humble-ros2/install/iceoryx_hoofs:/Users/dhruvpatel29/humble-ros2/install/iceoryx_binding_c:/Users/dhruvpatel29/humble-ros2/install/gz-transport14:/Users/dhruvpatel29/humble-ros2/install/ament_cmake_ros:/Users/dhruvpatel29/humble-ros2/install/ament_cmake_auto:/Users/dhruvpatel29/humble-ros2/install/ament_cmake_gmock:/Users/dhruvpatel29/humble-ros2/install/gmock_vendor:/Users/dhruvpatel29/humble-ros2/install/ament_cmake_gtest:/Users/dhruvpatel29/humble-ros2/install/gtest_vendor:/Users/dhruvpatel29/humble-ros2/install/ament_cmake_google_benchmark:/Users/dhruvpatel29/humble-ros2/install/fastrtps:/Users/dhruvpatel29/humble-ros2/install/foonathan_memory_vendor:/Users/dhruvpatel29/humble-ros2/install/fastrtps_cmake_module:/Users/dhruvpatel29/humble-ros2/install/fastcdr:/Users/dhruvpatel29/humble-ros2/install/eigen_stl_containers:/Users/dhruvpatel29/humble-ros2/install/eigen3_cmake_module:/Users/dhruvpatel29/humble-ros2/install/dynamixel_sdk:/Users/dhruvpatel29/humble-ros2/install/diagnostic_remote_logging:/Users/dhruvpatel29/humble-ros2/install/console_bridge_vendor:/Users/dhruvpatel29/humble-ros2/install/ceres-solver:/Users/dhruvpatel29/humble-ros2/install/backward_ros:/Users/dhruvpatel29/humble-ros2/install/ament_cmake_xmllint:/Users/dhruvpatel29/humble-ros2/install/ament_cmake_pyflakes:/Users/dhruvpatel29/humble-ros2/install/ament_cmake_pycodestyle:/Users/dhruvpatel29/humble-ros2/install/ament_cmake_pep257:/Users/dhruvpatel29/humble-ros2/install/ament_cmake_pclint:/Users/dhruvpatel29/humble-ros2/install/ament_lint_auto:/Users/dhruvpatel29/humble-ros2/install/ament_cmake:/Users/dhruvpatel29/humble-ros2/install/ament_cmake_version:/Users/dhruvpatel29/humble-ros2/install/ament_cmake_vendor_package:/Users/dhruvpatel29/humble-ros2/install/ament_cmake_pytest:/Users/dhruvpatel29/humble-ros2/install/ament_cmake_nose:/Users/dhruvpatel29/humble-ros2/install/ament_cmake_mypy:/Users/dhruvpatel29/humble-ros2/install/ament_cmake_lint_cmake:/Users/dhruvpatel29/humble-ros2/install/ament_cmake_flake8:/Users/dhruvpatel29/humble-ros2/install/ament_cmake_cpplint:/Users/dhruvpatel29/humble-ros2/install/ament_cmake_cppcheck:/Users/dhruvpatel29/humble-ros2/install/ament_cmake_copyright:/Users/dhruvpatel29/humble-ros2/install/ament_cmake_clang_tidy:/Users/dhruvpatel29/humble-ros2/install/ament_cmake_clang_format:/Users/dhruvpatel29/humble-ros2/install/ament_cmake_test:/Users/dhruvpatel29/humble-ros2/install/ament_cmake_target_dependencies:/Users/dhruvpatel29/humble-ros2/install/ament_cmake_python:/Users/dhruvpatel29/humble-ros2/install/ament_cmake_export_dependencies:/Users/dhruvpatel29/humble-ros2/install/ament_cmake_libraries:/Users/dhruvpatel29/humble-ros2/install/ament_cmake_include_directories:/Users/dhruvpatel29/humble-ros2/install/ament_cmake_gen_version_h:/Users/dhruvpatel29/humble-ros2/install/ament_cmake_export_targets:/Users/dhruvpatel29/humble-ros2/install/ament_cmake_export_link_flags:/Users/dhruvpatel29/humble-ros2/install/ament_cmake_export_interfaces:/Users/dhruvpatel29/humble-ros2/install/ament_cmake_export_libraries:/Users/dhruvpatel29/humble-ros2/install/ament_cmake_export_include_directories:/Users/dhruvpatel29/humble-ros2/install/ament_cmake_export_definitions:/Users/dhruvpatel29/humble-ros2/install/ament_cmake_core:/Users/dhruvpatel29/humble-ros2/install/ament_index_cpp:/Users/dhruvpatel29/humble-ros2/install/GeographicLib:/Users/dhruvpatel29/ros2_ws/install/turtlesim_final:/Users/dhruvpatel29/ros2_ws/install/turtlecatch_bringup:/Users/dhruvpatel29/ros2_ws/install/turtlebot4_simulator:/Users/dhruvpatel29/ros2_ws/install/turtlebot4_ignition_bringup:/Users/dhruvpatel29/ros2_ws/install/turtlebot4_desktop:/Users/dhruvpatel29/ros2_ws/install/turtlebot4_viz:/Users/dhruvpatel29/ros2_ws/install/turtlebot4_node:/Users/dhruvpatel29/ros2_ws/install/turtlebot4_navigation:/Users/dhruvpatel29/ros2_ws/install/turtlebot4_ignition_toolbox:/Users/dhruvpatel29/ros2_ws/install/turtlebot4_msgs:/Users/dhruvpatel29/ros2_ws/install/turtlebot4_ignition_gui_plugins:/Users/dhruvpatel29/ros2_ws/install/turtlebot4_description:/Users/dhruvpatel29/ros2_ws/install/turtlebot3:/Users/dhruvpatel29/ros2_ws/install/turtlebot3_bringup:/Users/dhruvpatel29/ros2_ws/install/turtlebot3_node:/Users/dhruvpatel29/ros2_ws/install/turtlebot3_navigation2:/Users/dhruvpatel29/ros2_ws/install/turtlebot3_msgs:/Users/dhruvpatel29/ros2_ws/install/turtlebot3_description:/Users/dhruvpatel29/ros2_ws/install/turtlebot3_cartographer:/Users/dhruvpatel29/ros2_ws/install/robot_arm_controller:/Users/dhruvpatel29/ros2_ws/install/polygon_plugins:/Users/dhruvpatel29/ros2_ws/install/polygon_base:/Users/dhruvpatel29/ros2_ws/install/my_robot_station_bringup:/Users/dhruvpatel29/ros2_ws/install/my_robot_lifecycle_bringup:/Users/dhruvpatel29/ros2_ws/install/my_robot_bringup:/Users/dhruvpatel29/ros2_ws/install/my_cpp_pkg:/Users/dhruvpatel29/ros2_ws/install/actions_cpp:/Users/dhruvpatel29/ros2_ws/install/my_robot_interfaces:/Users/dhruvpatel29/ros2_ws/install/my_robot_bringup_gazebo:/Users/dhruvpatel29/ros2_ws/install/my_robot_description:/Users/dhruvpatel29/ros2_ws/install/moveit2_tutorials:/Users/dhruvpatel29/ros2_ws/install/lifecycle_cpp:/Users/dhruvpatel29/ros2_ws/install/irobot_create_ignition_sim:/Users/dhruvpatel29/ros2_ws/install/irobot_create_ignition_bringup:/Users/dhruvpatel29/ros2_ws/install/irobot_create_gazebo_sim:/Users/dhruvpatel29/ros2_ws/install/irobot_create_gazebo_bringup:/Users/dhruvpatel29/ros2_ws/install/irobot_create_common_bringup:/Users/dhruvpatel29/ros2_ws/install/irobot_create_nodes:/Users/dhruvpatel29/ros2_ws/install/irobot_create_ignition_toolbox:/Users/dhruvpatel29/ros2_ws/install/irobot_create_gazebo_plugins:/Users/dhruvpatel29/ros2_ws/install/irobot_create_toolbox:/Users/dhruvpatel29/ros2_ws/install/irobot_create_msgs:/Users/dhruvpatel29/ros2_ws/install/irobot_create_ignition_plugins:/Users/dhruvpatel29/ros2_ws/install/irobot_create_description:/Users/dhruvpatel29/ros2_ws/install/irobot_create_control:/Users/dhruvpatel29/ros2_ws/install/executors_cpp:/Users/dhruvpatel29/ros2_ws/install/components_cpp:/Users/dhruvpatel29/ros2_ws/install/add_two_ints_cpp:/Users/dhruvpatel29/backup_ros/humble-ros2/install/mcap_vendor:/Users/dhruvpatel29/backup_ros/humble-ros2/install/zstd_vendor:/Users/dhruvpatel29/backup_ros/humble-ros2/install/rviz_visual_testing_framework:/Users/dhruvpatel29/backup_ros/humble-ros2/install/rviz_common:/Users/dhruvpatel29/backup_ros/humble-ros2/install/rosbag2_storage:/Users/dhruvpatel29/backup_ros/humble-ros2/install/nav2_map_server:/Users/dhruvpatel29/backup_ros/humble-ros2/install/yaml_cpp_vendor:/Users/dhruvpatel29/backup_ros/humble-ros2/install/xtensor:/Users/dhruvpatel29/backup_ros/humble-ros2/install/xsimd:/Users/dhruvpatel29/backup_ros/humble-ros2/install/xtl:/Users/dhruvpatel29/backup_ros/humble-ros2/install/moveit_resources_prbt_support:/Users/dhruvpatel29/backup_ros/humble-ros2/install/moveit_resources_panda_moveit_config:/Users/dhruvpatel29/backup_ros/humble-ros2/install/moveit_resources_fanuc_moveit_config:/Users/dhruvpatel29/backup_ros/humble-ros2/install/xacro:/Users/dhruvpatel29/backup_ros/humble-ros2/install/warehouse_ros:/Users/dhruvpatel29/backup_ros/humble-ros2/install/interactive_markers:/Users/dhruvpatel29/backup_ros/humble-ros2/install/geometric_shapes:/Users/dhruvpatel29/backup_ros/humble-ros2/install/common_interfaces:/Users/dhruvpatel29/backup_ros/humble-ros2/install/visualization_msgs:/Users/dhruvpatel29/backup_ros/humble-ros2/install/vision_msgs:/Users/dhruvpatel29/backup_ros/humble-ros2/install/srdfdom:/Users/dhruvpatel29/backup_ros/humble-ros2/install/robot_state_publisher:/Users/dhruvpatel29/backup_ros/humble-ros2/install/kdl_parser:/Users/dhruvpatel29/backup_ros/humble-ros2/install/urdf:/Users/dhruvpatel29/backup_ros/humble-ros2/install/urdfdom:/Users/dhruvpatel29/backup_ros/humble-ros2/install/urdf_parser_plugin:/Users/dhruvpatel29/backup_ros/humble-ros2/install/urdfdom_headers:/Users/dhruvpatel29/backup_ros/humble-ros2/install/tf2_sensor_msgs:/Users/dhruvpatel29/backup_ros/humble-ros2/install/tf2_kdl:/Users/dhruvpatel29/backup_ros/humble-ros2/install/nav2_lifecycle_manager:/Users/dhruvpatel29/backup_ros/humble-ros2/install/nav2_util:/Users/dhruvpatel29/backup_ros/humble-ros2/install/tf2_geometry_msgs:/Users/dhruvpatel29/backup_ros/humble-ros2/install/tf2_eigen:/Users/dhruvpatel29/backup_ros/humble-ros2/install/tf2_ros:/Users/dhruvpatel29/backup_ros/humble-ros2/install/tf2_py:/Users/dhruvpatel29/backup_ros/humble-ros2/install/tf2_msgs:/Users/dhruvpatel29/backup_ros/humble-ros2/install/test_msgs:/Users/dhruvpatel29/backup_ros/humble-ros2/install/rqt_py_common:/Users/dhruvpatel29/backup_ros/humble-ros2/install/rosbag2_storage_mcap_testdata:/Users/dhruvpatel29/backup_ros/humble-ros2/install/ros_testing:/Users/dhruvpatel29/backup_ros/humble-ros2/install/controller_manager:/Users/dhruvpatel29/backup_ros/humble-ros2/install/ros2cli_test_interfaces:/Users/dhruvpatel29/backup_ros/humble-ros2/install/realtime_tools:/Users/dhruvpatel29/backup_ros/humble-ros2/install/nav2_common:/Users/dhruvpatel29/backup_ros/humble-ros2/install/image_transport:/Users/dhruvpatel29/backup_ros/humble-ros2/install/message_filters:/Users/dhruvpatel29/backup_ros/humble-ros2/install/laser_geometry:/Users/dhruvpatel29/backup_ros/humble-ros2/install/generate_parameter_library:/Users/dhruvpatel29/backup_ros/humble-ros2/install/diagnostic_updater:/Users/dhruvpatel29/backup_ros/humble-ros2/install/rclpy:/Users/dhruvpatel29/backup_ros/humble-ros2/install/rclcpp_action:/Users/dhruvpatel29/backup_ros/humble-ros2/install/rcl_action:/Users/dhruvpatel29/backup_ros/humble-ros2/install/moveit_msgs:/Users/dhruvpatel29/backup_ros/humble-ros2/install/object_recognition_msgs:/Users/dhruvpatel29/backup_ros/humble-ros2/install/nav2_msgs:/Users/dhruvpatel29/backup_ros/humble-ros2/install/hardware_interface_testing:/Users/dhruvpatel29/backup_ros/humble-ros2/install/controller_interface:/Users/dhruvpatel29/backup_ros/humble-ros2/install/hardware_interface:/Users/dhruvpatel29/backup_ros/humble-ros2/install/geographic_msgs:/Users/dhruvpatel29/backup_ros/humble-ros2/install/example_interfaces:/Users/dhruvpatel29/backup_ros/humble-ros2/install/control_msgs:/Users/dhruvpatel29/backup_ros/humble-ros2/install/btcpp_ros2_interfaces:/Users/dhruvpatel29/backup_ros/humble-ros2/install/action_tutorials_interfaces:/Users/dhruvpatel29/backup_ros/humble-ros2/install/action_msgs:/Users/dhruvpatel29/backup_ros/humble-ros2/install/unique_identifier_msgs:/Users/dhruvpatel29/backup_ros/humble-ros2/install/ament_lint_common:/Users/dhruvpatel29/backup_ros/humble-ros2/install/ament_cmake_uncrustify:/Users/dhruvpatel29/backup_ros/humble-ros2/install/uncrustify_vendor:/Users/dhruvpatel29/backup_ros/humble-ros2/install/trajectory_msgs:/Users/dhruvpatel29/backup_ros/humble-ros2/install/parameter_traits:/Users/dhruvpatel29/humble-ros2/install/rqt_bag_plugins:/Users/dhruvpatel29/humble-ros2/install/rqt_bag:/Users/dhruvpatel29/humble-ros2/install/launch_testing_examples:/Users/dhruvpatel29/humble-ros2/install/ros2bag:/Users/dhruvpatel29/humble-ros2/install/moveit_configs_utils:/Users/dhruvpatel29/humble-ros2/install/launch_param_builder:/Users/dhruvpatel29/humble-ros2/install/kf_hungarian_tracker:/Users/dhruvpatel29/humble-ros2/install/tracetools_test:/Users/dhruvpatel29/humble-ros2/install/tracetools_launch:/Users/dhruvpatel29/humble-ros2/install/topic_monitor:/Users/dhruvpatel29/humble-ros2/install/tf2_tools:/Users/dhruvpatel29/humble-ros2/install/examples_tf2_py:/Users/dhruvpatel29/humble-ros2/install/tf2_ros_py:/Users/dhruvpatel29/humble-ros2/install/sros2:/Users/dhruvpatel29/humble-ros2/install/rqt_topic:/Users/dhruvpatel29/humble-ros2/install/rqt_srv:/Users/dhruvpatel29/humble-ros2/install/rqt_shell:/Users/dhruvpatel29/humble-ros2/install/rqt_service_caller:/Users/dhruvpatel29/humble-ros2/install/rqt_reconfigure:/Users/dhruvpatel29/humble-ros2/install/rqt_py_console:/Users/dhruvpatel29/humble-ros2/install/rqt_publisher:/Users/dhruvpatel29/humble-ros2/install/rqt_plot:/Users/dhruvpatel29/humble-ros2/install/rqt_action:/Users/dhruvpatel29/humble-ros2/install/rqt_msg:/Users/dhruvpatel29/humble-ros2/install/rqt_console:/Users/dhruvpatel29/humble-ros2/install/rqt:/Users/dhruvpatel29/humble-ros2/install/rqt_joint_trajectory_controller:/Users/dhruvpatel29/humble-ros2/install/rqt_graph:/Users/dhruvpatel29/humble-ros2/install/rqt_gui_py:/Users/dhruvpatel29/humble-ros2/install/rqt_gui:/Users/dhruvpatel29/humble-ros2/install/ros2trace:/Users/dhruvpatel29/humble-ros2/install/ros2topic:/Users/dhruvpatel29/humble-ros2/install/ros2test:/Users/dhruvpatel29/humble-ros2/install/ros2component:/Users/dhruvpatel29/humble-ros2/install/ros2param:/Users/dhruvpatel29/humble-ros2/install/ros2lifecycle:/Users/dhruvpatel29/humble-ros2/install/ros2service:/Users/dhruvpatel29/humble-ros2/install/ros2run:/Users/dhruvpatel29/humble-ros2/install/ros2launch:/Users/dhruvpatel29/humble-ros2/install/ros2pkg:/Users/dhruvpatel29/humble-ros2/install/ros2node:/Users/dhruvpatel29/humble-ros2/install/ros2multicast:/Users/dhruvpatel29/humble-ros2/install/ros2interface:/Users/dhruvpatel29/humble-ros2/install/ros2doctor:/Users/dhruvpatel29/humble-ros2/install/ros2action:/Users/dhruvpatel29/humble-ros2/install/ros2cli:/Users/dhruvpatel29/humble-ros2/install/ros2_controllers_test_nodes:/Users/dhruvpatel29/humble-ros2/install/quality_of_service_demo_py:/Users/dhruvpatel29/humble-ros2/install/nav2_simple_commander:/Users/dhruvpatel29/humble-ros2/install/lifecycle_py:/Users/dhruvpatel29/humble-ros2/install/launch_testing_ros:/Users/dhruvpatel29/humble-ros2/install/launch_ros:/Users/dhruvpatel29/humble-ros2/install/examples_rclpy_pointcloud_publisher:/Users/dhruvpatel29/humble-ros2/install/examples_rclpy_minimal_subscriber:/Users/dhruvpatel29/humble-ros2/install/examples_rclpy_minimal_service:/Users/dhruvpatel29/humble-ros2/install/examples_rclpy_minimal_publisher:/Users/dhruvpatel29/humble-ros2/install/examples_rclpy_minimal_client:/Users/dhruvpatel29/humble-ros2/install/examples_rclpy_minimal_action_server:/Users/dhruvpatel29/humble-ros2/install/examples_rclpy_minimal_action_client:/Users/dhruvpatel29/humble-ros2/install/examples_rclpy_guard_conditions:/Users/dhruvpatel29/humble-ros2/install/examples_rclpy_executors:/Users/dhruvpatel29/humble-ros2/install/demo_nodes_py:/Users/dhruvpatel29/humble-ros2/install/camera_info_manager_py:/Users/dhruvpatel29/humble-ros2/install/bondpy:/Users/dhruvpatel29/humble-ros2/install/action_tutorials_py:/Users/dhruvpatel29/humble-ros2/install/ament_uncrustify:/Users/dhruvpatel29/humble-ros2/install/tracetools_trace:/Users/dhruvpatel29/humble-ros2/install/tracetools_read:/Users/dhruvpatel29/humble-ros2/install/test_tracetools_launch:/Users/dhruvpatel29/humble-ros2/install/test_launch_ros:/Users/dhruvpatel29/humble-ros2/install/sensor_msgs_py:/Users/dhruvpatel29/humble-ros2/install/rpyutils:/Users/dhruvpatel29/humble-ros2/install/rosidl_runtime_py:/Users/dhruvpatel29/humble-ros2/install/rosidl_cli:/Users/dhruvpatel29/humble-ros2/install/launch_pytest:/Users/dhruvpatel29/humble-ros2/install/launch_testing:/Users/dhruvpatel29/humble-ros2/install/launch_yaml:/Users/dhruvpatel29/humble-ros2/install/launch_xml:/Users/dhruvpatel29/humble-ros2/install/launch:/Users/dhruvpatel29/humble-ros2/install/osrf_pycommon:/Users/dhruvpatel29/humble-ros2/install/domain_coordinator:/Users/dhruvpatel29/humble-ros2/install/ament_xmllint:/Users/dhruvpatel29/humble-ros2/install/ament_pyflakes:/Users/dhruvpatel29/humble-ros2/install/ament_pycodestyle:/Users/dhruvpatel29/humble-ros2/install/ament_pep257:/Users/dhruvpatel29/humble-ros2/install/ament_pclint:/Users/dhruvpatel29/humble-ros2/install/ament_package:/Users/dhruvpatel29/humble-ros2/install/ament_mypy:/Users/dhruvpatel29/humble-ros2/install/ament_lint_cmake:/Users/dhruvpatel29/humble-ros2/install/ament_flake8:/Users/dhruvpatel29/humble-ros2/install/ament_copyright:/Users/dhruvpatel29/humble-ros2/install/ament_lint:/Users/dhruvpatel29/humble-ros2/install/ament_index_python:/Users/dhruvpatel29/humble-ros2/install/ament_cpplint:/Users/dhruvpatel29/humble-ros2/install/ament_cppcheck:/Users/dhruvpatel29/humble-ros2/install/ament_clang_tidy:/Users/dhruvpatel29/humble-ros2/install/ament_clang_format:/Users/dhruvpatel29/ros2_ws/install/turtlesim_catch_them_all:/Users/dhruvpatel29/ros2_ws/install/turtlebot3_teleop:/Users/dhruvpatel29/ros2_ws/install/turtlebot3_example:/Users/dhruvpatel29/ros2_ws/install/number_counter:/Users/dhruvpatel29/ros2_ws/install/my_py_pkg:/Users/dhruvpatel29/ros2_ws/install/actions_py:/Users/dhruvpatel29/ros2_ws/install/lifecycle_py:/Users/dhruvpatel29/ros2_ws/install/executors_py:/Users/dhruvpatel29/ros2_ws/install/components_py:/Users/dhruvpatel29/ros2_ws/install/add_two_ints:/Users/dhruvpatel29/backup_ros/humble-ros2/install/moveit_configs_utils:/Users/dhruvpatel29/backup_ros/humble-ros2/install/launch_param_builder:/Users/dhruvpatel29/backup_ros/humble-ros2/install/tf2_ros_py:/Users/dhruvpatel29/backup_ros/humble-ros2/install/rqt_gui_py:/Users/dhruvpatel29/backup_ros/humble-ros2/install/rqt_gui:/Users/dhruvpatel29/backup_ros/humble-ros2/install/ros2topic:/Users/dhruvpatel29/backup_ros/humble-ros2/install/ros2test:/Users/dhruvpatel29/backup_ros/humble-ros2/install/ros2param:/Users/dhruvpatel29/backup_ros/humble-ros2/install/ros2service:/Users/dhruvpatel29/backup_ros/humble-ros2/install/ros2run:/Users/dhruvpatel29/backup_ros/humble-ros2/install/ros2pkg:/Users/dhruvpatel29/backup_ros/humble-ros2/install/ros2node:/Users/dhruvpatel29/backup_ros/humble-ros2/install/ros2cli:/Users/dhruvpatel29/backup_ros/humble-ros2/install/launch_testing_ros:/Users/dhruvpatel29/backup_ros/humble-ros2/install/launch_ros:/Users/dhruvpatel29/backup_ros/humble-ros2/install/joint_state_publisher_gui:/Users/dhruvpatel29/backup_ros/humble-ros2/install/joint_state_publisher:/Users/dhruvpatel29/backup_ros/humble-ros2/install/ament_uncrustify:/Users/dhruvpatel29/backup_ros/humble-ros2/install/tracetools_trace:/Users/dhruvpatel29/backup_ros/humble-ros2/install/tracetools_read:/Users/dhruvpatel29/backup_ros/humble-ros2/install/sensor_msgs_py:/Users/dhruvpatel29/backup_ros/humble-ros2/install/rpyutils:/Users/dhruvpatel29/backup_ros/humble-ros2/install/rosidl_runtime_py:/Users/dhruvpatel29/backup_ros/humble-ros2/install/rosidl_cli:/Users/dhruvpatel29/backup_ros/humble-ros2/install/launch_pytest:/Users/dhruvpatel29/backup_ros/humble-ros2/install/launch_testing:/Users/dhruvpatel29/backup_ros/humble-ros2/install/launch_yaml:/Users/dhruvpatel29/backup_ros/humble-ros2/install/launch_xml:/Users/dhruvpatel29/backup_ros/humble-ros2/install/launch:/Users/dhruvpatel29/backup_ros/humble-ros2/install/osrf_pycommon:/Users/dhruvpatel29/backup_ros/humble-ros2/install/generate_parameter_library_py:/Users/dhruvpatel29/backup_ros/humble-ros2/install/domain_coordinator:/Users/dhruvpatel29/backup_ros/humble-ros2/install/ament_xmllint:/Users/dhruvpatel29/backup_ros/humble-ros2/install/ament_pyflakes:/Users/dhruvpatel29/backup_ros/humble-ros2/install/ament_pycodestyle:/Users/dhruvpatel29/backup_ros/humble-ros2/install/ament_pep257:/Users/dhruvpatel29/backup_ros/humble-ros2/install/ament_pclint:/Users/dhruvpatel29/backup_ros/humble-ros2/install/ament_package:/Users/dhruvpatel29/backup_ros/humble-ros2/install/ament_mypy:/Users/dhruvpatel29/backup_ros/humble-ros2/install/ament_lint_cmake:/Users/dhruvpatel29/backup_ros/humble-ros2/install/ament_flake8:/Users/dhruvpatel29/backup_ros/humble-ros2/install/ament_copyright:/Users/dhruvpatel29/backup_ros/humble-ros2/install/ament_lint:/Users/dhruvpatel29/backup_ros/humble-ros2/install/ament_index_python:/Users/dhruvpatel29/backup_ros/humble-ros2/install/ament_cpplint:/Users/dhruvpatel29/backup_ros/humble-ros2/install/ament_cppcheck:/Users/dhruvpatel29/backup_ros/humble-ros2/install/ament_clang_tidy:/Users/dhruvpatel29/backup_ros/humble-ros2/install/ament_clang_format:/Users/dhruvpatel29/backup_ros/humble-ros2/install/rsl:/Users/dhruvpatel29/backup_ros/humble-ros2/install/rosbag2_test_common:/Users/dhruvpatel29/backup_ros/humble-ros2/install/bondcpp:/Users/dhruvpatel29/backup_ros/humble-ros2/install/rclcpp_lifecycle:/Users/dhruvpatel29/backup_ros/humble-ros2/install/rclcpp_components:/Users/dhruvpatel29/backup_ros/humble-ros2/install/nav2_voxel_grid:/Users/dhruvpatel29/backup_ros/humble-ros2/install/rclcpp:/Users/dhruvpatel29/backup_ros/humble-ros2/install/rcl_lifecycle:/Users/dhruvpatel29/backup_ros/humble-ros2/install/libstatistics_collector:/Users/dhruvpatel29/backup_ros/humble-ros2/install/rcl:/Users/dhruvpatel29/backup_ros/humble-ros2/install/rmw_implementation:/Users/dhruvpatel29/backup_ros/humble-ros2/install/rmw_fastrtps_dynamic_cpp:/Users/dhruvpatel29/backup_ros/humble-ros2/install/rmw_fastrtps_cpp:/Users/dhruvpatel29/backup_ros/humble-ros2/install/rmw_fastrtps_shared_cpp:/Users/dhruvpatel29/backup_ros/humble-ros2/install/rmw_cyclonedds_cpp:/Users/dhruvpatel29/backup_ros/humble-ros2/install/tracetools:/Users/dhruvpatel29/backup_ros/humble-ros2/install/tl_expected:/Users/dhruvpatel29/backup_ros/humble-ros2/install/tinyxml_vendor:/Users/dhruvpatel29/backup_ros/humble-ros2/install/pluginlib:/Users/dhruvpatel29/backup_ros/humble-ros2/install/tinyxml2_vendor:/Users/dhruvpatel29/backup_ros/humble-ros2/install/tf2_eigen_kdl:/Users/dhruvpatel29/backup_ros/humble-ros2/install/tf2:/Users/dhruvpatel29/backup_ros/humble-ros2/install/test_rmw_implementation:/Users/dhruvpatel29/backup_ros/humble-ros2/install/test_launch_testing:/Users/dhruvpatel29/backup_ros/humble-ros2/install/test_interface_files:/Users/dhruvpatel29/backup_ros/humble-ros2/install/tcb_span:/Users/dhruvpatel29/backup_ros/humble-ros2/install/qt_gui_core:/Users/dhruvpatel29/backup_ros/humble-ros2/install/qt_gui_app:/Users/dhruvpatel29/backup_ros/humble-ros2/install/qt_gui:/Users/dhruvpatel29/backup_ros/humble-ros2/install/tango_icons_vendor:/Users/dhruvpatel29/backup_ros/humble-ros2/install/stereo_msgs:/Users/dhruvpatel29/backup_ros/humble-ros2/install/std_srvs:/Users/dhruvpatel29/backup_ros/humble-ros2/install/shape_msgs:/Users/dhruvpatel29/backup_ros/humble-ros2/install/map_msgs:/Users/dhruvpatel29/backup_ros/humble-ros2/install/cv_bridge:/Users/dhruvpatel29/backup_ros/humble-ros2/install/sensor_msgs:/Users/dhruvpatel29/backup_ros/humble-ros2/install/ros_gz_interfaces:/Users/dhruvpatel29/backup_ros/humble-ros2/install/octomap_msgs:/Users/dhruvpatel29/backup_ros/humble-ros2/install/nav_msgs:/Users/dhruvpatel29/backup_ros/humble-ros2/install/nav_2d_msgs:/Users/dhruvpatel29/backup_ros/humble-ros2/install/graph_msgs:/Users/dhruvpatel29/backup_ros/humble-ros2/install/gps_msgs:/Users/dhruvpatel29/backup_ros/humble-ros2/install/diagnostic_msgs:/Users/dhruvpatel29/backup_ros/humble-ros2/install/geometry_msgs:/Users/dhruvpatel29/backup_ros/humble-ros2/install/bond:/Users/dhruvpatel29/backup_ros/humble-ros2/install/actuator_msgs:/Users/dhruvpatel29/backup_ros/humble-ros2/install/actionlib_msgs:/Users/dhruvpatel29/backup_ros/humble-ros2/install/ackermann_msgs:/Users/dhruvpatel29/backup_ros/humble-ros2/install/std_msgs:/Users/dhruvpatel29/backup_ros/humble-ros2/install/statistics_msgs:/Users/dhruvpatel29/backup_ros/humble-ros2/install/sqlite3_vendor:/Users/dhruvpatel29/backup_ros/humble-ros2/install/rcl_logging_spdlog:/Users/dhruvpatel29/backup_ros/humble-ros2/install/spdlog_vendor:/Users/dhruvpatel29/backup_ros/humble-ros2/install/smclib:/Users/dhruvpatel29/backup_ros/humble-ros2/install/shared_queues_vendor:/Users/dhruvpatel29/backup_ros/humble-ros2/install/rviz_rendering_tests:/Users/dhruvpatel29/backup_ros/humble-ros2/install/rviz_rendering:/Users/dhruvpatel29/backup_ros/humble-ros2/install/rviz_ogre_vendor:/Users/dhruvpatel29/backup_ros/humble-ros2/install/rviz_assimp_vendor:/Users/dhruvpatel29/backup_ros/humble-ros2/install/ruckig:/Users/dhruvpatel29/backup_ros/humble-ros2/install/rmw_connextddsmicro:/Users/dhruvpatel29/backup_ros/humble-ros2/install/rmw_connextdds:/Users/dhruvpatel29/backup_ros/humble-ros2/install/rmw_connextdds_common:/Users/dhruvpatel29/backup_ros/humble-ros2/install/rti_connext_dds_cmake_module:/Users/dhruvpatel29/backup_ros/humble-ros2/install/rosgraph_msgs:/Users/dhruvpatel29/backup_ros/humble-ros2/install/rosbag2_interfaces:/Users/dhruvpatel29/backup_ros/humble-ros2/install/rmw_dds_common:/Users/dhruvpatel29/backup_ros/humble-ros2/install/composition_interfaces:/Users/dhruvpatel29/backup_ros/humble-ros2/install/rcl_interfaces:/Users/dhruvpatel29/backup_ros/humble-ros2/install/pendulum_msgs:/Users/dhruvpatel29/backup_ros/humble-ros2/install/controller_manager_msgs:/Users/dhruvpatel29/backup_ros/humble-ros2/install/lifecycle_msgs:/Users/dhruvpatel29/backup_ros/humble-ros2/install/dynamixel_sdk_custom_interfaces:/Users/dhruvpatel29/backup_ros/humble-ros2/install/builtin_interfaces:/Users/dhruvpatel29/backup_ros/humble-ros2/install/rosidl_default_runtime:/Users/dhruvpatel29/backup_ros/humble-ros2/install/rosidl_default_generators:/Users/dhruvpatel29/backup_ros/humble-ros2/install/rosidl_generator_py:/Users/dhruvpatel29/backup_ros/humble-ros2/install/rosidl_typesupport_introspection_tests:/Users/dhruvpatel29/backup_ros/humble-ros2/install/rosidl_typesupport_cpp:/Users/dhruvpatel29/backup_ros/humble-ros2/install/rosidl_typesupport_introspection_cpp:/Users/dhruvpatel29/backup_ros/humble-ros2/install/rosidl_typesupport_c:/Users/dhruvpatel29/backup_ros/humble-ros2/install/rosidl_typesupport_introspection_c:/Users/dhruvpatel29/backup_ros/humble-ros2/install/rosidl_typesupport_fastrtps_c:/Users/dhruvpatel29/backup_ros/humble-ros2/install/rosidl_typesupport_fastrtps_cpp:/Users/dhruvpatel29/backup_ros/humble-ros2/install/rosidl_generator_cpp:/Users/dhruvpatel29/backup_ros/humble-ros2/install/rosidl_runtime_cpp:/Users/dhruvpatel29/backup_ros/humble-ros2/install/rcl_yaml_param_parser:/Users/dhruvpatel29/backup_ros/humble-ros2/install/rmw:/Users/dhruvpatel29/backup_ros/humble-ros2/install/rosidl_runtime_c:/Users/dhruvpatel29/backup_ros/humble-ros2/install/rosidl_generator_c:/Users/dhruvpatel29/backup_ros/humble-ros2/install/rosidl_typesupport_interface:/Users/dhruvpatel29/backup_ros/humble-ros2/install/rosidl_generator_dds_idl:/Users/dhruvpatel29/backup_ros/humble-ros2/install/rosidl_cmake:/Users/dhruvpatel29/backup_ros/humble-ros2/install/rosidl_parser:/Users/dhruvpatel29/backup_ros/humble-ros2/install/rosidl_adapter:/Users/dhruvpatel29/backup_ros/humble-ros2/install/ros_environment:/Users/dhruvpatel29/backup_ros/humble-ros2/install/ros2_control_test_assets:/Users/dhruvpatel29/backup_ros/humble-ros2/install/ros2_control_cmake:/Users/dhruvpatel29/backup_ros/humble-ros2/install/rmw_implementation_cmake:/Users/dhruvpatel29/backup_ros/humble-ros2/install/resource_retriever:/Users/dhruvpatel29/backup_ros/humble-ros2/install/class_loader:/Users/dhruvpatel29/backup_ros/humble-ros2/install/rcpputils:/Users/dhruvpatel29/backup_ros/humble-ros2/install/rcl_logging_noop:/Users/dhruvpatel29/backup_ros/humble-ros2/install/rcl_logging_interface:/Users/dhruvpatel29/backup_ros/humble-ros2/install/rcutils:/Users/dhruvpatel29/backup_ros/humble-ros2/install/random_numbers:/Users/dhruvpatel29/backup_ros/humble-ros2/install/qt_gui_py_common:/Users/dhruvpatel29/backup_ros/humble-ros2/install/qt_dotgraph:/Users/dhruvpatel29/backup_ros/humble-ros2/install/python_qt_binding:/Users/dhruvpatel29/backup_ros/humble-ros2/install/python_orocos_kdl_vendor:/Users/dhruvpatel29/backup_ros/humble-ros2/install/launch_testing_ament_cmake:/Users/dhruvpatel29/backup_ros/humble-ros2/install/python_cmake_module:/Users/dhruvpatel29/backup_ros/humble-ros2/install/pybind11_vendor:/Users/dhruvpatel29/backup_ros/humble-ros2/install/performance_test_fixture:/Users/dhruvpatel29/backup_ros/humble-ros2/install/osrf_testing_tools_cpp:/Users/dhruvpatel29/backup_ros/humble-ros2/install/orocos_kdl_vendor:/Users/dhruvpatel29/backup_ros/humble-ros2/install/dynamic_edt_3d:/Users/dhruvpatel29/backup_ros/humble-ros2/install/octomap:/Users/dhruvpatel29/backup_ros/humble-ros2/install/nav2_costmap_filters_demo:/Users/dhruvpatel29/backup_ros/humble-ros2/install/moveit_resources_pr2_description:/Users/dhruvpatel29/backup_ros/humble-ros2/install/moveit_resources_panda_description:/Users/dhruvpatel29/backup_ros/humble-ros2/install/moveit_resources_fanuc_description:/Users/dhruvpatel29/backup_ros/humble-ros2/install/moveit_common:/Users/dhruvpatel29/backup_ros/humble-ros2/install/mimick_vendor:/Users/dhruvpatel29/backup_ros/humble-ros2/install/libyaml_vendor:/Users/dhruvpatel29/backup_ros/humble-ros2/install/libcurl_vendor:/Users/dhruvpatel29/backup_ros/humble-ros2/install/keyboard_handler:/Users/dhruvpatel29/backup_ros/humble-ros2/install/ignition-transport11:/Users/dhruvpatel29/backup_ros/humble-ros2/install/iceoryx_introspection:/Users/dhruvpatel29/backup_ros/humble-ros2/install/cyclonedds:/Users/dhruvpatel29/backup_ros/humble-ros2/install/iceoryx_posh:/Users/dhruvpatel29/backup_ros/humble-ros2/install/iceoryx_hoofs:/Users/dhruvpatel29/backup_ros/humble-ros2/install/iceoryx_binding_c:/Users/dhruvpatel29/backup_ros/humble-ros2/install/ament_cmake_ros:/Users/dhruvpatel29/backup_ros/humble-ros2/install/ament_cmake_auto:/Users/dhruvpatel29/backup_ros/humble-ros2/install/ament_cmake_gmock:/Users/dhruvpatel29/backup_ros/humble-ros2/install/gmock_vendor:/Users/dhruvpatel29/backup_ros/humble-ros2/install/ament_cmake_gtest:/Users/dhruvpatel29/backup_ros/humble-ros2/install/gtest_vendor:/Users/dhruvpatel29/backup_ros/humble-ros2/install/ament_cmake_google_benchmark:/Users/dhruvpatel29/backup_ros/humble-ros2/install/fastrtps:/Users/dhruvpatel29/backup_ros/humble-ros2/install/foonathan_memory_vendor:/Users/dhruvpatel29/backup_ros/humble-ros2/install/fastrtps_cmake_module:/Users/dhruvpatel29/backup_ros/humble-ros2/install/fastcdr:/Users/dhruvpatel29/backup_ros/humble-ros2/install/eigen_stl_containers:/Users/dhruvpatel29/backup_ros/humble-ros2/install/eigen3_cmake_module:/Users/dhruvpatel29/backup_ros/humble-ros2/install/dynamixel_sdk:/Users/dhruvpatel29/backup_ros/humble-ros2/install/console_bridge_vendor:/Users/dhruvpatel29/backup_ros/humble-ros2/install/ceres-solver-vendor:/Users/dhruvpatel29/backup_ros/humble-ros2/install/backward_ros:/Users/dhruvpatel29/backup_ros/humble-ros2/install/angles:/Users/dhruvpatel29/backup_ros/humble-ros2/install/ament_cmake_xmllint:/Users/dhruvpatel29/backup_ros/humble-ros2/install/ament_cmake_pyflakes:/Users/dhruvpatel29/backup_ros/humble-ros2/install/ament_cmake_pycodestyle:/Users/dhruvpatel29/backup_ros/humble-ros2/install/ament_cmake_pep257:/Users/dhruvpatel29/backup_ros/humble-ros2/install/ament_cmake_pclint:/Users/dhruvpatel29/backup_ros/humble-ros2/install/ament_lint_auto:/Users/dhruvpatel29/backup_ros/humble-ros2/install/ament_cmake:/Users/dhruvpatel29/backup_ros/humble-ros2/install/ament_cmake_version:/Users/dhruvpatel29/backup_ros/humble-ros2/install/ament_cmake_vendor_package:/Users/dhruvpatel29/backup_ros/humble-ros2/install/ament_cmake_pytest:/Users/dhruvpatel29/backup_ros/humble-ros2/install/ament_cmake_nose:/Users/dhruvpatel29/backup_ros/humble-ros2/install/ament_cmake_mypy:/Users/dhruvpatel29/backup_ros/humble-ros2/install/ament_cmake_lint_cmake:/Users/dhruvpatel29/backup_ros/humble-ros2/install/ament_cmake_flake8:/Users/dhruvpatel29/backup_ros/humble-ros2/install/ament_cmake_cpplint:/Users/dhruvpatel29/backup_ros/humble-ros2/install/ament_cmake_cppcheck:/Users/dhruvpatel29/backup_ros/humble-ros2/install/ament_cmake_copyright:/Users/dhruvpatel29/backup_ros/humble-ros2/install/ament_cmake_clang_tidy:/Users/dhruvpatel29/backup_ros/humble-ros2/install/ament_cmake_clang_format:/Users/dhruvpatel29/backup_ros/humble-ros2/install/ament_cmake_test:/Users/dhruvpatel29/backup_ros/humble-ros2/install/ament_cmake_target_dependencies:/Users/dhruvpatel29/backup_ros/humble-ros2/install/ament_cmake_python:/Users/dhruvpatel29/backup_ros/humble-ros2/install/ament_cmake_export_dependencies:/Users/dhruvpatel29/backup_ros/humble-ros2/install/ament_cmake_libraries:/Users/dhruvpatel29/backup_ros/humble-ros2/install/ament_cmake_include_directories:/Users/dhruvpatel29/backup_ros/humble-ros2/install/ament_cmake_gen_version_h:/Users/dhruvpatel29/backup_ros/humble-ros2/install/ament_cmake_export_targets:/Users/dhruvpatel29/backup_ros/humble-ros2/install/ament_cmake_export_link_flags:/Users/dhruvpatel29/backup_ros/humble-ros2/install/ament_cmake_export_interfaces:/Users/dhruvpatel29/backup_ros/humble-ros2/install/ament_cmake_export_libraries:/Users/dhruvpatel29/backup_ros/humble-ros2/install/ament_cmake_export_include_directories:/Users/dhruvpatel29/backup_ros/humble-ros2/install/ament_cmake_export_definitions:/Users/dhruvpatel29/backup_ros/humble-ros2/install/ament_cmake_core:/Users/dhruvpatel29/backup_ros/humble-ros2/install/ament_index_cpp:/Users/dhruvpatel29/backup_ros/humble-ros2/install/GeographicLib:/opt/homebrew/Cellar/google-benchmark/1.9.4:/Users/dhruvpatel29/humble-ros2/src/ros-commondep/boost-1.74.0/::/opt/homebrew/opt/qt@5:/opt/homebrew/opt/qt@5 SHLVL=2 _=/usr/bin/env /opt/homebrew/bin/cmake --build /Users/dhruvpatel29/humble-ros2/src/ros2_control/build/filters -- -j8 -l8
[80.858s] DEBUG:colcon.colcon_core.event_handler.log_command:Invoked command in '/Users/dhruvpatel29/humble-ros2/src/ros2_control/build/filters' returned '0': CMAKE_PREFIX_PATH=/opt/homebrew/Cellar/google-benchmark/1.9.4:/Users/dhruvpatel29/humble-ros2/src/ros-commondep/boost:/Users/dhruvpatel29/humble-ros2/install/rosbag2_storage_mcap:/Users/dhruvpatel29/humble-ros2/install/rosbag2:/Users/dhruvpatel29/humble-ros2/install/rosbag2_compression_zstd:/Users/dhruvpatel29/humble-ros2/install/mcap_vendor:/Users/dhruvpatel29/humble-ros2/install/zstd_vendor:/Users/dhruvpatel29/humble-ros2/install/vision_msgs_rviz_plugins:/Users/dhruvpatel29/humble-ros2/install/test_ros_gz_bridge:/Users/dhruvpatel29/humble-ros2/install/sam_bot_description:/Users/dhruvpatel29/humble-ros2/install/rviz_visual_testing_framework:/Users/dhruvpatel29/humble-ros2/install/ros_ign:/Users/dhruvpatel29/humble-ros2/install/ros_ign_gazebo_demos:/Users/dhruvpatel29/humble-ros2/install/ros_gz:/Users/dhruvpatel29/humble-ros2/install/ros_gz_sim_demos:/Users/dhruvpatel29/humble-ros2/install/rviz2:/Users/dhruvpatel29/humble-ros2/install/nav2_rviz_plugins:/Users/dhruvpatel29/humble-ros2/install/rviz_default_plugins:/Users/dhruvpatel29/humble-ros2/install/rviz_common:/Users/dhruvpatel29/humble-ros2/install/rosbag2_py:/Users/dhruvpatel29/humble-ros2/install/rosbag2_transport:/Users/dhruvpatel29/humble-ros2/install/rosbag2_storage_default_plugins:/Users/dhruvpatel29/humble-ros2/install/rosbag2_performance_benchmarking:/Users/dhruvpatel29/humble-ros2/install/rosbag2_compression:/Users/dhruvpatel29/humble-ros2/install/rosbag2_cpp:/Users/dhruvpatel29/humble-ros2/install/rosbag2_storage:/Users/dhruvpatel29/humble-ros2/install/ros_ign_image:/Users/dhruvpatel29/humble-ros2/install/ros_ign_bridge:/Users/dhruvpatel29/humble-ros2/install/ros_gz_image:/Users/dhruvpatel29/humble-ros2/install/ros_gz_bridge:/Users/dhruvpatel29/humble-ros2/install/robot_localization:/Users/dhruvpatel29/humble-ros2/install/nav2_map_server:/Users/dhruvpatel29/humble-ros2/install/image_common:/Users/dhruvpatel29/humble-ros2/install/camera_info_manager:/Users/dhruvpatel29/humble-ros2/install/camera_calibration_parsers:/Users/dhruvpatel29/humble-ros2/install/yaml_cpp_vendor:/Users/dhruvpatel29/humble-ros2/install/moveit_resources_prbt_support:/Users/dhruvpatel29/humble-ros2/install/moveit_resources:/Users/dhruvpatel29/humble-ros2/install/moveit_resources_panda_moveit_config:/Users/dhruvpatel29/humble-ros2/install/moveit_resources_fanuc_moveit_config:/Users/dhruvpatel29/humble-ros2/install/xacro:/Users/dhruvpatel29/humble-ros2/install/warehouse_ros:/Users/dhruvpatel29/humble-ros2/install/moveit_task_constructor_msgs:/Users/dhruvpatel29/humble-ros2/install/interactive_markers:/Users/dhruvpatel29/humble-ros2/install/geometric_shapes:/Users/dhruvpatel29/humble-ros2/install/common_interfaces:/Users/dhruvpatel29/humble-ros2/install/visualization_msgs:/Users/dhruvpatel29/humble-ros2/install/vision_msgs:/Users/dhruvpatel29/humble-ros2/install/srdfdom:/Users/dhruvpatel29/humble-ros2/install/dummy_robot_bringup:/Users/dhruvpatel29/humble-ros2/install/robot_state_publisher:/Users/dhruvpatel29/humble-ros2/install/kinematics_interface_kdl:/Users/dhruvpatel29/humble-ros2/install/kdl_parser:/Users/dhruvpatel29/humble-ros2/install/joint_limits:/Users/dhruvpatel29/humble-ros2/install/urdf:/Users/dhruvpatel29/humble-ros2/install/urdfdom:/Users/dhruvpatel29/humble-ros2/install/urdf_parser_plugin:/Users/dhruvpatel29/humble-ros2/install/urdfdom_headers:/Users/dhruvpatel29/humble-ros2/install/turtlesim:/Users/dhruvpatel29/humble-ros2/install/transmission_interface:/Users/dhruvpatel29/humble-ros2/install/geometry2:/Users/dhruvpatel29/humble-ros2/install/tf2_sensor_msgs:/Users/dhruvpatel29/humble-ros2/install/test_tf2:/Users/dhruvpatel29/humble-ros2/install/tf2_kdl:/Users/dhruvpatel29/humble-ros2/install/nav_2d_utils:/Users/dhruvpatel29/humble-ros2/install/nav2_velocity_smoother:/Users/dhruvpatel29/humble-ros2/install/nav2_lifecycle_manager:/Users/dhruvpatel29/humble-ros2/install/nav2_amcl:/Users/dhruvpatel29/humble-ros2/install/nav2_util:/Users/dhruvpatel29/humble-ros2/install/tf2_geometry_msgs:/Users/dhruvpatel29/humble-ros2/install/tf2_eigen:/Users/dhruvpatel29/humble-ros2/install/tf2_bullet:/Users/dhruvpatel29/humble-ros2/install/tf2_ros:/Users/dhruvpatel29/humble-ros2/install/tf2_py:/Users/dhruvpatel29/humble-ros2/install/tf2_msgs:/Users/dhruvpatel29/humble-ros2/install/test_msgs:/Users/dhruvpatel29/humble-ros2/install/sros2_cmake:/Users/dhruvpatel29/humble-ros2/install/ros2cli_common_extensions:/Users/dhruvpatel29/humble-ros2/install/diagnostics:/Users/dhruvpatel29/humble-ros2/install/self_test:/Users/dhruvpatel29/humble-ros2/install/rqt_py_common:/Users/dhruvpatel29/humble-ros2/install/rosbag2_storage_mcap_testdata:/Users/dhruvpatel29/humble-ros2/install/ros_testing:/Users/dhruvpatel29/humble-ros2/install/ros2cli_test_interfaces:/Users/dhruvpatel29/humble-ros2/install/realtime_tools:/Users/dhruvpatel29/humble-ros2/install/quality_of_service_demo_cpp:/Users/dhruvpatel29/humble-ros2/install/nav2_common:/Users/dhruvpatel29/humble-ros2/install/image_transport:/Users/dhruvpatel29/humble-ros2/install/message_filters:/Users/dhruvpatel29/humble-ros2/install/demo_nodes_cpp:/Users/dhruvpatel29/humble-ros2/install/composition:/Users/dhruvpatel29/humble-ros2/install/laser_geometry:/Users/dhruvpatel29/humble-ros2/install/gps_tools:/Users/dhruvpatel29/humble-ros2/install/dynamixel_sdk_examples:/Users/dhruvpatel29/humble-ros2/install/diagnostic_common_diagnostics:/Users/dhruvpatel29/humble-ros2/install/diagnostic_updater:/Users/dhruvpatel29/humble-ros2/install/diagnostic_aggregator:/Users/dhruvpatel29/humble-ros2/install/rclpy:/Users/dhruvpatel29/humble-ros2/install/examples_rclcpp_minimal_action_server:/Users/dhruvpatel29/humble-ros2/install/examples_rclcpp_minimal_action_client:/Users/dhruvpatel29/humble-ros2/install/btcpp_ros2_samples:/Users/dhruvpatel29/humble-ros2/install/behaviortree_ros2:/Users/dhruvpatel29/humble-ros2/install/action_tutorials_cpp:/Users/dhruvpatel29/humble-ros2/install/rclcpp_action:/Users/dhruvpatel29/humble-ros2/install/rcl_action:/Users/dhruvpatel29/humble-ros2/install/moveit_msgs:/Users/dhruvpatel29/humble-ros2/install/object_recognition_msgs:/Users/dhruvpatel29/humble-ros2/install/nav2_msgs:/Users/dhruvpatel29/humble-ros2/install/nav2_dynamic_msgs:/Users/dhruvpatel29/humble-ros2/install/hardware_interface_testing:/Users/dhruvpatel29/humble-ros2/install/controller_interface:/Users/dhruvpatel29/humble-ros2/install/hardware_interface:/Users/dhruvpatel29/humble-ros2/install/geographic_info:/Users/dhruvpatel29/humble-ros2/install/geodesy:/Users/dhruvpatel29/humble-ros2/install/geographic_msgs:/Users/dhruvpatel29/humble-ros2/install/examples_rclcpp_wait_set:/Users/dhruvpatel29/humble-ros2/install/examples_rclcpp_minimal_service:/Users/dhruvpatel29/humble-ros2/install/examples_rclcpp_minimal_client:/Users/dhruvpatel29/humble-ros2/install/examples_rclcpp_async_client:/Users/dhruvpatel29/humble-ros2/install/example_interfaces:/Users/dhruvpatel29/humble-ros2/install/control_msgs:/Users/dhruvpatel29/humble-ros2/install/btcpp_ros2_interfaces:/Users/dhruvpatel29/humble-ros2/install/action_tutorials_interfaces:/Users/dhruvpatel29/humble-ros2/install/action_msgs:/Users/dhruvpatel29/humble-ros2/install/unique_identifier_msgs:/Users/dhruvpatel29/humble-ros2/install/ament_lint_common:/Users/dhruvpatel29/humble-ros2/install/ament_cmake_uncrustify:/Users/dhruvpatel29/humble-ros2/install/uncrustify_vendor:/Users/dhruvpatel29/humble-ros2/install/trajectory_msgs:/Users/dhruvpatel29/humble-ros2/install/topic_statistics_demo:/Users/dhruvpatel29/humble-ros2/install/test_tracetools:/Users/dhruvpatel29/humble-ros2/install/rosbag2_test_common:/Users/dhruvpatel29/humble-ros2/install/ros_ign_gazebo:/Users/dhruvpatel29/humble-ros2/install/ros_gz_sim:/Users/dhruvpatel29/humble-ros2/install/ros2lifecycle_test_fixtures:/Users/dhruvpatel29/humble-ros2/install/lifecycle:/Users/dhruvpatel29/humble-ros2/install/kinematics_interface:/Users/dhruvpatel29/humble-ros2/install/bond_core:/Users/dhruvpatel29/humble-ros2/install/bondcpp:/Users/dhruvpatel29/humble-ros2/install/rclcpp_lifecycle:/Users/dhruvpatel29/humble-ros2/install/logging_demo:/Users/dhruvpatel29/humble-ros2/install/image_tools:/Users/dhruvpatel29/humble-ros2/install/examples_rclcpp_minimal_subscriber:/Users/dhruvpatel29/humble-ros2/install/examples_rclcpp_minimal_composition:/Users/dhruvpatel29/humble-ros2/install/demo_nodes_cpp_native:/Users/dhruvpatel29/humble-ros2/install/rclcpp_components:/Users/dhruvpatel29/humble-ros2/install/nav2_voxel_grid:/Users/dhruvpatel29/humble-ros2/install/intra_process_demo:/Users/dhruvpatel29/humble-ros2/install/examples_rclcpp_multithreaded_executor:/Users/dhruvpatel29/humble-ros2/install/examples_rclcpp_minimal_timer:/Users/dhruvpatel29/humble-ros2/install/examples_rclcpp_minimal_publisher:/Users/dhruvpatel29/humble-ros2/install/examples_rclcpp_cbg_executor:/Users/dhruvpatel29/humble-ros2/install/dummy_sensors:/Users/dhruvpatel29/humble-ros2/install/dummy_map_server:/Users/dhruvpatel29/humble-ros2/install/behaviortree_cpp:/Users/dhruvpatel29/humble-ros2/install/rclcpp:/Users/dhruvpatel29/humble-ros2/install/rcl_lifecycle:/Users/dhruvpatel29/humble-ros2/install/libstatistics_collector:/Users/dhruvpatel29/humble-ros2/install/rcl:/Users/dhruvpatel29/humble-ros2/install/rmw_implementation:/Users/dhruvpatel29/humble-ros2/install/rmw_fastrtps_dynamic_cpp:/Users/dhruvpatel29/humble-ros2/install/rmw_fastrtps_cpp:/Users/dhruvpatel29/humble-ros2/install/rmw_fastrtps_shared_cpp:/Users/dhruvpatel29/humble-ros2/install/rmw_cyclonedds_cpp:/Users/dhruvpatel29/humble-ros2/install/tracetools:/Users/dhruvpatel29/humble-ros2/install/tinyxml_vendor:/Users/dhruvpatel29/humble-ros2/install/pluginlib:/Users/dhruvpatel29/humble-ros2/install/tinyxml2_vendor:/Users/dhruvpatel29/humble-ros2/install/tf2_eigen_kdl:/Users/dhruvpatel29/humble-ros2/install/tf2:/Users/dhruvpatel29/humble-ros2/install/test_security:/Users/dhruvpatel29/humble-ros2/install/test_rmw_implementation:/Users/dhruvpatel29/humble-ros2/install/test_rclcpp:/Users/dhruvpatel29/humble-ros2/install/test_quality_of_service:/Users/dhruvpatel29/humble-ros2/install/test_launch_testing:/Users/dhruvpatel29/humble-ros2/install/test_interface_files:/Users/dhruvpatel29/humble-ros2/install/test_communication:/Users/dhruvpatel29/humble-ros2/install/test_cli_remapping:/Users/dhruvpatel29/humble-ros2/install/test_cli:/Users/dhruvpatel29/humble-ros2/install/test_bond:/Users/dhruvpatel29/humble-ros2/install/qt_gui_core:/Users/dhruvpatel29/humble-ros2/install/qt_gui_app:/Users/dhruvpatel29/humble-ros2/install/qt_gui:/Users/dhruvpatel29/humble-ros2/install/tango_icons_vendor:/Users/dhruvpatel29/humble-ros2/install/stereo_msgs:/Users/dhruvpatel29/humble-ros2/install/std_srvs:/Users/dhruvpatel29/humble-ros2/install/shape_msgs:/Users/dhruvpatel29/humble-ros2/install/map_msgs:/Users/dhruvpatel29/humble-ros2/install/sensor_msgs:/Users/dhruvpatel29/humble-ros2/install/ros_ign_interfaces:/Users/dhruvpatel29/humble-ros2/install/ros_gz_interfaces:/Users/dhruvpatel29/humble-ros2/install/octomap_msgs:/Users/dhruvpatel29/humble-ros2/install/dwb_msgs:/Users/dhruvpatel29/humble-ros2/install/nav_msgs:/Users/dhruvpatel29/humble-ros2/install/nav_2d_msgs:/Users/dhruvpatel29/humble-ros2/install/graph_msgs:/Users/dhruvpatel29/humble-ros2/install/gps_msgs:/Users/dhruvpatel29/humble-ros2/install/diagnostic_msgs:/Users/dhruvpatel29/humble-ros2/install/geometry_msgs:/Users/dhruvpatel29/humble-ros2/install/bond:/Users/dhruvpatel29/humble-ros2/install/actuator_msgs:/Users/dhruvpatel29/humble-ros2/install/actionlib_msgs:/Users/dhruvpatel29/humble-ros2/install/ackermann_msgs:/Users/dhruvpatel29/humble-ros2/install/std_msgs:/Users/dhruvpatel29/humble-ros2/install/statistics_msgs:/Users/dhruvpatel29/humble-ros2/install/sqlite3_vendor:/Users/dhruvpatel29/humble-ros2/install/rcl_logging_spdlog:/Users/dhruvpatel29/humble-ros2/install/spdlog_vendor:/Users/dhruvpatel29/humble-ros2/install/smclib:/Users/dhruvpatel29/humble-ros2/install/shared_queues_vendor:/Users/dhruvpatel29/humble-ros2/install/rviz_rendering_tests:/Users/dhruvpatel29/humble-ros2/install/rviz_rendering:/Users/dhruvpatel29/humble-ros2/install/rviz_ogre_vendor:/Users/dhruvpatel29/humble-ros2/install/rviz_assimp_vendor:/Users/dhruvpatel29/humble-ros2/install/ruckig:/Users/dhruvpatel29/humble-ros2/install/rmw_connextddsmicro:/Users/dhruvpatel29/humble-ros2/install/rmw_connextdds:/Users/dhruvpatel29/humble-ros2/install/rmw_connextdds_common:/Users/dhruvpatel29/humble-ros2/install/rti_connext_dds_cmake_module:/Users/dhruvpatel29/humble-ros2/install/rosgraph_msgs:/Users/dhruvpatel29/humble-ros2/install/rosbag2_interfaces:/Users/dhruvpatel29/humble-ros2/install/rmw_dds_common:/Users/dhruvpatel29/humble-ros2/install/composition_interfaces:/Users/dhruvpatel29/humble-ros2/install/rcl_interfaces:/Users/dhruvpatel29/humble-ros2/install/pendulum_msgs:/Users/dhruvpatel29/humble-ros2/install/controller_manager_msgs:/Users/dhruvpatel29/humble-ros2/install/lifecycle_msgs:/Users/dhruvpatel29/humble-ros2/install/dynamixel_sdk_custom_interfaces:/Users/dhruvpatel29/humble-ros2/install/builtin_interfaces:/Users/dhruvpatel29/humble-ros2/install/rosidl_default_runtime:/Users/dhruvpatel29/humble-ros2/install/rosidl_default_generators:/Users/dhruvpatel29/humble-ros2/install/rosidl_generator_py:/Users/dhruvpatel29/humble-ros2/install/rosidl_typesupport_introspection_tests:/Users/dhruvpatel29/humble-ros2/install/rosidl_typesupport_cpp:/Users/dhruvpatel29/humble-ros2/install/rosidl_typesupport_introspection_cpp:/Users/dhruvpatel29/humble-ros2/install/rosidl_typesupport_c:/Users/dhruvpatel29/humble-ros2/install/rosidl_typesupport_introspection_c:/Users/dhruvpatel29/humble-ros2/install/rosidl_typesupport_fastrtps_c:/Users/dhruvpatel29/humble-ros2/install/rosidl_typesupport_fastrtps_cpp:/Users/dhruvpatel29/humble-ros2/install/rosidl_generator_cpp:/Users/dhruvpatel29/humble-ros2/install/rosidl_runtime_cpp:/Users/dhruvpatel29/humble-ros2/install/rcl_yaml_param_parser:/Users/dhruvpatel29/humble-ros2/install/rmw:/Users/dhruvpatel29/humble-ros2/install/rosidl_runtime_c:/Users/dhruvpatel29/humble-ros2/install/rosidl_generator_c:/Users/dhruvpatel29/humble-ros2/install/rosidl_typesupport_interface:/Users/dhruvpatel29/humble-ros2/install/rosidl_generator_dds_idl:/Users/dhruvpatel29/humble-ros2/install/rosidl_cmake:/Users/dhruvpatel29/humble-ros2/install/rosidl_parser:/Users/dhruvpatel29/humble-ros2/install/rosidl_adapter:/Users/dhruvpatel29/humble-ros2/install/rosbag2_tests:/Users/dhruvpatel29/humble-ros2/install/ros_environment:/Users/dhruvpatel29/humble-ros2/install/ros2_control_test_assets:/Users/dhruvpatel29/humble-ros2/install/ros2_control_cmake:/Users/dhruvpatel29/humble-ros2/install/rmw_implementation_cmake:/Users/dhruvpatel29/humble-ros2/install/resource_retriever:/Users/dhruvpatel29/humble-ros2/install/class_loader:/Users/dhruvpatel29/humble-ros2/install/rcpputils:/Users/dhruvpatel29/humble-ros2/install/rcl_logging_noop:/Users/dhruvpatel29/humble-ros2/install/rcl_logging_interface:/Users/dhruvpatel29/humble-ros2/install/rcutils:/Users/dhruvpatel29/humble-ros2/install/random_numbers:/Users/dhruvpatel29/humble-ros2/install/qt_gui_py_common:/Users/dhruvpatel29/humble-ros2/install/qt_dotgraph:/Users/dhruvpatel29/humble-ros2/install/python_qt_binding:/Users/dhruvpatel29/humble-ros2/install/python_orocos_kdl_vendor:/Users/dhruvpatel29/humble-ros2/install/launch_testing_ament_cmake:/Users/dhruvpatel29/humble-ros2/install/python_cmake_module:/Users/dhruvpatel29/humble-ros2/install/pybind11_vendor:/Users/dhruvpatel29/humble-ros2/install/performance_test_fixture:/Users/dhruvpatel29/humble-ros2/install/osrf_testing_tools_cpp:/Users/dhruvpatel29/humble-ros2/install/orocos_kdl_vendor:/Users/dhruvpatel29/humble-ros2/install/octomap-distribution:/Users/dhruvpatel29/humble-ros2/install/nav2_costmap_filters_demo:/Users/dhruvpatel29/humble-ros2/install/moveit_resources_pr2_description:/Users/dhruvpatel29/humble-ros2/install/moveit_resources_panda_description:/Users/dhruvpatel29/humble-ros2/install/moveit_resources_fanuc_description:/Users/dhruvpatel29/humble-ros2/install/moveit_common:/Users/dhruvpatel29/humble-ros2/install/mimick_vendor:/Users/dhruvpatel29/humble-ros2/install/libyaml_vendor:/Users/dhruvpatel29/humble-ros2/install/libcurl_vendor:/Users/dhruvpatel29/humble-ros2/install/keyboard_handler:/Users/dhruvpatel29/humble-ros2/install/iceoryx_introspection:/Users/dhruvpatel29/humble-ros2/install/cyclonedds:/Users/dhruvpatel29/humble-ros2/install/iceoryx_posh:/Users/dhruvpatel29/humble-ros2/install/iceoryx_hoofs:/Users/dhruvpatel29/humble-ros2/install/iceoryx_binding_c:/Users/dhruvpatel29/humble-ros2/install/gz-transport14:/Users/dhruvpatel29/humble-ros2/install/ament_cmake_ros:/Users/dhruvpatel29/humble-ros2/install/ament_cmake_auto:/Users/dhruvpatel29/humble-ros2/install/ament_cmake_gmock:/Users/dhruvpatel29/humble-ros2/install/gmock_vendor:/Users/dhruvpatel29/humble-ros2/install/ament_cmake_gtest:/Users/dhruvpatel29/humble-ros2/install/gtest_vendor:/Users/dhruvpatel29/humble-ros2/install/ament_cmake_google_benchmark:/Users/dhruvpatel29/humble-ros2/install/fastrtps:/Users/dhruvpatel29/humble-ros2/install/foonathan_memory_vendor:/Users/dhruvpatel29/humble-ros2/install/fastrtps_cmake_module:/Users/dhruvpatel29/humble-ros2/install/fastcdr:/Users/dhruvpatel29/humble-ros2/install/eigen_stl_containers:/Users/dhruvpatel29/humble-ros2/install/eigen3_cmake_module:/Users/dhruvpatel29/humble-ros2/install/dynamixel_sdk:/Users/dhruvpatel29/humble-ros2/install/diagnostic_remote_logging:/Users/dhruvpatel29/humble-ros2/install/console_bridge_vendor:/Users/dhruvpatel29/humble-ros2/install/ceres-solver:/Users/dhruvpatel29/humble-ros2/install/backward_ros:/Users/dhruvpatel29/humble-ros2/install/ament_cmake_xmllint:/Users/dhruvpatel29/humble-ros2/install/ament_cmake_pyflakes:/Users/dhruvpatel29/humble-ros2/install/ament_cmake_pycodestyle:/Users/dhruvpatel29/humble-ros2/install/ament_cmake_pep257:/Users/dhruvpatel29/humble-ros2/install/ament_cmake_pclint:/Users/dhruvpatel29/humble-ros2/install/ament_lint_auto:/Users/dhruvpatel29/humble-ros2/install/ament_cmake:/Users/dhruvpatel29/humble-ros2/install/ament_cmake_version:/Users/dhruvpatel29/humble-ros2/install/ament_cmake_vendor_package:/Users/dhruvpatel29/humble-ros2/install/ament_cmake_pytest:/Users/dhruvpatel29/humble-ros2/install/ament_cmake_nose:/Users/dhruvpatel29/humble-ros2/install/ament_cmake_mypy:/Users/dhruvpatel29/humble-ros2/install/ament_cmake_lint_cmake:/Users/dhruvpatel29/humble-ros2/install/ament_cmake_flake8:/Users/dhruvpatel29/humble-ros2/install/ament_cmake_cpplint:/Users/dhruvpatel29/humble-ros2/install/ament_cmake_cppcheck:/Users/dhruvpatel29/humble-ros2/install/ament_cmake_copyright:/Users/dhruvpatel29/humble-ros2/install/ament_cmake_clang_tidy:/Users/dhruvpatel29/humble-ros2/install/ament_cmake_clang_format:/Users/dhruvpatel29/humble-ros2/install/ament_cmake_test:/Users/dhruvpatel29/humble-ros2/install/ament_cmake_target_dependencies:/Users/dhruvpatel29/humble-ros2/install/ament_cmake_python:/Users/dhruvpatel29/humble-ros2/install/ament_cmake_export_dependencies:/Users/dhruvpatel29/humble-ros2/install/ament_cmake_libraries:/Users/dhruvpatel29/humble-ros2/install/ament_cmake_include_directories:/Users/dhruvpatel29/humble-ros2/install/ament_cmake_gen_version_h:/Users/dhruvpatel29/humble-ros2/install/ament_cmake_export_targets:/Users/dhruvpatel29/humble-ros2/install/ament_cmake_export_link_flags:/Users/dhruvpatel29/humble-ros2/install/ament_cmake_export_interfaces:/Users/dhruvpatel29/humble-ros2/install/ament_cmake_export_libraries:/Users/dhruvpatel29/humble-ros2/install/ament_cmake_export_include_directories:/Users/dhruvpatel29/humble-ros2/install/ament_cmake_export_definitions:/Users/dhruvpatel29/humble-ros2/install/ament_cmake_core:/Users/dhruvpatel29/humble-ros2/install/ament_index_cpp:/Users/dhruvpatel29/humble-ros2/install/GeographicLib:/Users/dhruvpatel29/ros2_ws/install/turtlesim_final:/Users/dhruvpatel29/ros2_ws/install/turtlecatch_bringup:/Users/dhruvpatel29/ros2_ws/install/turtlebot4_simulator:/Users/dhruvpatel29/ros2_ws/install/turtlebot4_ignition_bringup:/Users/dhruvpatel29/ros2_ws/install/turtlebot4_desktop:/Users/dhruvpatel29/ros2_ws/install/turtlebot4_viz:/Users/dhruvpatel29/ros2_ws/install/turtlebot4_node:/Users/dhruvpatel29/ros2_ws/install/turtlebot4_navigation:/Users/dhruvpatel29/ros2_ws/install/turtlebot4_ignition_toolbox:/Users/dhruvpatel29/ros2_ws/install/turtlebot4_msgs:/Users/dhruvpatel29/ros2_ws/install/turtlebot4_ignition_gui_plugins:/Users/dhruvpatel29/ros2_ws/install/turtlebot4_description:/Users/dhruvpatel29/ros2_ws/install/turtlebot3:/Users/dhruvpatel29/ros2_ws/install/turtlebot3_bringup:/Users/dhruvpatel29/ros2_ws/install/turtlebot3_node:/Users/dhruvpatel29/ros2_ws/install/turtlebot3_navigation2:/Users/dhruvpatel29/ros2_ws/install/turtlebot3_msgs:/Users/dhruvpatel29/ros2_ws/install/turtlebot3_description:/Users/dhruvpatel29/ros2_ws/install/turtlebot3_cartographer:/Users/dhruvpatel29/ros2_ws/install/robot_arm_controller:/Users/dhruvpatel29/ros2_ws/install/polygon_plugins:/Users/dhruvpatel29/ros2_ws/install/polygon_base:/Users/dhruvpatel29/ros2_ws/install/my_robot_station_bringup:/Users/dhruvpatel29/ros2_ws/install/my_robot_lifecycle_bringup:/Users/dhruvpatel29/ros2_ws/install/my_robot_bringup:/Users/dhruvpatel29/ros2_ws/install/my_cpp_pkg:/Users/dhruvpatel29/ros2_ws/install/actions_cpp:/Users/dhruvpatel29/ros2_ws/install/my_robot_interfaces:/Users/dhruvpatel29/ros2_ws/install/my_robot_bringup_gazebo:/Users/dhruvpatel29/ros2_ws/install/my_robot_description:/Users/dhruvpatel29/ros2_ws/install/moveit2_tutorials:/Users/dhruvpatel29/ros2_ws/install/lifecycle_cpp:/Users/dhruvpatel29/ros2_ws/install/irobot_create_ignition_sim:/Users/dhruvpatel29/ros2_ws/install/irobot_create_ignition_bringup:/Users/dhruvpatel29/ros2_ws/install/irobot_create_gazebo_sim:/Users/dhruvpatel29/ros2_ws/install/irobot_create_gazebo_bringup:/Users/dhruvpatel29/ros2_ws/install/irobot_create_common_bringup:/Users/dhruvpatel29/ros2_ws/install/irobot_create_nodes:/Users/dhruvpatel29/ros2_ws/install/irobot_create_ignition_toolbox:/Users/dhruvpatel29/ros2_ws/install/irobot_create_gazebo_plugins:/Users/dhruvpatel29/ros2_ws/install/irobot_create_toolbox:/Users/dhruvpatel29/ros2_ws/install/irobot_create_msgs:/Users/dhruvpatel29/ros2_ws/install/irobot_create_ignition_plugins:/Users/dhruvpatel29/ros2_ws/install/irobot_create_description:/Users/dhruvpatel29/ros2_ws/install/irobot_create_control:/Users/dhruvpatel29/ros2_ws/install/executors_cpp:/Users/dhruvpatel29/ros2_ws/install/components_cpp:/Users/dhruvpatel29/ros2_ws/install/add_two_ints_cpp:/Users/dhruvpatel29/backup_ros/humble-ros2/install/mcap_vendor:/Users/dhruvpatel29/backup_ros/humble-ros2/install/zstd_vendor:/Users/dhruvpatel29/backup_ros/humble-ros2/install/rviz_visual_testing_framework:/Users/dhruvpatel29/backup_ros/humble-ros2/install/rviz_common:/Users/dhruvpatel29/backup_ros/humble-ros2/install/rosbag2_storage:/Users/dhruvpatel29/backup_ros/humble-ros2/install/nav2_map_server:/Users/dhruvpatel29/backup_ros/humble-ros2/install/yaml_cpp_vendor:/Users/dhruvpatel29/backup_ros/humble-ros2/install/xtensor:/Users/dhruvpatel29/backup_ros/humble-ros2/install/xsimd:/Users/dhruvpatel29/backup_ros/humble-ros2/install/xtl:/Users/dhruvpatel29/backup_ros/humble-ros2/install/moveit_resources_prbt_support:/Users/dhruvpatel29/backup_ros/humble-ros2/install/moveit_resources_panda_moveit_config:/Users/dhruvpatel29/backup_ros/humble-ros2/install/moveit_resources_fanuc_moveit_config:/Users/dhruvpatel29/backup_ros/humble-ros2/install/xacro:/Users/dhruvpatel29/backup_ros/humble-ros2/install/warehouse_ros:/Users/dhruvpatel29/backup_ros/humble-ros2/install/interactive_markers:/Users/dhruvpatel29/backup_ros/humble-ros2/install/geometric_shapes:/Users/dhruvpatel29/backup_ros/humble-ros2/install/common_interfaces:/Users/dhruvpatel29/backup_ros/humble-ros2/install/visualization_msgs:/Users/dhruvpatel29/backup_ros/humble-ros2/install/vision_msgs:/Users/dhruvpatel29/backup_ros/humble-ros2/install/srdfdom:/Users/dhruvpatel29/backup_ros/humble-ros2/install/robot_state_publisher:/Users/dhruvpatel29/backup_ros/humble-ros2/install/kdl_parser:/Users/dhruvpatel29/backup_ros/humble-ros2/install/urdf:/Users/dhruvpatel29/backup_ros/humble-ros2/install/urdfdom:/Users/dhruvpatel29/backup_ros/humble-ros2/install/urdf_parser_plugin:/Users/dhruvpatel29/backup_ros/humble-ros2/install/urdfdom_headers:/Users/dhruvpatel29/backup_ros/humble-ros2/install/tf2_sensor_msgs:/Users/dhruvpatel29/backup_ros/humble-ros2/install/tf2_kdl:/Users/dhruvpatel29/backup_ros/humble-ros2/install/nav2_lifecycle_manager:/Users/dhruvpatel29/backup_ros/humble-ros2/install/nav2_util:/Users/dhruvpatel29/backup_ros/humble-ros2/install/tf2_geometry_msgs:/Users/dhruvpatel29/backup_ros/humble-ros2/install/tf2_eigen:/Users/dhruvpatel29/backup_ros/humble-ros2/install/tf2_ros:/Users/dhruvpatel29/backup_ros/humble-ros2/install/tf2_py:/Users/dhruvpatel29/backup_ros/humble-ros2/install/tf2_msgs:/Users/dhruvpatel29/backup_ros/humble-ros2/install/test_msgs:/Users/dhruvpatel29/backup_ros/humble-ros2/install/rqt_py_common:/Users/dhruvpatel29/backup_ros/humble-ros2/install/rosbag2_storage_mcap_testdata:/Users/dhruvpatel29/backup_ros/humble-ros2/install/ros_testing:/Users/dhruvpatel29/backup_ros/humble-ros2/install/controller_manager:/Users/dhruvpatel29/backup_ros/humble-ros2/install/ros2cli_test_interfaces:/Users/dhruvpatel29/backup_ros/humble-ros2/install/realtime_tools:/Users/dhruvpatel29/backup_ros/humble-ros2/install/nav2_common:/Users/dhruvpatel29/backup_ros/humble-ros2/install/image_transport:/Users/dhruvpatel29/backup_ros/humble-ros2/install/message_filters:/Users/dhruvpatel29/backup_ros/humble-ros2/install/laser_geometry:/Users/dhruvpatel29/backup_ros/humble-ros2/install/generate_parameter_library:/Users/dhruvpatel29/backup_ros/humble-ros2/install/diagnostic_updater:/Users/dhruvpatel29/backup_ros/humble-ros2/install/rclpy:/Users/dhruvpatel29/backup_ros/humble-ros2/install/rclcpp_action:/Users/dhruvpatel29/backup_ros/humble-ros2/install/rcl_action:/Users/dhruvpatel29/backup_ros/humble-ros2/install/moveit_msgs:/Users/dhruvpatel29/backup_ros/humble-ros2/install/object_recognition_msgs:/Users/dhruvpatel29/backup_ros/humble-ros2/install/nav2_msgs:/Users/dhruvpatel29/backup_ros/humble-ros2/install/hardware_interface_testing:/Users/dhruvpatel29/backup_ros/humble-ros2/install/controller_interface:/Users/dhruvpatel29/backup_ros/humble-ros2/install/hardware_interface:/Users/dhruvpatel29/backup_ros/humble-ros2/install/geographic_msgs:/Users/dhruvpatel29/backup_ros/humble-ros2/install/example_interfaces:/Users/dhruvpatel29/backup_ros/humble-ros2/install/control_msgs:/Users/dhruvpatel29/backup_ros/humble-ros2/install/btcpp_ros2_interfaces:/Users/dhruvpatel29/backup_ros/humble-ros2/install/action_tutorials_interfaces:/Users/dhruvpatel29/backup_ros/humble-ros2/install/action_msgs:/Users/dhruvpatel29/backup_ros/humble-ros2/install/unique_identifier_msgs:/Users/dhruvpatel29/backup_ros/humble-ros2/install/ament_lint_common:/Users/dhruvpatel29/backup_ros/humble-ros2/install/ament_cmake_uncrustify:/Users/dhruvpatel29/backup_ros/humble-ros2/install/uncrustify_vendor:/Users/dhruvpatel29/backup_ros/humble-ros2/install/trajectory_msgs:/Users/dhruvpatel29/backup_ros/humble-ros2/install/parameter_traits:/Users/dhruvpatel29/humble-ros2/install/rqt_bag_plugins:/Users/dhruvpatel29/humble-ros2/install/rqt_bag:/Users/dhruvpatel29/humble-ros2/install/launch_testing_examples:/Users/dhruvpatel29/humble-ros2/install/ros2bag:/Users/dhruvpatel29/humble-ros2/install/moveit_configs_utils:/Users/dhruvpatel29/humble-ros2/install/launch_param_builder:/Users/dhruvpatel29/humble-ros2/install/kf_hungarian_tracker:/Users/dhruvpatel29/humble-ros2/install/tracetools_test:/Users/dhruvpatel29/humble-ros2/install/tracetools_launch:/Users/dhruvpatel29/humble-ros2/install/topic_monitor:/Users/dhruvpatel29/humble-ros2/install/tf2_tools:/Users/dhruvpatel29/humble-ros2/install/examples_tf2_py:/Users/dhruvpatel29/humble-ros2/install/tf2_ros_py:/Users/dhruvpatel29/humble-ros2/install/sros2:/Users/dhruvpatel29/humble-ros2/install/rqt_topic:/Users/dhruvpatel29/humble-ros2/install/rqt_srv:/Users/dhruvpatel29/humble-ros2/install/rqt_shell:/Users/dhruvpatel29/humble-ros2/install/rqt_service_caller:/Users/dhruvpatel29/humble-ros2/install/rqt_reconfigure:/Users/dhruvpatel29/humble-ros2/install/rqt_py_console:/Users/dhruvpatel29/humble-ros2/install/rqt_publisher:/Users/dhruvpatel29/humble-ros2/install/rqt_plot:/Users/dhruvpatel29/humble-ros2/install/rqt_action:/Users/dhruvpatel29/humble-ros2/install/rqt_msg:/Users/dhruvpatel29/humble-ros2/install/rqt_console:/Users/dhruvpatel29/humble-ros2/install/rqt:/Users/dhruvpatel29/humble-ros2/install/rqt_joint_trajectory_controller:/Users/dhruvpatel29/humble-ros2/install/rqt_graph:/Users/dhruvpatel29/humble-ros2/install/rqt_gui_py:/Users/dhruvpatel29/humble-ros2/install/rqt_gui:/Users/dhruvpatel29/humble-ros2/install/ros2trace:/Users/dhruvpatel29/humble-ros2/install/ros2topic:/Users/dhruvpatel29/humble-ros2/install/ros2test:/Users/dhruvpatel29/humble-ros2/install/ros2component:/Users/dhruvpatel29/humble-ros2/install/ros2param:/Users/dhruvpatel29/humble-ros2/install/ros2lifecycle:/Users/dhruvpatel29/humble-ros2/install/ros2service:/Users/dhruvpatel29/humble-ros2/install/ros2run:/Users/dhruvpatel29/humble-ros2/install/ros2launch:/Users/dhruvpatel29/humble-ros2/install/ros2pkg:/Users/dhruvpatel29/humble-ros2/install/ros2node:/Users/dhruvpatel29/humble-ros2/install/ros2multicast:/Users/dhruvpatel29/humble-ros2/install/ros2interface:/Users/dhruvpatel29/humble-ros2/install/ros2doctor:/Users/dhruvpatel29/humble-ros2/install/ros2action:/Users/dhruvpatel29/humble-ros2/install/ros2cli:/Users/dhruvpatel29/humble-ros2/install/ros2_controllers_test_nodes:/Users/dhruvpatel29/humble-ros2/install/quality_of_service_demo_py:/Users/dhruvpatel29/humble-ros2/install/nav2_simple_commander:/Users/dhruvpatel29/humble-ros2/install/lifecycle_py:/Users/dhruvpatel29/humble-ros2/install/launch_testing_ros:/Users/dhruvpatel29/humble-ros2/install/launch_ros:/Users/dhruvpatel29/humble-ros2/install/examples_rclpy_pointcloud_publisher:/Users/dhruvpatel29/humble-ros2/install/examples_rclpy_minimal_subscriber:/Users/dhruvpatel29/humble-ros2/install/examples_rclpy_minimal_service:/Users/dhruvpatel29/humble-ros2/install/examples_rclpy_minimal_publisher:/Users/dhruvpatel29/humble-ros2/install/examples_rclpy_minimal_client:/Users/dhruvpatel29/humble-ros2/install/examples_rclpy_minimal_action_server:/Users/dhruvpatel29/humble-ros2/install/examples_rclpy_minimal_action_client:/Users/dhruvpatel29/humble-ros2/install/examples_rclpy_guard_conditions:/Users/dhruvpatel29/humble-ros2/install/examples_rclpy_executors:/Users/dhruvpatel29/humble-ros2/install/demo_nodes_py:/Users/dhruvpatel29/humble-ros2/install/camera_info_manager_py:/Users/dhruvpatel29/humble-ros2/install/bondpy:/Users/dhruvpatel29/humble-ros2/install/action_tutorials_py:/Users/dhruvpatel29/humble-ros2/install/ament_uncrustify:/Users/dhruvpatel29/humble-ros2/install/tracetools_trace:/Users/dhruvpatel29/humble-ros2/install/tracetools_read:/Users/dhruvpatel29/humble-ros2/install/test_tracetools_launch:/Users/dhruvpatel29/humble-ros2/install/test_launch_ros:/Users/dhruvpatel29/humble-ros2/install/sensor_msgs_py:/Users/dhruvpatel29/humble-ros2/install/rpyutils:/Users/dhruvpatel29/humble-ros2/install/rosidl_runtime_py:/Users/dhruvpatel29/humble-ros2/install/rosidl_cli:/Users/dhruvpatel29/humble-ros2/install/launch_pytest:/Users/dhruvpatel29/humble-ros2/install/launch_testing:/Users/dhruvpatel29/humble-ros2/install/launch_yaml:/Users/dhruvpatel29/humble-ros2/install/launch_xml:/Users/dhruvpatel29/humble-ros2/install/launch:/Users/dhruvpatel29/humble-ros2/install/osrf_pycommon:/Users/dhruvpatel29/humble-ros2/install/domain_coordinator:/Users/dhruvpatel29/humble-ros2/install/ament_xmllint:/Users/dhruvpatel29/humble-ros2/install/ament_pyflakes:/Users/dhruvpatel29/humble-ros2/install/ament_pycodestyle:/Users/dhruvpatel29/humble-ros2/install/ament_pep257:/Users/dhruvpatel29/humble-ros2/install/ament_pclint:/Users/dhruvpatel29/humble-ros2/install/ament_package:/Users/dhruvpatel29/humble-ros2/install/ament_mypy:/Users/dhruvpatel29/humble-ros2/install/ament_lint_cmake:/Users/dhruvpatel29/humble-ros2/install/ament_flake8:/Users/dhruvpatel29/humble-ros2/install/ament_copyright:/Users/dhruvpatel29/humble-ros2/install/ament_lint:/Users/dhruvpatel29/humble-ros2/install/ament_index_python:/Users/dhruvpatel29/humble-ros2/install/ament_cpplint:/Users/dhruvpatel29/humble-ros2/install/ament_cppcheck:/Users/dhruvpatel29/humble-ros2/install/ament_clang_tidy:/Users/dhruvpatel29/humble-ros2/install/ament_clang_format:/Users/dhruvpatel29/ros2_ws/install/turtlesim_catch_them_all:/Users/dhruvpatel29/ros2_ws/install/turtlebot3_teleop:/Users/dhruvpatel29/ros2_ws/install/turtlebot3_example:/Users/dhruvpatel29/ros2_ws/install/number_counter:/Users/dhruvpatel29/ros2_ws/install/my_py_pkg:/Users/dhruvpatel29/ros2_ws/install/actions_py:/Users/dhruvpatel29/ros2_ws/install/lifecycle_py:/Users/dhruvpatel29/ros2_ws/install/executors_py:/Users/dhruvpatel29/ros2_ws/install/components_py:/Users/dhruvpatel29/ros2_ws/install/add_two_ints:/Users/dhruvpatel29/backup_ros/humble-ros2/install/moveit_configs_utils:/Users/dhruvpatel29/backup_ros/humble-ros2/install/launch_param_builder:/Users/dhruvpatel29/backup_ros/humble-ros2/install/tf2_ros_py:/Users/dhruvpatel29/backup_ros/humble-ros2/install/rqt_gui_py:/Users/dhruvpatel29/backup_ros/humble-ros2/install/rqt_gui:/Users/dhruvpatel29/backup_ros/humble-ros2/install/ros2topic:/Users/dhruvpatel29/backup_ros/humble-ros2/install/ros2test:/Users/dhruvpatel29/backup_ros/humble-ros2/install/ros2param:/Users/dhruvpatel29/backup_ros/humble-ros2/install/ros2service:/Users/dhruvpatel29/backup_ros/humble-ros2/install/ros2run:/Users/dhruvpatel29/backup_ros/humble-ros2/install/ros2pkg:/Users/dhruvpatel29/backup_ros/humble-ros2/install/ros2node:/Users/dhruvpatel29/backup_ros/humble-ros2/install/ros2cli:/Users/dhruvpatel29/backup_ros/humble-ros2/install/launch_testing_ros:/Users/dhruvpatel29/backup_ros/humble-ros2/install/launch_ros:/Users/dhruvpatel29/backup_ros/humble-ros2/install/joint_state_publisher_gui:/Users/dhruvpatel29/backup_ros/humble-ros2/install/joint_state_publisher:/Users/dhruvpatel29/backup_ros/humble-ros2/install/ament_uncrustify:/Users/dhruvpatel29/backup_ros/humble-ros2/install/tracetools_trace:/Users/dhruvpatel29/backup_ros/humble-ros2/install/tracetools_read:/Users/dhruvpatel29/backup_ros/humble-ros2/install/sensor_msgs_py:/Users/dhruvpatel29/backup_ros/humble-ros2/install/rpyutils:/Users/dhruvpatel29/backup_ros/humble-ros2/install/rosidl_runtime_py:/Users/dhruvpatel29/backup_ros/humble-ros2/install/rosidl_cli:/Users/dhruvpatel29/backup_ros/humble-ros2/install/launch_pytest:/Users/dhruvpatel29/backup_ros/humble-ros2/install/launch_testing:/Users/dhruvpatel29/backup_ros/humble-ros2/install/launch_yaml:/Users/dhruvpatel29/backup_ros/humble-ros2/install/launch_xml:/Users/dhruvpatel29/backup_ros/humble-ros2/install/launch:/Users/dhruvpatel29/backup_ros/humble-ros2/install/osrf_pycommon:/Users/dhruvpatel29/backup_ros/humble-ros2/install/generate_parameter_library_py:/Users/dhruvpatel29/backup_ros/humble-ros2/install/domain_coordinator:/Users/dhruvpatel29/backup_ros/humble-ros2/install/ament_xmllint:/Users/dhruvpatel29/backup_ros/humble-ros2/install/ament_pyflakes:/Users/dhruvpatel29/backup_ros/humble-ros2/install/ament_pycodestyle:/Users/dhruvpatel29/backup_ros/humble-ros2/install/ament_pep257:/Users/dhruvpatel29/backup_ros/humble-ros2/install/ament_pclint:/Users/dhruvpatel29/backup_ros/humble-ros2/install/ament_package:/Users/dhruvpatel29/backup_ros/humble-ros2/install/ament_mypy:/Users/dhruvpatel29/backup_ros/humble-ros2/install/ament_lint_cmake:/Users/dhruvpatel29/backup_ros/humble-ros2/install/ament_flake8:/Users/dhruvpatel29/backup_ros/humble-ros2/install/ament_copyright:/Users/dhruvpatel29/backup_ros/humble-ros2/install/ament_lint:/Users/dhruvpatel29/backup_ros/humble-ros2/install/ament_index_python:/Users/dhruvpatel29/backup_ros/humble-ros2/install/ament_cpplint:/Users/dhruvpatel29/backup_ros/humble-ros2/install/ament_cppcheck:/Users/dhruvpatel29/backup_ros/humble-ros2/install/ament_clang_tidy:/Users/dhruvpatel29/backup_ros/humble-ros2/install/ament_clang_format:/Users/dhruvpatel29/backup_ros/humble-ros2/install/rsl:/Users/dhruvpatel29/backup_ros/humble-ros2/install/rosbag2_test_common:/Users/dhruvpatel29/backup_ros/humble-ros2/install/bondcpp:/Users/dhruvpatel29/backup_ros/humble-ros2/install/rclcpp_lifecycle:/Users/dhruvpatel29/backup_ros/humble-ros2/install/rclcpp_components:/Users/dhruvpatel29/backup_ros/humble-ros2/install/nav2_voxel_grid:/Users/dhruvpatel29/backup_ros/humble-ros2/install/rclcpp:/Users/dhruvpatel29/backup_ros/humble-ros2/install/rcl_lifecycle:/Users/dhruvpatel29/backup_ros/humble-ros2/install/libstatistics_collector:/Users/dhruvpatel29/backup_ros/humble-ros2/install/rcl:/Users/dhruvpatel29/backup_ros/humble-ros2/install/rmw_implementation:/Users/dhruvpatel29/backup_ros/humble-ros2/install/rmw_fastrtps_dynamic_cpp:/Users/dhruvpatel29/backup_ros/humble-ros2/install/rmw_fastrtps_cpp:/Users/dhruvpatel29/backup_ros/humble-ros2/install/rmw_fastrtps_shared_cpp:/Users/dhruvpatel29/backup_ros/humble-ros2/install/rmw_cyclonedds_cpp:/Users/dhruvpatel29/backup_ros/humble-ros2/install/tracetools:/Users/dhruvpatel29/backup_ros/humble-ros2/install/tl_expected:/Users/dhruvpatel29/backup_ros/humble-ros2/install/tinyxml_vendor:/Users/dhruvpatel29/backup_ros/humble-ros2/install/pluginlib:/Users/dhruvpatel29/backup_ros/humble-ros2/install/tinyxml2_vendor:/Users/dhruvpatel29/backup_ros/humble-ros2/install/tf2_eigen_kdl:/Users/dhruvpatel29/backup_ros/humble-ros2/install/tf2:/Users/dhruvpatel29/backup_ros/humble-ros2/install/test_rmw_implementation:/Users/dhruvpatel29/backup_ros/humble-ros2/install/test_launch_testing:/Users/dhruvpatel29/backup_ros/humble-ros2/install/test_interface_files:/Users/dhruvpatel29/backup_ros/humble-ros2/install/tcb_span:/Users/dhruvpatel29/backup_ros/humble-ros2/install/qt_gui_core:/Users/dhruvpatel29/backup_ros/humble-ros2/install/qt_gui_app:/Users/dhruvpatel29/backup_ros/humble-ros2/install/qt_gui:/Users/dhruvpatel29/backup_ros/humble-ros2/install/tango_icons_vendor:/Users/dhruvpatel29/backup_ros/humble-ros2/install/stereo_msgs:/Users/dhruvpatel29/backup_ros/humble-ros2/install/std_srvs:/Users/dhruvpatel29/backup_ros/humble-ros2/install/shape_msgs:/Users/dhruvpatel29/backup_ros/humble-ros2/install/map_msgs:/Users/dhruvpatel29/backup_ros/humble-ros2/install/cv_bridge:/Users/dhruvpatel29/backup_ros/humble-ros2/install/sensor_msgs:/Users/dhruvpatel29/backup_ros/humble-ros2/install/ros_gz_interfaces:/Users/dhruvpatel29/backup_ros/humble-ros2/install/octomap_msgs:/Users/dhruvpatel29/backup_ros/humble-ros2/install/nav_msgs:/Users/dhruvpatel29/backup_ros/humble-ros2/install/nav_2d_msgs:/Users/dhruvpatel29/backup_ros/humble-ros2/install/graph_msgs:/Users/dhruvpatel29/backup_ros/humble-ros2/install/gps_msgs:/Users/dhruvpatel29/backup_ros/humble-ros2/install/diagnostic_msgs:/Users/dhruvpatel29/backup_ros/humble-ros2/install/geometry_msgs:/Users/dhruvpatel29/backup_ros/humble-ros2/install/bond:/Users/dhruvpatel29/backup_ros/humble-ros2/install/actuator_msgs:/Users/dhruvpatel29/backup_ros/humble-ros2/install/actionlib_msgs:/Users/dhruvpatel29/backup_ros/humble-ros2/install/ackermann_msgs:/Users/dhruvpatel29/backup_ros/humble-ros2/install/std_msgs:/Users/dhruvpatel29/backup_ros/humble-ros2/install/statistics_msgs:/Users/dhruvpatel29/backup_ros/humble-ros2/install/sqlite3_vendor:/Users/dhruvpatel29/backup_ros/humble-ros2/install/rcl_logging_spdlog:/Users/dhruvpatel29/backup_ros/humble-ros2/install/spdlog_vendor:/Users/dhruvpatel29/backup_ros/humble-ros2/install/smclib:/Users/dhruvpatel29/backup_ros/humble-ros2/install/shared_queues_vendor:/Users/dhruvpatel29/backup_ros/humble-ros2/install/rviz_rendering_tests:/Users/dhruvpatel29/backup_ros/humble-ros2/install/rviz_rendering:/Users/dhruvpatel29/backup_ros/humble-ros2/install/rviz_ogre_vendor:/Users/dhruvpatel29/backup_ros/humble-ros2/install/rviz_assimp_vendor:/Users/dhruvpatel29/backup_ros/humble-ros2/install/ruckig:/Users/dhruvpatel29/backup_ros/humble-ros2/install/rmw_connextddsmicro:/Users/dhruvpatel29/backup_ros/humble-ros2/install/rmw_connextdds:/Users/dhruvpatel29/backup_ros/humble-ros2/install/rmw_connextdds_common:/Users/dhruvpatel29/backup_ros/humble-ros2/install/rti_connext_dds_cmake_module:/Users/dhruvpatel29/backup_ros/humble-ros2/install/rosgraph_msgs:/Users/dhruvpatel29/backup_ros/humble-ros2/install/rosbag2_interfaces:/Users/dhruvpatel29/backup_ros/humble-ros2/install/rmw_dds_common:/Users/dhruvpatel29/backup_ros/humble-ros2/install/composition_interfaces:/Users/dhruvpatel29/backup_ros/humble-ros2/install/rcl_interfaces:/Users/dhruvpatel29/backup_ros/humble-ros2/install/pendulum_msgs:/Users/dhruvpatel29/backup_ros/humble-ros2/install/controller_manager_msgs:/Users/dhruvpatel29/backup_ros/humble-ros2/install/lifecycle_msgs:/Users/dhruvpatel29/backup_ros/humble-ros2/install/dynamixel_sdk_custom_interfaces:/Users/dhruvpatel29/backup_ros/humble-ros2/install/builtin_interfaces:/Users/dhruvpatel29/backup_ros/humble-ros2/install/rosidl_default_runtime:/Users/dhruvpatel29/backup_ros/humble-ros2/install/rosidl_default_generators:/Users/dhruvpatel29/backup_ros/humble-ros2/install/rosidl_generator_py:/Users/dhruvpatel29/backup_ros/humble-ros2/install/rosidl_typesupport_introspection_tests:/Users/dhruvpatel29/backup_ros/humble-ros2/install/rosidl_typesupport_cpp:/Users/dhruvpatel29/backup_ros/humble-ros2/install/rosidl_typesupport_introspection_cpp:/Users/dhruvpatel29/backup_ros/humble-ros2/install/rosidl_typesupport_c:/Users/dhruvpatel29/backup_ros/humble-ros2/install/rosidl_typesupport_introspection_c:/Users/dhruvpatel29/backup_ros/humble-ros2/install/rosidl_typesupport_fastrtps_c:/Users/dhruvpatel29/backup_ros/humble-ros2/install/rosidl_typesupport_fastrtps_cpp:/Users/dhruvpatel29/backup_ros/humble-ros2/install/rosidl_generator_cpp:/Users/dhruvpatel29/backup_ros/humble-ros2/install/rosidl_runtime_cpp:/Users/dhruvpatel29/backup_ros/humble-ros2/install/rcl_yaml_param_parser:/Users/dhruvpatel29/backup_ros/humble-ros2/install/rmw:/Users/dhruvpatel29/backup_ros/humble-ros2/install/rosidl_runtime_c:/Users/dhruvpatel29/backup_ros/humble-ros2/install/rosidl_generator_c:/Users/dhruvpatel29/backup_ros/humble-ros2/install/rosidl_typesupport_interface:/Users/dhruvpatel29/backup_ros/humble-ros2/install/rosidl_generator_dds_idl:/Users/dhruvpatel29/backup_ros/humble-ros2/install/rosidl_cmake:/Users/dhruvpatel29/backup_ros/humble-ros2/install/rosidl_parser:/Users/dhruvpatel29/backup_ros/humble-ros2/install/rosidl_adapter:/Users/dhruvpatel29/backup_ros/humble-ros2/install/ros_environment:/Users/dhruvpatel29/backup_ros/humble-ros2/install/ros2_control_test_assets:/Users/dhruvpatel29/backup_ros/humble-ros2/install/ros2_control_cmake:/Users/dhruvpatel29/backup_ros/humble-ros2/install/rmw_implementation_cmake:/Users/dhruvpatel29/backup_ros/humble-ros2/install/resource_retriever:/Users/dhruvpatel29/backup_ros/humble-ros2/install/class_loader:/Users/dhruvpatel29/backup_ros/humble-ros2/install/rcpputils:/Users/dhruvpatel29/backup_ros/humble-ros2/install/rcl_logging_noop:/Users/dhruvpatel29/backup_ros/humble-ros2/install/rcl_logging_interface:/Users/dhruvpatel29/backup_ros/humble-ros2/install/rcutils:/Users/dhruvpatel29/backup_ros/humble-ros2/install/random_numbers:/Users/dhruvpatel29/backup_ros/humble-ros2/install/qt_gui_py_common:/Users/dhruvpatel29/backup_ros/humble-ros2/install/qt_dotgraph:/Users/dhruvpatel29/backup_ros/humble-ros2/install/python_qt_binding:/Users/dhruvpatel29/backup_ros/humble-ros2/install/python_orocos_kdl_vendor:/Users/dhruvpatel29/backup_ros/humble-ros2/install/launch_testing_ament_cmake:/Users/dhruvpatel29/backup_ros/humble-ros2/install/python_cmake_module:/Users/dhruvpatel29/backup_ros/humble-ros2/install/pybind11_vendor:/Users/dhruvpatel29/backup_ros/humble-ros2/install/performance_test_fixture:/Users/dhruvpatel29/backup_ros/humble-ros2/install/osrf_testing_tools_cpp:/Users/dhruvpatel29/backup_ros/humble-ros2/install/orocos_kdl_vendor:/Users/dhruvpatel29/backup_ros/humble-ros2/install/dynamic_edt_3d:/Users/dhruvpatel29/backup_ros/humble-ros2/install/octomap:/Users/dhruvpatel29/backup_ros/humble-ros2/install/nav2_costmap_filters_demo:/Users/dhruvpatel29/backup_ros/humble-ros2/install/moveit_resources_pr2_description:/Users/dhruvpatel29/backup_ros/humble-ros2/install/moveit_resources_panda_description:/Users/dhruvpatel29/backup_ros/humble-ros2/install/moveit_resources_fanuc_description:/Users/dhruvpatel29/backup_ros/humble-ros2/install/moveit_common:/Users/dhruvpatel29/backup_ros/humble-ros2/install/mimick_vendor:/Users/dhruvpatel29/backup_ros/humble-ros2/install/libyaml_vendor:/Users/dhruvpatel29/backup_ros/humble-ros2/install/libcurl_vendor:/Users/dhruvpatel29/backup_ros/humble-ros2/install/keyboard_handler:/Users/dhruvpatel29/backup_ros/humble-ros2/install/ignition-transport11:/Users/dhruvpatel29/backup_ros/humble-ros2/install/iceoryx_introspection:/Users/dhruvpatel29/backup_ros/humble-ros2/install/cyclonedds:/Users/dhruvpatel29/backup_ros/humble-ros2/install/iceoryx_posh:/Users/dhruvpatel29/backup_ros/humble-ros2/install/iceoryx_hoofs:/Users/dhruvpatel29/backup_ros/humble-ros2/install/iceoryx_binding_c:/Users/dhruvpatel29/backup_ros/humble-ros2/install/ament_cmake_ros:/Users/dhruvpatel29/backup_ros/humble-ros2/install/ament_cmake_auto:/Users/dhruvpatel29/backup_ros/humble-ros2/install/ament_cmake_gmock:/Users/dhruvpatel29/backup_ros/humble-ros2/install/gmock_vendor:/Users/dhruvpatel29/backup_ros/humble-ros2/install/ament_cmake_gtest:/Users/dhruvpatel29/backup_ros/humble-ros2/install/gtest_vendor:/Users/dhruvpatel29/backup_ros/humble-ros2/install/ament_cmake_google_benchmark:/Users/dhruvpatel29/backup_ros/humble-ros2/install/fastrtps:/Users/dhruvpatel29/backup_ros/humble-ros2/install/foonathan_memory_vendor:/Users/dhruvpatel29/backup_ros/humble-ros2/install/fastrtps_cmake_module:/Users/dhruvpatel29/backup_ros/humble-ros2/install/fastcdr:/Users/dhruvpatel29/backup_ros/humble-ros2/install/eigen_stl_containers:/Users/dhruvpatel29/backup_ros/humble-ros2/install/eigen3_cmake_module:/Users/dhruvpatel29/backup_ros/humble-ros2/install/dynamixel_sdk:/Users/dhruvpatel29/backup_ros/humble-ros2/install/console_bridge_vendor:/Users/dhruvpatel29/backup_ros/humble-ros2/install/ceres-solver-vendor:/Users/dhruvpatel29/backup_ros/humble-ros2/install/backward_ros:/Users/dhruvpatel29/backup_ros/humble-ros2/install/angles:/Users/dhruvpatel29/backup_ros/humble-ros2/install/ament_cmake_xmllint:/Users/dhruvpatel29/backup_ros/humble-ros2/install/ament_cmake_pyflakes:/Users/dhruvpatel29/backup_ros/humble-ros2/install/ament_cmake_pycodestyle:/Users/dhruvpatel29/backup_ros/humble-ros2/install/ament_cmake_pep257:/Users/dhruvpatel29/backup_ros/humble-ros2/install/ament_cmake_pclint:/Users/dhruvpatel29/backup_ros/humble-ros2/install/ament_lint_auto:/Users/dhruvpatel29/backup_ros/humble-ros2/install/ament_cmake:/Users/dhruvpatel29/backup_ros/humble-ros2/install/ament_cmake_version:/Users/dhruvpatel29/backup_ros/humble-ros2/install/ament_cmake_vendor_package:/Users/dhruvpatel29/backup_ros/humble-ros2/install/ament_cmake_pytest:/Users/dhruvpatel29/backup_ros/humble-ros2/install/ament_cmake_nose:/Users/dhruvpatel29/backup_ros/humble-ros2/install/ament_cmake_mypy:/Users/dhruvpatel29/backup_ros/humble-ros2/install/ament_cmake_lint_cmake:/Users/dhruvpatel29/backup_ros/humble-ros2/install/ament_cmake_flake8:/Users/dhruvpatel29/backup_ros/humble-ros2/install/ament_cmake_cpplint:/Users/dhruvpatel29/backup_ros/humble-ros2/install/ament_cmake_cppcheck:/Users/dhruvpatel29/backup_ros/humble-ros2/install/ament_cmake_copyright:/Users/dhruvpatel29/backup_ros/humble-ros2/install/ament_cmake_clang_tidy:/Users/dhruvpatel29/backup_ros/humble-ros2/install/ament_cmake_clang_format:/Users/dhruvpatel29/backup_ros/humble-ros2/install/ament_cmake_test:/Users/dhruvpatel29/backup_ros/humble-ros2/install/ament_cmake_target_dependencies:/Users/dhruvpatel29/backup_ros/humble-ros2/install/ament_cmake_python:/Users/dhruvpatel29/backup_ros/humble-ros2/install/ament_cmake_export_dependencies:/Users/dhruvpatel29/backup_ros/humble-ros2/install/ament_cmake_libraries:/Users/dhruvpatel29/backup_ros/humble-ros2/install/ament_cmake_include_directories:/Users/dhruvpatel29/backup_ros/humble-ros2/install/ament_cmake_gen_version_h:/Users/dhruvpatel29/backup_ros/humble-ros2/install/ament_cmake_export_targets:/Users/dhruvpatel29/backup_ros/humble-ros2/install/ament_cmake_export_link_flags:/Users/dhruvpatel29/backup_ros/humble-ros2/install/ament_cmake_export_interfaces:/Users/dhruvpatel29/backup_ros/humble-ros2/install/ament_cmake_export_libraries:/Users/dhruvpatel29/backup_ros/humble-ros2/install/ament_cmake_export_include_directories:/Users/dhruvpatel29/backup_ros/humble-ros2/install/ament_cmake_export_definitions:/Users/dhruvpatel29/backup_ros/humble-ros2/install/ament_cmake_core:/Users/dhruvpatel29/backup_ros/humble-ros2/install/ament_index_cpp:/Users/dhruvpatel29/backup_ros/humble-ros2/install/GeographicLib:/opt/homebrew/Cellar/google-benchmark/1.9.4:/Users/dhruvpatel29/humble-ros2/src/ros-commondep/boost-1.74.0/::/opt/homebrew/opt/qt@5:/opt/homebrew/opt/qt@5 SHLVL=2 _=/usr/bin/env /opt/homebrew/bin/cmake --build /Users/dhruvpatel29/humble-ros2/src/ros2_control/build/filters -- -j8 -l8
[80.973s] DEBUG:colcon.colcon_core.event_handler.log_command:Invoking command in '/Users/dhruvpatel29/humble-ros2/src/ros2_control/build/filters': CMAKE_PREFIX_PATH=/opt/homebrew/Cellar/google-benchmark/1.9.4:/Users/dhruvpatel29/humble-ros2/src/ros-commondep/boost:/Users/dhruvpatel29/humble-ros2/install/rosbag2_storage_mcap:/Users/dhruvpatel29/humble-ros2/install/rosbag2:/Users/dhruvpatel29/humble-ros2/install/rosbag2_compression_zstd:/Users/dhruvpatel29/humble-ros2/install/mcap_vendor:/Users/dhruvpatel29/humble-ros2/install/zstd_vendor:/Users/dhruvpatel29/humble-ros2/install/vision_msgs_rviz_plugins:/Users/dhruvpatel29/humble-ros2/install/test_ros_gz_bridge:/Users/dhruvpatel29/humble-ros2/install/sam_bot_description:/Users/dhruvpatel29/humble-ros2/install/rviz_visual_testing_framework:/Users/dhruvpatel29/humble-ros2/install/ros_ign:/Users/dhruvpatel29/humble-ros2/install/ros_ign_gazebo_demos:/Users/dhruvpatel29/humble-ros2/install/ros_gz:/Users/dhruvpatel29/humble-ros2/install/ros_gz_sim_demos:/Users/dhruvpatel29/humble-ros2/install/rviz2:/Users/dhruvpatel29/humble-ros2/install/nav2_rviz_plugins:/Users/dhruvpatel29/humble-ros2/install/rviz_default_plugins:/Users/dhruvpatel29/humble-ros2/install/rviz_common:/Users/dhruvpatel29/humble-ros2/install/rosbag2_py:/Users/dhruvpatel29/humble-ros2/install/rosbag2_transport:/Users/dhruvpatel29/humble-ros2/install/rosbag2_storage_default_plugins:/Users/dhruvpatel29/humble-ros2/install/rosbag2_performance_benchmarking:/Users/dhruvpatel29/humble-ros2/install/rosbag2_compression:/Users/dhruvpatel29/humble-ros2/install/rosbag2_cpp:/Users/dhruvpatel29/humble-ros2/install/rosbag2_storage:/Users/dhruvpatel29/humble-ros2/install/ros_ign_image:/Users/dhruvpatel29/humble-ros2/install/ros_ign_bridge:/Users/dhruvpatel29/humble-ros2/install/ros_gz_image:/Users/dhruvpatel29/humble-ros2/install/ros_gz_bridge:/Users/dhruvpatel29/humble-ros2/install/robot_localization:/Users/dhruvpatel29/humble-ros2/install/nav2_map_server:/Users/dhruvpatel29/humble-ros2/install/image_common:/Users/dhruvpatel29/humble-ros2/install/camera_info_manager:/Users/dhruvpatel29/humble-ros2/install/camera_calibration_parsers:/Users/dhruvpatel29/humble-ros2/install/yaml_cpp_vendor:/Users/dhruvpatel29/humble-ros2/install/moveit_resources_prbt_support:/Users/dhruvpatel29/humble-ros2/install/moveit_resources:/Users/dhruvpatel29/humble-ros2/install/moveit_resources_panda_moveit_config:/Users/dhruvpatel29/humble-ros2/install/moveit_resources_fanuc_moveit_config:/Users/dhruvpatel29/humble-ros2/install/xacro:/Users/dhruvpatel29/humble-ros2/install/warehouse_ros:/Users/dhruvpatel29/humble-ros2/install/moveit_task_constructor_msgs:/Users/dhruvpatel29/humble-ros2/install/interactive_markers:/Users/dhruvpatel29/humble-ros2/install/geometric_shapes:/Users/dhruvpatel29/humble-ros2/install/common_interfaces:/Users/dhruvpatel29/humble-ros2/install/visualization_msgs:/Users/dhruvpatel29/humble-ros2/install/vision_msgs:/Users/dhruvpatel29/humble-ros2/install/srdfdom:/Users/dhruvpatel29/humble-ros2/install/dummy_robot_bringup:/Users/dhruvpatel29/humble-ros2/install/robot_state_publisher:/Users/dhruvpatel29/humble-ros2/install/kinematics_interface_kdl:/Users/dhruvpatel29/humble-ros2/install/kdl_parser:/Users/dhruvpatel29/humble-ros2/install/joint_limits:/Users/dhruvpatel29/humble-ros2/install/urdf:/Users/dhruvpatel29/humble-ros2/install/urdfdom:/Users/dhruvpatel29/humble-ros2/install/urdf_parser_plugin:/Users/dhruvpatel29/humble-ros2/install/urdfdom_headers:/Users/dhruvpatel29/humble-ros2/install/turtlesim:/Users/dhruvpatel29/humble-ros2/install/transmission_interface:/Users/dhruvpatel29/humble-ros2/install/geometry2:/Users/dhruvpatel29/humble-ros2/install/tf2_sensor_msgs:/Users/dhruvpatel29/humble-ros2/install/test_tf2:/Users/dhruvpatel29/humble-ros2/install/tf2_kdl:/Users/dhruvpatel29/humble-ros2/install/nav_2d_utils:/Users/dhruvpatel29/humble-ros2/install/nav2_velocity_smoother:/Users/dhruvpatel29/humble-ros2/install/nav2_lifecycle_manager:/Users/dhruvpatel29/humble-ros2/install/nav2_amcl:/Users/dhruvpatel29/humble-ros2/install/nav2_util:/Users/dhruvpatel29/humble-ros2/install/tf2_geometry_msgs:/Users/dhruvpatel29/humble-ros2/install/tf2_eigen:/Users/dhruvpatel29/humble-ros2/install/tf2_bullet:/Users/dhruvpatel29/humble-ros2/install/tf2_ros:/Users/dhruvpatel29/humble-ros2/install/tf2_py:/Users/dhruvpatel29/humble-ros2/install/tf2_msgs:/Users/dhruvpatel29/humble-ros2/install/test_msgs:/Users/dhruvpatel29/humble-ros2/install/sros2_cmake:/Users/dhruvpatel29/humble-ros2/install/ros2cli_common_extensions:/Users/dhruvpatel29/humble-ros2/install/diagnostics:/Users/dhruvpatel29/humble-ros2/install/self_test:/Users/dhruvpatel29/humble-ros2/install/rqt_py_common:/Users/dhruvpatel29/humble-ros2/install/rosbag2_storage_mcap_testdata:/Users/dhruvpatel29/humble-ros2/install/ros_testing:/Users/dhruvpatel29/humble-ros2/install/ros2cli_test_interfaces:/Users/dhruvpatel29/humble-ros2/install/realtime_tools:/Users/dhruvpatel29/humble-ros2/install/quality_of_service_demo_cpp:/Users/dhruvpatel29/humble-ros2/install/nav2_common:/Users/dhruvpatel29/humble-ros2/install/image_transport:/Users/dhruvpatel29/humble-ros2/install/message_filters:/Users/dhruvpatel29/humble-ros2/install/demo_nodes_cpp:/Users/dhruvpatel29/humble-ros2/install/composition:/Users/dhruvpatel29/humble-ros2/install/laser_geometry:/Users/dhruvpatel29/humble-ros2/install/gps_tools:/Users/dhruvpatel29/humble-ros2/install/dynamixel_sdk_examples:/Users/dhruvpatel29/humble-ros2/install/diagnostic_common_diagnostics:/Users/dhruvpatel29/humble-ros2/install/diagnostic_updater:/Users/dhruvpatel29/humble-ros2/install/diagnostic_aggregator:/Users/dhruvpatel29/humble-ros2/install/rclpy:/Users/dhruvpatel29/humble-ros2/install/examples_rclcpp_minimal_action_server:/Users/dhruvpatel29/humble-ros2/install/examples_rclcpp_minimal_action_client:/Users/dhruvpatel29/humble-ros2/install/btcpp_ros2_samples:/Users/dhruvpatel29/humble-ros2/install/behaviortree_ros2:/Users/dhruvpatel29/humble-ros2/install/action_tutorials_cpp:/Users/dhruvpatel29/humble-ros2/install/rclcpp_action:/Users/dhruvpatel29/humble-ros2/install/rcl_action:/Users/dhruvpatel29/humble-ros2/install/moveit_msgs:/Users/dhruvpatel29/humble-ros2/install/object_recognition_msgs:/Users/dhruvpatel29/humble-ros2/install/nav2_msgs:/Users/dhruvpatel29/humble-ros2/install/nav2_dynamic_msgs:/Users/dhruvpatel29/humble-ros2/install/hardware_interface_testing:/Users/dhruvpatel29/humble-ros2/install/controller_interface:/Users/dhruvpatel29/humble-ros2/install/hardware_interface:/Users/dhruvpatel29/humble-ros2/install/geographic_info:/Users/dhruvpatel29/humble-ros2/install/geodesy:/Users/dhruvpatel29/humble-ros2/install/geographic_msgs:/Users/dhruvpatel29/humble-ros2/install/examples_rclcpp_wait_set:/Users/dhruvpatel29/humble-ros2/install/examples_rclcpp_minimal_service:/Users/dhruvpatel29/humble-ros2/install/examples_rclcpp_minimal_client:/Users/dhruvpatel29/humble-ros2/install/examples_rclcpp_async_client:/Users/dhruvpatel29/humble-ros2/install/example_interfaces:/Users/dhruvpatel29/humble-ros2/install/control_msgs:/Users/dhruvpatel29/humble-ros2/install/btcpp_ros2_interfaces:/Users/dhruvpatel29/humble-ros2/install/action_tutorials_interfaces:/Users/dhruvpatel29/humble-ros2/install/action_msgs:/Users/dhruvpatel29/humble-ros2/install/unique_identifier_msgs:/Users/dhruvpatel29/humble-ros2/install/ament_lint_common:/Users/dhruvpatel29/humble-ros2/install/ament_cmake_uncrustify:/Users/dhruvpatel29/humble-ros2/install/uncrustify_vendor:/Users/dhruvpatel29/humble-ros2/install/trajectory_msgs:/Users/dhruvpatel29/humble-ros2/install/topic_statistics_demo:/Users/dhruvpatel29/humble-ros2/install/test_tracetools:/Users/dhruvpatel29/humble-ros2/install/rosbag2_test_common:/Users/dhruvpatel29/humble-ros2/install/ros_ign_gazebo:/Users/dhruvpatel29/humble-ros2/install/ros_gz_sim:/Users/dhruvpatel29/humble-ros2/install/ros2lifecycle_test_fixtures:/Users/dhruvpatel29/humble-ros2/install/lifecycle:/Users/dhruvpatel29/humble-ros2/install/kinematics_interface:/Users/dhruvpatel29/humble-ros2/install/bond_core:/Users/dhruvpatel29/humble-ros2/install/bondcpp:/Users/dhruvpatel29/humble-ros2/install/rclcpp_lifecycle:/Users/dhruvpatel29/humble-ros2/install/logging_demo:/Users/dhruvpatel29/humble-ros2/install/image_tools:/Users/dhruvpatel29/humble-ros2/install/examples_rclcpp_minimal_subscriber:/Users/dhruvpatel29/humble-ros2/install/examples_rclcpp_minimal_composition:/Users/dhruvpatel29/humble-ros2/install/demo_nodes_cpp_native:/Users/dhruvpatel29/humble-ros2/install/rclcpp_components:/Users/dhruvpatel29/humble-ros2/install/nav2_voxel_grid:/Users/dhruvpatel29/humble-ros2/install/intra_process_demo:/Users/dhruvpatel29/humble-ros2/install/examples_rclcpp_multithreaded_executor:/Users/dhruvpatel29/humble-ros2/install/examples_rclcpp_minimal_timer:/Users/dhruvpatel29/humble-ros2/install/examples_rclcpp_minimal_publisher:/Users/dhruvpatel29/humble-ros2/install/examples_rclcpp_cbg_executor:/Users/dhruvpatel29/humble-ros2/install/dummy_sensors:/Users/dhruvpatel29/humble-ros2/install/dummy_map_server:/Users/dhruvpatel29/humble-ros2/install/behaviortree_cpp:/Users/dhruvpatel29/humble-ros2/install/rclcpp:/Users/dhruvpatel29/humble-ros2/install/rcl_lifecycle:/Users/dhruvpatel29/humble-ros2/install/libstatistics_collector:/Users/dhruvpatel29/humble-ros2/install/rcl:/Users/dhruvpatel29/humble-ros2/install/rmw_implementation:/Users/dhruvpatel29/humble-ros2/install/rmw_fastrtps_dynamic_cpp:/Users/dhruvpatel29/humble-ros2/install/rmw_fastrtps_cpp:/Users/dhruvpatel29/humble-ros2/install/rmw_fastrtps_shared_cpp:/Users/dhruvpatel29/humble-ros2/install/rmw_cyclonedds_cpp:/Users/dhruvpatel29/humble-ros2/install/tracetools:/Users/dhruvpatel29/humble-ros2/install/tinyxml_vendor:/Users/dhruvpatel29/humble-ros2/install/pluginlib:/Users/dhruvpatel29/humble-ros2/install/tinyxml2_vendor:/Users/dhruvpatel29/humble-ros2/install/tf2_eigen_kdl:/Users/dhruvpatel29/humble-ros2/install/tf2:/Users/dhruvpatel29/humble-ros2/install/test_security:/Users/dhruvpatel29/humble-ros2/install/test_rmw_implementation:/Users/dhruvpatel29/humble-ros2/install/test_rclcpp:/Users/dhruvpatel29/humble-ros2/install/test_quality_of_service:/Users/dhruvpatel29/humble-ros2/install/test_launch_testing:/Users/dhruvpatel29/humble-ros2/install/test_interface_files:/Users/dhruvpatel29/humble-ros2/install/test_communication:/Users/dhruvpatel29/humble-ros2/install/test_cli_remapping:/Users/dhruvpatel29/humble-ros2/install/test_cli:/Users/dhruvpatel29/humble-ros2/install/test_bond:/Users/dhruvpatel29/humble-ros2/install/qt_gui_core:/Users/dhruvpatel29/humble-ros2/install/qt_gui_app:/Users/dhruvpatel29/humble-ros2/install/qt_gui:/Users/dhruvpatel29/humble-ros2/install/tango_icons_vendor:/Users/dhruvpatel29/humble-ros2/install/stereo_msgs:/Users/dhruvpatel29/humble-ros2/install/std_srvs:/Users/dhruvpatel29/humble-ros2/install/shape_msgs:/Users/dhruvpatel29/humble-ros2/install/map_msgs:/Users/dhruvpatel29/humble-ros2/install/sensor_msgs:/Users/dhruvpatel29/humble-ros2/install/ros_ign_interfaces:/Users/dhruvpatel29/humble-ros2/install/ros_gz_interfaces:/Users/dhruvpatel29/humble-ros2/install/octomap_msgs:/Users/dhruvpatel29/humble-ros2/install/dwb_msgs:/Users/dhruvpatel29/humble-ros2/install/nav_msgs:/Users/dhruvpatel29/humble-ros2/install/nav_2d_msgs:/Users/dhruvpatel29/humble-ros2/install/graph_msgs:/Users/dhruvpatel29/humble-ros2/install/gps_msgs:/Users/dhruvpatel29/humble-ros2/install/diagnostic_msgs:/Users/dhruvpatel29/humble-ros2/install/geometry_msgs:/Users/dhruvpatel29/humble-ros2/install/bond:/Users/dhruvpatel29/humble-ros2/install/actuator_msgs:/Users/dhruvpatel29/humble-ros2/install/actionlib_msgs:/Users/dhruvpatel29/humble-ros2/install/ackermann_msgs:/Users/dhruvpatel29/humble-ros2/install/std_msgs:/Users/dhruvpatel29/humble-ros2/install/statistics_msgs:/Users/dhruvpatel29/humble-ros2/install/sqlite3_vendor:/Users/dhruvpatel29/humble-ros2/install/rcl_logging_spdlog:/Users/dhruvpatel29/humble-ros2/install/spdlog_vendor:/Users/dhruvpatel29/humble-ros2/install/smclib:/Users/dhruvpatel29/humble-ros2/install/shared_queues_vendor:/Users/dhruvpatel29/humble-ros2/install/rviz_rendering_tests:/Users/dhruvpatel29/humble-ros2/install/rviz_rendering:/Users/dhruvpatel29/humble-ros2/install/rviz_ogre_vendor:/Users/dhruvpatel29/humble-ros2/install/rviz_assimp_vendor:/Users/dhruvpatel29/humble-ros2/install/ruckig:/Users/dhruvpatel29/humble-ros2/install/rmw_connextddsmicro:/Users/dhruvpatel29/humble-ros2/install/rmw_connextdds:/Users/dhruvpatel29/humble-ros2/install/rmw_connextdds_common:/Users/dhruvpatel29/humble-ros2/install/rti_connext_dds_cmake_module:/Users/dhruvpatel29/humble-ros2/install/rosgraph_msgs:/Users/dhruvpatel29/humble-ros2/install/rosbag2_interfaces:/Users/dhruvpatel29/humble-ros2/install/rmw_dds_common:/Users/dhruvpatel29/humble-ros2/install/composition_interfaces:/Users/dhruvpatel29/humble-ros2/install/rcl_interfaces:/Users/dhruvpatel29/humble-ros2/install/pendulum_msgs:/Users/dhruvpatel29/humble-ros2/install/controller_manager_msgs:/Users/dhruvpatel29/humble-ros2/install/lifecycle_msgs:/Users/dhruvpatel29/humble-ros2/install/dynamixel_sdk_custom_interfaces:/Users/dhruvpatel29/humble-ros2/install/builtin_interfaces:/Users/dhruvpatel29/humble-ros2/install/rosidl_default_runtime:/Users/dhruvpatel29/humble-ros2/install/rosidl_default_generators:/Users/dhruvpatel29/humble-ros2/install/rosidl_generator_py:/Users/dhruvpatel29/humble-ros2/install/rosidl_typesupport_introspection_tests:/Users/dhruvpatel29/humble-ros2/install/rosidl_typesupport_cpp:/Users/dhruvpatel29/humble-ros2/install/rosidl_typesupport_introspection_cpp:/Users/dhruvpatel29/humble-ros2/install/rosidl_typesupport_c:/Users/dhruvpatel29/humble-ros2/install/rosidl_typesupport_introspection_c:/Users/dhruvpatel29/humble-ros2/install/rosidl_typesupport_fastrtps_c:/Users/dhruvpatel29/humble-ros2/install/rosidl_typesupport_fastrtps_cpp:/Users/dhruvpatel29/humble-ros2/install/rosidl_generator_cpp:/Users/dhruvpatel29/humble-ros2/install/rosidl_runtime_cpp:/Users/dhruvpatel29/humble-ros2/install/rcl_yaml_param_parser:/Users/dhruvpatel29/humble-ros2/install/rmw:/Users/dhruvpatel29/humble-ros2/install/rosidl_runtime_c:/Users/dhruvpatel29/humble-ros2/install/rosidl_generator_c:/Users/dhruvpatel29/humble-ros2/install/rosidl_typesupport_interface:/Users/dhruvpatel29/humble-ros2/install/rosidl_generator_dds_idl:/Users/dhruvpatel29/humble-ros2/install/rosidl_cmake:/Users/dhruvpatel29/humble-ros2/install/rosidl_parser:/Users/dhruvpatel29/humble-ros2/install/rosidl_adapter:/Users/dhruvpatel29/humble-ros2/install/rosbag2_tests:/Users/dhruvpatel29/humble-ros2/install/ros_environment:/Users/dhruvpatel29/humble-ros2/install/ros2_control_test_assets:/Users/dhruvpatel29/humble-ros2/install/ros2_control_cmake:/Users/dhruvpatel29/humble-ros2/install/rmw_implementation_cmake:/Users/dhruvpatel29/humble-ros2/install/resource_retriever:/Users/dhruvpatel29/humble-ros2/install/class_loader:/Users/dhruvpatel29/humble-ros2/install/rcpputils:/Users/dhruvpatel29/humble-ros2/install/rcl_logging_noop:/Users/dhruvpatel29/humble-ros2/install/rcl_logging_interface:/Users/dhruvpatel29/humble-ros2/install/rcutils:/Users/dhruvpatel29/humble-ros2/install/random_numbers:/Users/dhruvpatel29/humble-ros2/install/qt_gui_py_common:/Users/dhruvpatel29/humble-ros2/install/qt_dotgraph:/Users/dhruvpatel29/humble-ros2/install/python_qt_binding:/Users/dhruvpatel29/humble-ros2/install/python_orocos_kdl_vendor:/Users/dhruvpatel29/humble-ros2/install/launch_testing_ament_cmake:/Users/dhruvpatel29/humble-ros2/install/python_cmake_module:/Users/dhruvpatel29/humble-ros2/install/pybind11_vendor:/Users/dhruvpatel29/humble-ros2/install/performance_test_fixture:/Users/dhruvpatel29/humble-ros2/install/osrf_testing_tools_cpp:/Users/dhruvpatel29/humble-ros2/install/orocos_kdl_vendor:/Users/dhruvpatel29/humble-ros2/install/octomap-distribution:/Users/dhruvpatel29/humble-ros2/install/nav2_costmap_filters_demo:/Users/dhruvpatel29/humble-ros2/install/moveit_resources_pr2_description:/Users/dhruvpatel29/humble-ros2/install/moveit_resources_panda_description:/Users/dhruvpatel29/humble-ros2/install/moveit_resources_fanuc_description:/Users/dhruvpatel29/humble-ros2/install/moveit_common:/Users/dhruvpatel29/humble-ros2/install/mimick_vendor:/Users/dhruvpatel29/humble-ros2/install/libyaml_vendor:/Users/dhruvpatel29/humble-ros2/install/libcurl_vendor:/Users/dhruvpatel29/humble-ros2/install/keyboard_handler:/Users/dhruvpatel29/humble-ros2/install/iceoryx_introspection:/Users/dhruvpatel29/humble-ros2/install/cyclonedds:/Users/dhruvpatel29/humble-ros2/install/iceoryx_posh:/Users/dhruvpatel29/humble-ros2/install/iceoryx_hoofs:/Users/dhruvpatel29/humble-ros2/install/iceoryx_binding_c:/Users/dhruvpatel29/humble-ros2/install/gz-transport14:/Users/dhruvpatel29/humble-ros2/install/ament_cmake_ros:/Users/dhruvpatel29/humble-ros2/install/ament_cmake_auto:/Users/dhruvpatel29/humble-ros2/install/ament_cmake_gmock:/Users/dhruvpatel29/humble-ros2/install/gmock_vendor:/Users/dhruvpatel29/humble-ros2/install/ament_cmake_gtest:/Users/dhruvpatel29/humble-ros2/install/gtest_vendor:/Users/dhruvpatel29/humble-ros2/install/ament_cmake_google_benchmark:/Users/dhruvpatel29/humble-ros2/install/fastrtps:/Users/dhruvpatel29/humble-ros2/install/foonathan_memory_vendor:/Users/dhruvpatel29/humble-ros2/install/fastrtps_cmake_module:/Users/dhruvpatel29/humble-ros2/install/fastcdr:/Users/dhruvpatel29/humble-ros2/install/eigen_stl_containers:/Users/dhruvpatel29/humble-ros2/install/eigen3_cmake_module:/Users/dhruvpatel29/humble-ros2/install/dynamixel_sdk:/Users/dhruvpatel29/humble-ros2/install/diagnostic_remote_logging:/Users/dhruvpatel29/humble-ros2/install/console_bridge_vendor:/Users/dhruvpatel29/humble-ros2/install/ceres-solver:/Users/dhruvpatel29/humble-ros2/install/backward_ros:/Users/dhruvpatel29/humble-ros2/install/ament_cmake_xmllint:/Users/dhruvpatel29/humble-ros2/install/ament_cmake_pyflakes:/Users/dhruvpatel29/humble-ros2/install/ament_cmake_pycodestyle:/Users/dhruvpatel29/humble-ros2/install/ament_cmake_pep257:/Users/dhruvpatel29/humble-ros2/install/ament_cmake_pclint:/Users/dhruvpatel29/humble-ros2/install/ament_lint_auto:/Users/dhruvpatel29/humble-ros2/install/ament_cmake:/Users/dhruvpatel29/humble-ros2/install/ament_cmake_version:/Users/dhruvpatel29/humble-ros2/install/ament_cmake_vendor_package:/Users/dhruvpatel29/humble-ros2/install/ament_cmake_pytest:/Users/dhruvpatel29/humble-ros2/install/ament_cmake_nose:/Users/dhruvpatel29/humble-ros2/install/ament_cmake_mypy:/Users/dhruvpatel29/humble-ros2/install/ament_cmake_lint_cmake:/Users/dhruvpatel29/humble-ros2/install/ament_cmake_flake8:/Users/dhruvpatel29/humble-ros2/install/ament_cmake_cpplint:/Users/dhruvpatel29/humble-ros2/install/ament_cmake_cppcheck:/Users/dhruvpatel29/humble-ros2/install/ament_cmake_copyright:/Users/dhruvpatel29/humble-ros2/install/ament_cmake_clang_tidy:/Users/dhruvpatel29/humble-ros2/install/ament_cmake_clang_format:/Users/dhruvpatel29/humble-ros2/install/ament_cmake_test:/Users/dhruvpatel29/humble-ros2/install/ament_cmake_target_dependencies:/Users/dhruvpatel29/humble-ros2/install/ament_cmake_python:/Users/dhruvpatel29/humble-ros2/install/ament_cmake_export_dependencies:/Users/dhruvpatel29/humble-ros2/install/ament_cmake_libraries:/Users/dhruvpatel29/humble-ros2/install/ament_cmake_include_directories:/Users/dhruvpatel29/humble-ros2/install/ament_cmake_gen_version_h:/Users/dhruvpatel29/humble-ros2/install/ament_cmake_export_targets:/Users/dhruvpatel29/humble-ros2/install/ament_cmake_export_link_flags:/Users/dhruvpatel29/humble-ros2/install/ament_cmake_export_interfaces:/Users/dhruvpatel29/humble-ros2/install/ament_cmake_export_libraries:/Users/dhruvpatel29/humble-ros2/install/ament_cmake_export_include_directories:/Users/dhruvpatel29/humble-ros2/install/ament_cmake_export_definitions:/Users/dhruvpatel29/humble-ros2/install/ament_cmake_core:/Users/dhruvpatel29/humble-ros2/install/ament_index_cpp:/Users/dhruvpatel29/humble-ros2/install/GeographicLib:/Users/dhruvpatel29/ros2_ws/install/turtlesim_final:/Users/dhruvpatel29/ros2_ws/install/turtlecatch_bringup:/Users/dhruvpatel29/ros2_ws/install/turtlebot4_simulator:/Users/dhruvpatel29/ros2_ws/install/turtlebot4_ignition_bringup:/Users/dhruvpatel29/ros2_ws/install/turtlebot4_desktop:/Users/dhruvpatel29/ros2_ws/install/turtlebot4_viz:/Users/dhruvpatel29/ros2_ws/install/turtlebot4_node:/Users/dhruvpatel29/ros2_ws/install/turtlebot4_navigation:/Users/dhruvpatel29/ros2_ws/install/turtlebot4_ignition_toolbox:/Users/dhruvpatel29/ros2_ws/install/turtlebot4_msgs:/Users/dhruvpatel29/ros2_ws/install/turtlebot4_ignition_gui_plugins:/Users/dhruvpatel29/ros2_ws/install/turtlebot4_description:/Users/dhruvpatel29/ros2_ws/install/turtlebot3:/Users/dhruvpatel29/ros2_ws/install/turtlebot3_bringup:/Users/dhruvpatel29/ros2_ws/install/turtlebot3_node:/Users/dhruvpatel29/ros2_ws/install/turtlebot3_navigation2:/Users/dhruvpatel29/ros2_ws/install/turtlebot3_msgs:/Users/dhruvpatel29/ros2_ws/install/turtlebot3_description:/Users/dhruvpatel29/ros2_ws/install/turtlebot3_cartographer:/Users/dhruvpatel29/ros2_ws/install/robot_arm_controller:/Users/dhruvpatel29/ros2_ws/install/polygon_plugins:/Users/dhruvpatel29/ros2_ws/install/polygon_base:/Users/dhruvpatel29/ros2_ws/install/my_robot_station_bringup:/Users/dhruvpatel29/ros2_ws/install/my_robot_lifecycle_bringup:/Users/dhruvpatel29/ros2_ws/install/my_robot_bringup:/Users/dhruvpatel29/ros2_ws/install/my_cpp_pkg:/Users/dhruvpatel29/ros2_ws/install/actions_cpp:/Users/dhruvpatel29/ros2_ws/install/my_robot_interfaces:/Users/dhruvpatel29/ros2_ws/install/my_robot_bringup_gazebo:/Users/dhruvpatel29/ros2_ws/install/my_robot_description:/Users/dhruvpatel29/ros2_ws/install/moveit2_tutorials:/Users/dhruvpatel29/ros2_ws/install/lifecycle_cpp:/Users/dhruvpatel29/ros2_ws/install/irobot_create_ignition_sim:/Users/dhruvpatel29/ros2_ws/install/irobot_create_ignition_bringup:/Users/dhruvpatel29/ros2_ws/install/irobot_create_gazebo_sim:/Users/dhruvpatel29/ros2_ws/install/irobot_create_gazebo_bringup:/Users/dhruvpatel29/ros2_ws/install/irobot_create_common_bringup:/Users/dhruvpatel29/ros2_ws/install/irobot_create_nodes:/Users/dhruvpatel29/ros2_ws/install/irobot_create_ignition_toolbox:/Users/dhruvpatel29/ros2_ws/install/irobot_create_gazebo_plugins:/Users/dhruvpatel29/ros2_ws/install/irobot_create_toolbox:/Users/dhruvpatel29/ros2_ws/install/irobot_create_msgs:/Users/dhruvpatel29/ros2_ws/install/irobot_create_ignition_plugins:/Users/dhruvpatel29/ros2_ws/install/irobot_create_description:/Users/dhruvpatel29/ros2_ws/install/irobot_create_control:/Users/dhruvpatel29/ros2_ws/install/executors_cpp:/Users/dhruvpatel29/ros2_ws/install/components_cpp:/Users/dhruvpatel29/ros2_ws/install/add_two_ints_cpp:/Users/dhruvpatel29/backup_ros/humble-ros2/install/mcap_vendor:/Users/dhruvpatel29/backup_ros/humble-ros2/install/zstd_vendor:/Users/dhruvpatel29/backup_ros/humble-ros2/install/rviz_visual_testing_framework:/Users/dhruvpatel29/backup_ros/humble-ros2/install/rviz_common:/Users/dhruvpatel29/backup_ros/humble-ros2/install/rosbag2_storage:/Users/dhruvpatel29/backup_ros/humble-ros2/install/nav2_map_server:/Users/dhruvpatel29/backup_ros/humble-ros2/install/yaml_cpp_vendor:/Users/dhruvpatel29/backup_ros/humble-ros2/install/xtensor:/Users/dhruvpatel29/backup_ros/humble-ros2/install/xsimd:/Users/dhruvpatel29/backup_ros/humble-ros2/install/xtl:/Users/dhruvpatel29/backup_ros/humble-ros2/install/moveit_resources_prbt_support:/Users/dhruvpatel29/backup_ros/humble-ros2/install/moveit_resources_panda_moveit_config:/Users/dhruvpatel29/backup_ros/humble-ros2/install/moveit_resources_fanuc_moveit_config:/Users/dhruvpatel29/backup_ros/humble-ros2/install/xacro:/Users/dhruvpatel29/backup_ros/humble-ros2/install/warehouse_ros:/Users/dhruvpatel29/backup_ros/humble-ros2/install/interactive_markers:/Users/dhruvpatel29/backup_ros/humble-ros2/install/geometric_shapes:/Users/dhruvpatel29/backup_ros/humble-ros2/install/common_interfaces:/Users/dhruvpatel29/backup_ros/humble-ros2/install/visualization_msgs:/Users/dhruvpatel29/backup_ros/humble-ros2/install/vision_msgs:/Users/dhruvpatel29/backup_ros/humble-ros2/install/srdfdom:/Users/dhruvpatel29/backup_ros/humble-ros2/install/robot_state_publisher:/Users/dhruvpatel29/backup_ros/humble-ros2/install/kdl_parser:/Users/dhruvpatel29/backup_ros/humble-ros2/install/urdf:/Users/dhruvpatel29/backup_ros/humble-ros2/install/urdfdom:/Users/dhruvpatel29/backup_ros/humble-ros2/install/urdf_parser_plugin:/Users/dhruvpatel29/backup_ros/humble-ros2/install/urdfdom_headers:/Users/dhruvpatel29/backup_ros/humble-ros2/install/tf2_sensor_msgs:/Users/dhruvpatel29/backup_ros/humble-ros2/install/tf2_kdl:/Users/dhruvpatel29/backup_ros/humble-ros2/install/nav2_lifecycle_manager:/Users/dhruvpatel29/backup_ros/humble-ros2/install/nav2_util:/Users/dhruvpatel29/backup_ros/humble-ros2/install/tf2_geometry_msgs:/Users/dhruvpatel29/backup_ros/humble-ros2/install/tf2_eigen:/Users/dhruvpatel29/backup_ros/humble-ros2/install/tf2_ros:/Users/dhruvpatel29/backup_ros/humble-ros2/install/tf2_py:/Users/dhruvpatel29/backup_ros/humble-ros2/install/tf2_msgs:/Users/dhruvpatel29/backup_ros/humble-ros2/install/test_msgs:/Users/dhruvpatel29/backup_ros/humble-ros2/install/rqt_py_common:/Users/dhruvpatel29/backup_ros/humble-ros2/install/rosbag2_storage_mcap_testdata:/Users/dhruvpatel29/backup_ros/humble-ros2/install/ros_testing:/Users/dhruvpatel29/backup_ros/humble-ros2/install/controller_manager:/Users/dhruvpatel29/backup_ros/humble-ros2/install/ros2cli_test_interfaces:/Users/dhruvpatel29/backup_ros/humble-ros2/install/realtime_tools:/Users/dhruvpatel29/backup_ros/humble-ros2/install/nav2_common:/Users/dhruvpatel29/backup_ros/humble-ros2/install/image_transport:/Users/dhruvpatel29/backup_ros/humble-ros2/install/message_filters:/Users/dhruvpatel29/backup_ros/humble-ros2/install/laser_geometry:/Users/dhruvpatel29/backup_ros/humble-ros2/install/generate_parameter_library:/Users/dhruvpatel29/backup_ros/humble-ros2/install/diagnostic_updater:/Users/dhruvpatel29/backup_ros/humble-ros2/install/rclpy:/Users/dhruvpatel29/backup_ros/humble-ros2/install/rclcpp_action:/Users/dhruvpatel29/backup_ros/humble-ros2/install/rcl_action:/Users/dhruvpatel29/backup_ros/humble-ros2/install/moveit_msgs:/Users/dhruvpatel29/backup_ros/humble-ros2/install/object_recognition_msgs:/Users/dhruvpatel29/backup_ros/humble-ros2/install/nav2_msgs:/Users/dhruvpatel29/backup_ros/humble-ros2/install/hardware_interface_testing:/Users/dhruvpatel29/backup_ros/humble-ros2/install/controller_interface:/Users/dhruvpatel29/backup_ros/humble-ros2/install/hardware_interface:/Users/dhruvpatel29/backup_ros/humble-ros2/install/geographic_msgs:/Users/dhruvpatel29/backup_ros/humble-ros2/install/example_interfaces:/Users/dhruvpatel29/backup_ros/humble-ros2/install/control_msgs:/Users/dhruvpatel29/backup_ros/humble-ros2/install/btcpp_ros2_interfaces:/Users/dhruvpatel29/backup_ros/humble-ros2/install/action_tutorials_interfaces:/Users/dhruvpatel29/backup_ros/humble-ros2/install/action_msgs:/Users/dhruvpatel29/backup_ros/humble-ros2/install/unique_identifier_msgs:/Users/dhruvpatel29/backup_ros/humble-ros2/install/ament_lint_common:/Users/dhruvpatel29/backup_ros/humble-ros2/install/ament_cmake_uncrustify:/Users/dhruvpatel29/backup_ros/humble-ros2/install/uncrustify_vendor:/Users/dhruvpatel29/backup_ros/humble-ros2/install/trajectory_msgs:/Users/dhruvpatel29/backup_ros/humble-ros2/install/parameter_traits:/Users/dhruvpatel29/humble-ros2/install/rqt_bag_plugins:/Users/dhruvpatel29/humble-ros2/install/rqt_bag:/Users/dhruvpatel29/humble-ros2/install/launch_testing_examples:/Users/dhruvpatel29/humble-ros2/install/ros2bag:/Users/dhruvpatel29/humble-ros2/install/moveit_configs_utils:/Users/dhruvpatel29/humble-ros2/install/launch_param_builder:/Users/dhruvpatel29/humble-ros2/install/kf_hungarian_tracker:/Users/dhruvpatel29/humble-ros2/install/tracetools_test:/Users/dhruvpatel29/humble-ros2/install/tracetools_launch:/Users/dhruvpatel29/humble-ros2/install/topic_monitor:/Users/dhruvpatel29/humble-ros2/install/tf2_tools:/Users/dhruvpatel29/humble-ros2/install/examples_tf2_py:/Users/dhruvpatel29/humble-ros2/install/tf2_ros_py:/Users/dhruvpatel29/humble-ros2/install/sros2:/Users/dhruvpatel29/humble-ros2/install/rqt_topic:/Users/dhruvpatel29/humble-ros2/install/rqt_srv:/Users/dhruvpatel29/humble-ros2/install/rqt_shell:/Users/dhruvpatel29/humble-ros2/install/rqt_service_caller:/Users/dhruvpatel29/humble-ros2/install/rqt_reconfigure:/Users/dhruvpatel29/humble-ros2/install/rqt_py_console:/Users/dhruvpatel29/humble-ros2/install/rqt_publisher:/Users/dhruvpatel29/humble-ros2/install/rqt_plot:/Users/dhruvpatel29/humble-ros2/install/rqt_action:/Users/dhruvpatel29/humble-ros2/install/rqt_msg:/Users/dhruvpatel29/humble-ros2/install/rqt_console:/Users/dhruvpatel29/humble-ros2/install/rqt:/Users/dhruvpatel29/humble-ros2/install/rqt_joint_trajectory_controller:/Users/dhruvpatel29/humble-ros2/install/rqt_graph:/Users/dhruvpatel29/humble-ros2/install/rqt_gui_py:/Users/dhruvpatel29/humble-ros2/install/rqt_gui:/Users/dhruvpatel29/humble-ros2/install/ros2trace:/Users/dhruvpatel29/humble-ros2/install/ros2topic:/Users/dhruvpatel29/humble-ros2/install/ros2test:/Users/dhruvpatel29/humble-ros2/install/ros2component:/Users/dhruvpatel29/humble-ros2/install/ros2param:/Users/dhruvpatel29/humble-ros2/install/ros2lifecycle:/Users/dhruvpatel29/humble-ros2/install/ros2service:/Users/dhruvpatel29/humble-ros2/install/ros2run:/Users/dhruvpatel29/humble-ros2/install/ros2launch:/Users/dhruvpatel29/humble-ros2/install/ros2pkg:/Users/dhruvpatel29/humble-ros2/install/ros2node:/Users/dhruvpatel29/humble-ros2/install/ros2multicast:/Users/dhruvpatel29/humble-ros2/install/ros2interface:/Users/dhruvpatel29/humble-ros2/install/ros2doctor:/Users/dhruvpatel29/humble-ros2/install/ros2action:/Users/dhruvpatel29/humble-ros2/install/ros2cli:/Users/dhruvpatel29/humble-ros2/install/ros2_controllers_test_nodes:/Users/dhruvpatel29/humble-ros2/install/quality_of_service_demo_py:/Users/dhruvpatel29/humble-ros2/install/nav2_simple_commander:/Users/dhruvpatel29/humble-ros2/install/lifecycle_py:/Users/dhruvpatel29/humble-ros2/install/launch_testing_ros:/Users/dhruvpatel29/humble-ros2/install/launch_ros:/Users/dhruvpatel29/humble-ros2/install/examples_rclpy_pointcloud_publisher:/Users/dhruvpatel29/humble-ros2/install/examples_rclpy_minimal_subscriber:/Users/dhruvpatel29/humble-ros2/install/examples_rclpy_minimal_service:/Users/dhruvpatel29/humble-ros2/install/examples_rclpy_minimal_publisher:/Users/dhruvpatel29/humble-ros2/install/examples_rclpy_minimal_client:/Users/dhruvpatel29/humble-ros2/install/examples_rclpy_minimal_action_server:/Users/dhruvpatel29/humble-ros2/install/examples_rclpy_minimal_action_client:/Users/dhruvpatel29/humble-ros2/install/examples_rclpy_guard_conditions:/Users/dhruvpatel29/humble-ros2/install/examples_rclpy_executors:/Users/dhruvpatel29/humble-ros2/install/demo_nodes_py:/Users/dhruvpatel29/humble-ros2/install/camera_info_manager_py:/Users/dhruvpatel29/humble-ros2/install/bondpy:/Users/dhruvpatel29/humble-ros2/install/action_tutorials_py:/Users/dhruvpatel29/humble-ros2/install/ament_uncrustify:/Users/dhruvpatel29/humble-ros2/install/tracetools_trace:/Users/dhruvpatel29/humble-ros2/install/tracetools_read:/Users/dhruvpatel29/humble-ros2/install/test_tracetools_launch:/Users/dhruvpatel29/humble-ros2/install/test_launch_ros:/Users/dhruvpatel29/humble-ros2/install/sensor_msgs_py:/Users/dhruvpatel29/humble-ros2/install/rpyutils:/Users/dhruvpatel29/humble-ros2/install/rosidl_runtime_py:/Users/dhruvpatel29/humble-ros2/install/rosidl_cli:/Users/dhruvpatel29/humble-ros2/install/launch_pytest:/Users/dhruvpatel29/humble-ros2/install/launch_testing:/Users/dhruvpatel29/humble-ros2/install/launch_yaml:/Users/dhruvpatel29/humble-ros2/install/launch_xml:/Users/dhruvpatel29/humble-ros2/install/launch:/Users/dhruvpatel29/humble-ros2/install/osrf_pycommon:/Users/dhruvpatel29/humble-ros2/install/domain_coordinator:/Users/dhruvpatel29/humble-ros2/install/ament_xmllint:/Users/dhruvpatel29/humble-ros2/install/ament_pyflakes:/Users/dhruvpatel29/humble-ros2/install/ament_pycodestyle:/Users/dhruvpatel29/humble-ros2/install/ament_pep257:/Users/dhruvpatel29/humble-ros2/install/ament_pclint:/Users/dhruvpatel29/humble-ros2/install/ament_package:/Users/dhruvpatel29/humble-ros2/install/ament_mypy:/Users/dhruvpatel29/humble-ros2/install/ament_lint_cmake:/Users/dhruvpatel29/humble-ros2/install/ament_flake8:/Users/dhruvpatel29/humble-ros2/install/ament_copyright:/Users/dhruvpatel29/humble-ros2/install/ament_lint:/Users/dhruvpatel29/humble-ros2/install/ament_index_python:/Users/dhruvpatel29/humble-ros2/install/ament_cpplint:/Users/dhruvpatel29/humble-ros2/install/ament_cppcheck:/Users/dhruvpatel29/humble-ros2/install/ament_clang_tidy:/Users/dhruvpatel29/humble-ros2/install/ament_clang_format:/Users/dhruvpatel29/ros2_ws/install/turtlesim_catch_them_all:/Users/dhruvpatel29/ros2_ws/install/turtlebot3_teleop:/Users/dhruvpatel29/ros2_ws/install/turtlebot3_example:/Users/dhruvpatel29/ros2_ws/install/number_counter:/Users/dhruvpatel29/ros2_ws/install/my_py_pkg:/Users/dhruvpatel29/ros2_ws/install/actions_py:/Users/dhruvpatel29/ros2_ws/install/lifecycle_py:/Users/dhruvpatel29/ros2_ws/install/executors_py:/Users/dhruvpatel29/ros2_ws/install/components_py:/Users/dhruvpatel29/ros2_ws/install/add_two_ints:/Users/dhruvpatel29/backup_ros/humble-ros2/install/moveit_configs_utils:/Users/dhruvpatel29/backup_ros/humble-ros2/install/launch_param_builder:/Users/dhruvpatel29/backup_ros/humble-ros2/install/tf2_ros_py:/Users/dhruvpatel29/backup_ros/humble-ros2/install/rqt_gui_py:/Users/dhruvpatel29/backup_ros/humble-ros2/install/rqt_gui:/Users/dhruvpatel29/backup_ros/humble-ros2/install/ros2topic:/Users/dhruvpatel29/backup_ros/humble-ros2/install/ros2test:/Users/dhruvpatel29/backup_ros/humble-ros2/install/ros2param:/Users/dhruvpatel29/backup_ros/humble-ros2/install/ros2service:/Users/dhruvpatel29/backup_ros/humble-ros2/install/ros2run:/Users/dhruvpatel29/backup_ros/humble-ros2/install/ros2pkg:/Users/dhruvpatel29/backup_ros/humble-ros2/install/ros2node:/Users/dhruvpatel29/backup_ros/humble-ros2/install/ros2cli:/Users/dhruvpatel29/backup_ros/humble-ros2/install/launch_testing_ros:/Users/dhruvpatel29/backup_ros/humble-ros2/install/launch_ros:/Users/dhruvpatel29/backup_ros/humble-ros2/install/joint_state_publisher_gui:/Users/dhruvpatel29/backup_ros/humble-ros2/install/joint_state_publisher:/Users/dhruvpatel29/backup_ros/humble-ros2/install/ament_uncrustify:/Users/dhruvpatel29/backup_ros/humble-ros2/install/tracetools_trace:/Users/dhruvpatel29/backup_ros/humble-ros2/install/tracetools_read:/Users/dhruvpatel29/backup_ros/humble-ros2/install/sensor_msgs_py:/Users/dhruvpatel29/backup_ros/humble-ros2/install/rpyutils:/Users/dhruvpatel29/backup_ros/humble-ros2/install/rosidl_runtime_py:/Users/dhruvpatel29/backup_ros/humble-ros2/install/rosidl_cli:/Users/dhruvpatel29/backup_ros/humble-ros2/install/launch_pytest:/Users/dhruvpatel29/backup_ros/humble-ros2/install/launch_testing:/Users/dhruvpatel29/backup_ros/humble-ros2/install/launch_yaml:/Users/dhruvpatel29/backup_ros/humble-ros2/install/launch_xml:/Users/dhruvpatel29/backup_ros/humble-ros2/install/launch:/Users/dhruvpatel29/backup_ros/humble-ros2/install/osrf_pycommon:/Users/dhruvpatel29/backup_ros/humble-ros2/install/generate_parameter_library_py:/Users/dhruvpatel29/backup_ros/humble-ros2/install/domain_coordinator:/Users/dhruvpatel29/backup_ros/humble-ros2/install/ament_xmllint:/Users/dhruvpatel29/backup_ros/humble-ros2/install/ament_pyflakes:/Users/dhruvpatel29/backup_ros/humble-ros2/install/ament_pycodestyle:/Users/dhruvpatel29/backup_ros/humble-ros2/install/ament_pep257:/Users/dhruvpatel29/backup_ros/humble-ros2/install/ament_pclint:/Users/dhruvpatel29/backup_ros/humble-ros2/install/ament_package:/Users/dhruvpatel29/backup_ros/humble-ros2/install/ament_mypy:/Users/dhruvpatel29/backup_ros/humble-ros2/install/ament_lint_cmake:/Users/dhruvpatel29/backup_ros/humble-ros2/install/ament_flake8:/Users/dhruvpatel29/backup_ros/humble-ros2/install/ament_copyright:/Users/dhruvpatel29/backup_ros/humble-ros2/install/ament_lint:/Users/dhruvpatel29/backup_ros/humble-ros2/install/ament_index_python:/Users/dhruvpatel29/backup_ros/humble-ros2/install/ament_cpplint:/Users/dhruvpatel29/backup_ros/humble-ros2/install/ament_cppcheck:/Users/dhruvpatel29/backup_ros/humble-ros2/install/ament_clang_tidy:/Users/dhruvpatel29/backup_ros/humble-ros2/install/ament_clang_format:/Users/dhruvpatel29/backup_ros/humble-ros2/install/rsl:/Users/dhruvpatel29/backup_ros/humble-ros2/install/rosbag2_test_common:/Users/dhruvpatel29/backup_ros/humble-ros2/install/bondcpp:/Users/dhruvpatel29/backup_ros/humble-ros2/install/rclcpp_lifecycle:/Users/dhruvpatel29/backup_ros/humble-ros2/install/rclcpp_components:/Users/dhruvpatel29/backup_ros/humble-ros2/install/nav2_voxel_grid:/Users/dhruvpatel29/backup_ros/humble-ros2/install/rclcpp:/Users/dhruvpatel29/backup_ros/humble-ros2/install/rcl_lifecycle:/Users/dhruvpatel29/backup_ros/humble-ros2/install/libstatistics_collector:/Users/dhruvpatel29/backup_ros/humble-ros2/install/rcl:/Users/dhruvpatel29/backup_ros/humble-ros2/install/rmw_implementation:/Users/dhruvpatel29/backup_ros/humble-ros2/install/rmw_fastrtps_dynamic_cpp:/Users/dhruvpatel29/backup_ros/humble-ros2/install/rmw_fastrtps_cpp:/Users/dhruvpatel29/backup_ros/humble-ros2/install/rmw_fastrtps_shared_cpp:/Users/dhruvpatel29/backup_ros/humble-ros2/install/rmw_cyclonedds_cpp:/Users/dhruvpatel29/backup_ros/humble-ros2/install/tracetools:/Users/dhruvpatel29/backup_ros/humble-ros2/install/tl_expected:/Users/dhruvpatel29/backup_ros/humble-ros2/install/tinyxml_vendor:/Users/dhruvpatel29/backup_ros/humble-ros2/install/pluginlib:/Users/dhruvpatel29/backup_ros/humble-ros2/install/tinyxml2_vendor:/Users/dhruvpatel29/backup_ros/humble-ros2/install/tf2_eigen_kdl:/Users/dhruvpatel29/backup_ros/humble-ros2/install/tf2:/Users/dhruvpatel29/backup_ros/humble-ros2/install/test_rmw_implementation:/Users/dhruvpatel29/backup_ros/humble-ros2/install/test_launch_testing:/Users/dhruvpatel29/backup_ros/humble-ros2/install/test_interface_files:/Users/dhruvpatel29/backup_ros/humble-ros2/install/tcb_span:/Users/dhruvpatel29/backup_ros/humble-ros2/install/qt_gui_core:/Users/dhruvpatel29/backup_ros/humble-ros2/install/qt_gui_app:/Users/dhruvpatel29/backup_ros/humble-ros2/install/qt_gui:/Users/dhruvpatel29/backup_ros/humble-ros2/install/tango_icons_vendor:/Users/dhruvpatel29/backup_ros/humble-ros2/install/stereo_msgs:/Users/dhruvpatel29/backup_ros/humble-ros2/install/std_srvs:/Users/dhruvpatel29/backup_ros/humble-ros2/install/shape_msgs:/Users/dhruvpatel29/backup_ros/humble-ros2/install/map_msgs:/Users/dhruvpatel29/backup_ros/humble-ros2/install/cv_bridge:/Users/dhruvpatel29/backup_ros/humble-ros2/install/sensor_msgs:/Users/dhruvpatel29/backup_ros/humble-ros2/install/ros_gz_interfaces:/Users/dhruvpatel29/backup_ros/humble-ros2/install/octomap_msgs:/Users/dhruvpatel29/backup_ros/humble-ros2/install/nav_msgs:/Users/dhruvpatel29/backup_ros/humble-ros2/install/nav_2d_msgs:/Users/dhruvpatel29/backup_ros/humble-ros2/install/graph_msgs:/Users/dhruvpatel29/backup_ros/humble-ros2/install/gps_msgs:/Users/dhruvpatel29/backup_ros/humble-ros2/install/diagnostic_msgs:/Users/dhruvpatel29/backup_ros/humble-ros2/install/geometry_msgs:/Users/dhruvpatel29/backup_ros/humble-ros2/install/bond:/Users/dhruvpatel29/backup_ros/humble-ros2/install/actuator_msgs:/Users/dhruvpatel29/backup_ros/humble-ros2/install/actionlib_msgs:/Users/dhruvpatel29/backup_ros/humble-ros2/install/ackermann_msgs:/Users/dhruvpatel29/backup_ros/humble-ros2/install/std_msgs:/Users/dhruvpatel29/backup_ros/humble-ros2/install/statistics_msgs:/Users/dhruvpatel29/backup_ros/humble-ros2/install/sqlite3_vendor:/Users/dhruvpatel29/backup_ros/humble-ros2/install/rcl_logging_spdlog:/Users/dhruvpatel29/backup_ros/humble-ros2/install/spdlog_vendor:/Users/dhruvpatel29/backup_ros/humble-ros2/install/smclib:/Users/dhruvpatel29/backup_ros/humble-ros2/install/shared_queues_vendor:/Users/dhruvpatel29/backup_ros/humble-ros2/install/rviz_rendering_tests:/Users/dhruvpatel29/backup_ros/humble-ros2/install/rviz_rendering:/Users/dhruvpatel29/backup_ros/humble-ros2/install/rviz_ogre_vendor:/Users/dhruvpatel29/backup_ros/humble-ros2/install/rviz_assimp_vendor:/Users/dhruvpatel29/backup_ros/humble-ros2/install/ruckig:/Users/dhruvpatel29/backup_ros/humble-ros2/install/rmw_connextddsmicro:/Users/dhruvpatel29/backup_ros/humble-ros2/install/rmw_connextdds:/Users/dhruvpatel29/backup_ros/humble-ros2/install/rmw_connextdds_common:/Users/dhruvpatel29/backup_ros/humble-ros2/install/rti_connext_dds_cmake_module:/Users/dhruvpatel29/backup_ros/humble-ros2/install/rosgraph_msgs:/Users/dhruvpatel29/backup_ros/humble-ros2/install/rosbag2_interfaces:/Users/dhruvpatel29/backup_ros/humble-ros2/install/rmw_dds_common:/Users/dhruvpatel29/backup_ros/humble-ros2/install/composition_interfaces:/Users/dhruvpatel29/backup_ros/humble-ros2/install/rcl_interfaces:/Users/dhruvpatel29/backup_ros/humble-ros2/install/pendulum_msgs:/Users/dhruvpatel29/backup_ros/humble-ros2/install/controller_manager_msgs:/Users/dhruvpatel29/backup_ros/humble-ros2/install/lifecycle_msgs:/Users/dhruvpatel29/backup_ros/humble-ros2/install/dynamixel_sdk_custom_interfaces:/Users/dhruvpatel29/backup_ros/humble-ros2/install/builtin_interfaces:/Users/dhruvpatel29/backup_ros/humble-ros2/install/rosidl_default_runtime:/Users/dhruvpatel29/backup_ros/humble-ros2/install/rosidl_default_generators:/Users/dhruvpatel29/backup_ros/humble-ros2/install/rosidl_generator_py:/Users/dhruvpatel29/backup_ros/humble-ros2/install/rosidl_typesupport_introspection_tests:/Users/dhruvpatel29/backup_ros/humble-ros2/install/rosidl_typesupport_cpp:/Users/dhruvpatel29/backup_ros/humble-ros2/install/rosidl_typesupport_introspection_cpp:/Users/dhruvpatel29/backup_ros/humble-ros2/install/rosidl_typesupport_c:/Users/dhruvpatel29/backup_ros/humble-ros2/install/rosidl_typesupport_introspection_c:/Users/dhruvpatel29/backup_ros/humble-ros2/install/rosidl_typesupport_fastrtps_c:/Users/dhruvpatel29/backup_ros/humble-ros2/install/rosidl_typesupport_fastrtps_cpp:/Users/dhruvpatel29/backup_ros/humble-ros2/install/rosidl_generator_cpp:/Users/dhruvpatel29/backup_ros/humble-ros2/install/rosidl_runtime_cpp:/Users/dhruvpatel29/backup_ros/humble-ros2/install/rcl_yaml_param_parser:/Users/dhruvpatel29/backup_ros/humble-ros2/install/rmw:/Users/dhruvpatel29/backup_ros/humble-ros2/install/rosidl_runtime_c:/Users/dhruvpatel29/backup_ros/humble-ros2/install/rosidl_generator_c:/Users/dhruvpatel29/backup_ros/humble-ros2/install/rosidl_typesupport_interface:/Users/dhruvpatel29/backup_ros/humble-ros2/install/rosidl_generator_dds_idl:/Users/dhruvpatel29/backup_ros/humble-ros2/install/rosidl_cmake:/Users/dhruvpatel29/backup_ros/humble-ros2/install/rosidl_parser:/Users/dhruvpatel29/backup_ros/humble-ros2/install/rosidl_adapter:/Users/dhruvpatel29/backup_ros/humble-ros2/install/ros_environment:/Users/dhruvpatel29/backup_ros/humble-ros2/install/ros2_control_test_assets:/Users/dhruvpatel29/backup_ros/humble-ros2/install/ros2_control_cmake:/Users/dhruvpatel29/backup_ros/humble-ros2/install/rmw_implementation_cmake:/Users/dhruvpatel29/backup_ros/humble-ros2/install/resource_retriever:/Users/dhruvpatel29/backup_ros/humble-ros2/install/class_loader:/Users/dhruvpatel29/backup_ros/humble-ros2/install/rcpputils:/Users/dhruvpatel29/backup_ros/humble-ros2/install/rcl_logging_noop:/Users/dhruvpatel29/backup_ros/humble-ros2/install/rcl_logging_interface:/Users/dhruvpatel29/backup_ros/humble-ros2/install/rcutils:/Users/dhruvpatel29/backup_ros/humble-ros2/install/random_numbers:/Users/dhruvpatel29/backup_ros/humble-ros2/install/qt_gui_py_common:/Users/dhruvpatel29/backup_ros/humble-ros2/install/qt_dotgraph:/Users/dhruvpatel29/backup_ros/humble-ros2/install/python_qt_binding:/Users/dhruvpatel29/backup_ros/humble-ros2/install/python_orocos_kdl_vendor:/Users/dhruvpatel29/backup_ros/humble-ros2/install/launch_testing_ament_cmake:/Users/dhruvpatel29/backup_ros/humble-ros2/install/python_cmake_module:/Users/dhruvpatel29/backup_ros/humble-ros2/install/pybind11_vendor:/Users/dhruvpatel29/backup_ros/humble-ros2/install/performance_test_fixture:/Users/dhruvpatel29/backup_ros/humble-ros2/install/osrf_testing_tools_cpp:/Users/dhruvpatel29/backup_ros/humble-ros2/install/orocos_kdl_vendor:/Users/dhruvpatel29/backup_ros/humble-ros2/install/dynamic_edt_3d:/Users/dhruvpatel29/backup_ros/humble-ros2/install/octomap:/Users/dhruvpatel29/backup_ros/humble-ros2/install/nav2_costmap_filters_demo:/Users/dhruvpatel29/backup_ros/humble-ros2/install/moveit_resources_pr2_description:/Users/dhruvpatel29/backup_ros/humble-ros2/install/moveit_resources_panda_description:/Users/dhruvpatel29/backup_ros/humble-ros2/install/moveit_resources_fanuc_description:/Users/dhruvpatel29/backup_ros/humble-ros2/install/moveit_common:/Users/dhruvpatel29/backup_ros/humble-ros2/install/mimick_vendor:/Users/dhruvpatel29/backup_ros/humble-ros2/install/libyaml_vendor:/Users/dhruvpatel29/backup_ros/humble-ros2/install/libcurl_vendor:/Users/dhruvpatel29/backup_ros/humble-ros2/install/keyboard_handler:/Users/dhruvpatel29/backup_ros/humble-ros2/install/ignition-transport11:/Users/dhruvpatel29/backup_ros/humble-ros2/install/iceoryx_introspection:/Users/dhruvpatel29/backup_ros/humble-ros2/install/cyclonedds:/Users/dhruvpatel29/backup_ros/humble-ros2/install/iceoryx_posh:/Users/dhruvpatel29/backup_ros/humble-ros2/install/iceoryx_hoofs:/Users/dhruvpatel29/backup_ros/humble-ros2/install/iceoryx_binding_c:/Users/dhruvpatel29/backup_ros/humble-ros2/install/ament_cmake_ros:/Users/dhruvpatel29/backup_ros/humble-ros2/install/ament_cmake_auto:/Users/dhruvpatel29/backup_ros/humble-ros2/install/ament_cmake_gmock:/Users/dhruvpatel29/backup_ros/humble-ros2/install/gmock_vendor:/Users/dhruvpatel29/backup_ros/humble-ros2/install/ament_cmake_gtest:/Users/dhruvpatel29/backup_ros/humble-ros2/install/gtest_vendor:/Users/dhruvpatel29/backup_ros/humble-ros2/install/ament_cmake_google_benchmark:/Users/dhruvpatel29/backup_ros/humble-ros2/install/fastrtps:/Users/dhruvpatel29/backup_ros/humble-ros2/install/foonathan_memory_vendor:/Users/dhruvpatel29/backup_ros/humble-ros2/install/fastrtps_cmake_module:/Users/dhruvpatel29/backup_ros/humble-ros2/install/fastcdr:/Users/dhruvpatel29/backup_ros/humble-ros2/install/eigen_stl_containers:/Users/dhruvpatel29/backup_ros/humble-ros2/install/eigen3_cmake_module:/Users/dhruvpatel29/backup_ros/humble-ros2/install/dynamixel_sdk:/Users/dhruvpatel29/backup_ros/humble-ros2/install/console_bridge_vendor:/Users/dhruvpatel29/backup_ros/humble-ros2/install/ceres-solver-vendor:/Users/dhruvpatel29/backup_ros/humble-ros2/install/backward_ros:/Users/dhruvpatel29/backup_ros/humble-ros2/install/angles:/Users/dhruvpatel29/backup_ros/humble-ros2/install/ament_cmake_xmllint:/Users/dhruvpatel29/backup_ros/humble-ros2/install/ament_cmake_pyflakes:/Users/dhruvpatel29/backup_ros/humble-ros2/install/ament_cmake_pycodestyle:/Users/dhruvpatel29/backup_ros/humble-ros2/install/ament_cmake_pep257:/Users/dhruvpatel29/backup_ros/humble-ros2/install/ament_cmake_pclint:/Users/dhruvpatel29/backup_ros/humble-ros2/install/ament_lint_auto:/Users/dhruvpatel29/backup_ros/humble-ros2/install/ament_cmake:/Users/dhruvpatel29/backup_ros/humble-ros2/install/ament_cmake_version:/Users/dhruvpatel29/backup_ros/humble-ros2/install/ament_cmake_vendor_package:/Users/dhruvpatel29/backup_ros/humble-ros2/install/ament_cmake_pytest:/Users/dhruvpatel29/backup_ros/humble-ros2/install/ament_cmake_nose:/Users/dhruvpatel29/backup_ros/humble-ros2/install/ament_cmake_mypy:/Users/dhruvpatel29/backup_ros/humble-ros2/install/ament_cmake_lint_cmake:/Users/dhruvpatel29/backup_ros/humble-ros2/install/ament_cmake_flake8:/Users/dhruvpatel29/backup_ros/humble-ros2/install/ament_cmake_cpplint:/Users/dhruvpatel29/backup_ros/humble-ros2/install/ament_cmake_cppcheck:/Users/dhruvpatel29/backup_ros/humble-ros2/install/ament_cmake_copyright:/Users/dhruvpatel29/backup_ros/humble-ros2/install/ament_cmake_clang_tidy:/Users/dhruvpatel29/backup_ros/humble-ros2/install/ament_cmake_clang_format:/Users/dhruvpatel29/backup_ros/humble-ros2/install/ament_cmake_test:/Users/dhruvpatel29/backup_ros/humble-ros2/install/ament_cmake_target_dependencies:/Users/dhruvpatel29/backup_ros/humble-ros2/install/ament_cmake_python:/Users/dhruvpatel29/backup_ros/humble-ros2/install/ament_cmake_export_dependencies:/Users/dhruvpatel29/backup_ros/humble-ros2/install/ament_cmake_libraries:/Users/dhruvpatel29/backup_ros/humble-ros2/install/ament_cmake_include_directories:/Users/dhruvpatel29/backup_ros/humble-ros2/install/ament_cmake_gen_version_h:/Users/dhruvpatel29/backup_ros/humble-ros2/install/ament_cmake_export_targets:/Users/dhruvpatel29/backup_ros/humble-ros2/install/ament_cmake_export_link_flags:/Users/dhruvpatel29/backup_ros/humble-ros2/install/ament_cmake_export_interfaces:/Users/dhruvpatel29/backup_ros/humble-ros2/install/ament_cmake_export_libraries:/Users/dhruvpatel29/backup_ros/humble-ros2/install/ament_cmake_export_include_directories:/Users/dhruvpatel29/backup_ros/humble-ros2/install/ament_cmake_export_definitions:/Users/dhruvpatel29/backup_ros/humble-ros2/install/ament_cmake_core:/Users/dhruvpatel29/backup_ros/humble-ros2/install/ament_index_cpp:/Users/dhruvpatel29/backup_ros/humble-ros2/install/GeographicLib:/opt/homebrew/Cellar/google-benchmark/1.9.4:/Users/dhruvpatel29/humble-ros2/src/ros-commondep/boost-1.74.0/::/opt/homebrew/opt/qt@5:/opt/homebrew/opt/qt@5 SHLVL=2 _=/usr/bin/env /opt/homebrew/bin/cmake --install /Users/dhruvpatel29/humble-ros2/src/ros2_control/build/filters
[86.742s] Level 1:colcon.colcon_core.environment:create_environment_scripts_only(filters)
[86.743s] DEBUG:colcon.colcon_core.event_handler.log_command:Invoked command in '/Users/dhruvpatel29/humble-ros2/src/ros2_control/build/filters' returned '0': CMAKE_PREFIX_PATH=/opt/homebrew/Cellar/google-benchmark/1.9.4:/Users/dhruvpatel29/humble-ros2/src/ros-commondep/boost:/Users/dhruvpatel29/humble-ros2/install/rosbag2_storage_mcap:/Users/dhruvpatel29/humble-ros2/install/rosbag2:/Users/dhruvpatel29/humble-ros2/install/rosbag2_compression_zstd:/Users/dhruvpatel29/humble-ros2/install/mcap_vendor:/Users/dhruvpatel29/humble-ros2/install/zstd_vendor:/Users/dhruvpatel29/humble-ros2/install/vision_msgs_rviz_plugins:/Users/dhruvpatel29/humble-ros2/install/test_ros_gz_bridge:/Users/dhruvpatel29/humble-ros2/install/sam_bot_description:/Users/dhruvpatel29/humble-ros2/install/rviz_visual_testing_framework:/Users/dhruvpatel29/humble-ros2/install/ros_ign:/Users/dhruvpatel29/humble-ros2/install/ros_ign_gazebo_demos:/Users/dhruvpatel29/humble-ros2/install/ros_gz:/Users/dhruvpatel29/humble-ros2/install/ros_gz_sim_demos:/Users/dhruvpatel29/humble-ros2/install/rviz2:/Users/dhruvpatel29/humble-ros2/install/nav2_rviz_plugins:/Users/dhruvpatel29/humble-ros2/install/rviz_default_plugins:/Users/dhruvpatel29/humble-ros2/install/rviz_common:/Users/dhruvpatel29/humble-ros2/install/rosbag2_py:/Users/dhruvpatel29/humble-ros2/install/rosbag2_transport:/Users/dhruvpatel29/humble-ros2/install/rosbag2_storage_default_plugins:/Users/dhruvpatel29/humble-ros2/install/rosbag2_performance_benchmarking:/Users/dhruvpatel29/humble-ros2/install/rosbag2_compression:/Users/dhruvpatel29/humble-ros2/install/rosbag2_cpp:/Users/dhruvpatel29/humble-ros2/install/rosbag2_storage:/Users/dhruvpatel29/humble-ros2/install/ros_ign_image:/Users/dhruvpatel29/humble-ros2/install/ros_ign_bridge:/Users/dhruvpatel29/humble-ros2/install/ros_gz_image:/Users/dhruvpatel29/humble-ros2/install/ros_gz_bridge:/Users/dhruvpatel29/humble-ros2/install/robot_localization:/Users/dhruvpatel29/humble-ros2/install/nav2_map_server:/Users/dhruvpatel29/humble-ros2/install/image_common:/Users/dhruvpatel29/humble-ros2/install/camera_info_manager:/Users/dhruvpatel29/humble-ros2/install/camera_calibration_parsers:/Users/dhruvpatel29/humble-ros2/install/yaml_cpp_vendor:/Users/dhruvpatel29/humble-ros2/install/moveit_resources_prbt_support:/Users/dhruvpatel29/humble-ros2/install/moveit_resources:/Users/dhruvpatel29/humble-ros2/install/moveit_resources_panda_moveit_config:/Users/dhruvpatel29/humble-ros2/install/moveit_resources_fanuc_moveit_config:/Users/dhruvpatel29/humble-ros2/install/xacro:/Users/dhruvpatel29/humble-ros2/install/warehouse_ros:/Users/dhruvpatel29/humble-ros2/install/moveit_task_constructor_msgs:/Users/dhruvpatel29/humble-ros2/install/interactive_markers:/Users/dhruvpatel29/humble-ros2/install/geometric_shapes:/Users/dhruvpatel29/humble-ros2/install/common_interfaces:/Users/dhruvpatel29/humble-ros2/install/visualization_msgs:/Users/dhruvpatel29/humble-ros2/install/vision_msgs:/Users/dhruvpatel29/humble-ros2/install/srdfdom:/Users/dhruvpatel29/humble-ros2/install/dummy_robot_bringup:/Users/dhruvpatel29/humble-ros2/install/robot_state_publisher:/Users/dhruvpatel29/humble-ros2/install/kinematics_interface_kdl:/Users/dhruvpatel29/humble-ros2/install/kdl_parser:/Users/dhruvpatel29/humble-ros2/install/joint_limits:/Users/dhruvpatel29/humble-ros2/install/urdf:/Users/dhruvpatel29/humble-ros2/install/urdfdom:/Users/dhruvpatel29/humble-ros2/install/urdf_parser_plugin:/Users/dhruvpatel29/humble-ros2/install/urdfdom_headers:/Users/dhruvpatel29/humble-ros2/install/turtlesim:/Users/dhruvpatel29/humble-ros2/install/transmission_interface:/Users/dhruvpatel29/humble-ros2/install/geometry2:/Users/dhruvpatel29/humble-ros2/install/tf2_sensor_msgs:/Users/dhruvpatel29/humble-ros2/install/test_tf2:/Users/dhruvpatel29/humble-ros2/install/tf2_kdl:/Users/dhruvpatel29/humble-ros2/install/nav_2d_utils:/Users/dhruvpatel29/humble-ros2/install/nav2_velocity_smoother:/Users/dhruvpatel29/humble-ros2/install/nav2_lifecycle_manager:/Users/dhruvpatel29/humble-ros2/install/nav2_amcl:/Users/dhruvpatel29/humble-ros2/install/nav2_util:/Users/dhruvpatel29/humble-ros2/install/tf2_geometry_msgs:/Users/dhruvpatel29/humble-ros2/install/tf2_eigen:/Users/dhruvpatel29/humble-ros2/install/tf2_bullet:/Users/dhruvpatel29/humble-ros2/install/tf2_ros:/Users/dhruvpatel29/humble-ros2/install/tf2_py:/Users/dhruvpatel29/humble-ros2/install/tf2_msgs:/Users/dhruvpatel29/humble-ros2/install/test_msgs:/Users/dhruvpatel29/humble-ros2/install/sros2_cmake:/Users/dhruvpatel29/humble-ros2/install/ros2cli_common_extensions:/Users/dhruvpatel29/humble-ros2/install/diagnostics:/Users/dhruvpatel29/humble-ros2/install/self_test:/Users/dhruvpatel29/humble-ros2/install/rqt_py_common:/Users/dhruvpatel29/humble-ros2/install/rosbag2_storage_mcap_testdata:/Users/dhruvpatel29/humble-ros2/install/ros_testing:/Users/dhruvpatel29/humble-ros2/install/ros2cli_test_interfaces:/Users/dhruvpatel29/humble-ros2/install/realtime_tools:/Users/dhruvpatel29/humble-ros2/install/quality_of_service_demo_cpp:/Users/dhruvpatel29/humble-ros2/install/nav2_common:/Users/dhruvpatel29/humble-ros2/install/image_transport:/Users/dhruvpatel29/humble-ros2/install/message_filters:/Users/dhruvpatel29/humble-ros2/install/demo_nodes_cpp:/Users/dhruvpatel29/humble-ros2/install/composition:/Users/dhruvpatel29/humble-ros2/install/laser_geometry:/Users/dhruvpatel29/humble-ros2/install/gps_tools:/Users/dhruvpatel29/humble-ros2/install/dynamixel_sdk_examples:/Users/dhruvpatel29/humble-ros2/install/diagnostic_common_diagnostics:/Users/dhruvpatel29/humble-ros2/install/diagnostic_updater:/Users/dhruvpatel29/humble-ros2/install/diagnostic_aggregator:/Users/dhruvpatel29/humble-ros2/install/rclpy:/Users/dhruvpatel29/humble-ros2/install/examples_rclcpp_minimal_action_server:/Users/dhruvpatel29/humble-ros2/install/examples_rclcpp_minimal_action_client:/Users/dhruvpatel29/humble-ros2/install/btcpp_ros2_samples:/Users/dhruvpatel29/humble-ros2/install/behaviortree_ros2:/Users/dhruvpatel29/humble-ros2/install/action_tutorials_cpp:/Users/dhruvpatel29/humble-ros2/install/rclcpp_action:/Users/dhruvpatel29/humble-ros2/install/rcl_action:/Users/dhruvpatel29/humble-ros2/install/moveit_msgs:/Users/dhruvpatel29/humble-ros2/install/object_recognition_msgs:/Users/dhruvpatel29/humble-ros2/install/nav2_msgs:/Users/dhruvpatel29/humble-ros2/install/nav2_dynamic_msgs:/Users/dhruvpatel29/humble-ros2/install/hardware_interface_testing:/Users/dhruvpatel29/humble-ros2/install/controller_interface:/Users/dhruvpatel29/humble-ros2/install/hardware_interface:/Users/dhruvpatel29/humble-ros2/install/geographic_info:/Users/dhruvpatel29/humble-ros2/install/geodesy:/Users/dhruvpatel29/humble-ros2/install/geographic_msgs:/Users/dhruvpatel29/humble-ros2/install/examples_rclcpp_wait_set:/Users/dhruvpatel29/humble-ros2/install/examples_rclcpp_minimal_service:/Users/dhruvpatel29/humble-ros2/install/examples_rclcpp_minimal_client:/Users/dhruvpatel29/humble-ros2/install/examples_rclcpp_async_client:/Users/dhruvpatel29/humble-ros2/install/example_interfaces:/Users/dhruvpatel29/humble-ros2/install/control_msgs:/Users/dhruvpatel29/humble-ros2/install/btcpp_ros2_interfaces:/Users/dhruvpatel29/humble-ros2/install/action_tutorials_interfaces:/Users/dhruvpatel29/humble-ros2/install/action_msgs:/Users/dhruvpatel29/humble-ros2/install/unique_identifier_msgs:/Users/dhruvpatel29/humble-ros2/install/ament_lint_common:/Users/dhruvpatel29/humble-ros2/install/ament_cmake_uncrustify:/Users/dhruvpatel29/humble-ros2/install/uncrustify_vendor:/Users/dhruvpatel29/humble-ros2/install/trajectory_msgs:/Users/dhruvpatel29/humble-ros2/install/topic_statistics_demo:/Users/dhruvpatel29/humble-ros2/install/test_tracetools:/Users/dhruvpatel29/humble-ros2/install/rosbag2_test_common:/Users/dhruvpatel29/humble-ros2/install/ros_ign_gazebo:/Users/dhruvpatel29/humble-ros2/install/ros_gz_sim:/Users/dhruvpatel29/humble-ros2/install/ros2lifecycle_test_fixtures:/Users/dhruvpatel29/humble-ros2/install/lifecycle:/Users/dhruvpatel29/humble-ros2/install/kinematics_interface:/Users/dhruvpatel29/humble-ros2/install/bond_core:/Users/dhruvpatel29/humble-ros2/install/bondcpp:/Users/dhruvpatel29/humble-ros2/install/rclcpp_lifecycle:/Users/dhruvpatel29/humble-ros2/install/logging_demo:/Users/dhruvpatel29/humble-ros2/install/image_tools:/Users/dhruvpatel29/humble-ros2/install/examples_rclcpp_minimal_subscriber:/Users/dhruvpatel29/humble-ros2/install/examples_rclcpp_minimal_composition:/Users/dhruvpatel29/humble-ros2/install/demo_nodes_cpp_native:/Users/dhruvpatel29/humble-ros2/install/rclcpp_components:/Users/dhruvpatel29/humble-ros2/install/nav2_voxel_grid:/Users/dhruvpatel29/humble-ros2/install/intra_process_demo:/Users/dhruvpatel29/humble-ros2/install/examples_rclcpp_multithreaded_executor:/Users/dhruvpatel29/humble-ros2/install/examples_rclcpp_minimal_timer:/Users/dhruvpatel29/humble-ros2/install/examples_rclcpp_minimal_publisher:/Users/dhruvpatel29/humble-ros2/install/examples_rclcpp_cbg_executor:/Users/dhruvpatel29/humble-ros2/install/dummy_sensors:/Users/dhruvpatel29/humble-ros2/install/dummy_map_server:/Users/dhruvpatel29/humble-ros2/install/behaviortree_cpp:/Users/dhruvpatel29/humble-ros2/install/rclcpp:/Users/dhruvpatel29/humble-ros2/install/rcl_lifecycle:/Users/dhruvpatel29/humble-ros2/install/libstatistics_collector:/Users/dhruvpatel29/humble-ros2/install/rcl:/Users/dhruvpatel29/humble-ros2/install/rmw_implementation:/Users/dhruvpatel29/humble-ros2/install/rmw_fastrtps_dynamic_cpp:/Users/dhruvpatel29/humble-ros2/install/rmw_fastrtps_cpp:/Users/dhruvpatel29/humble-ros2/install/rmw_fastrtps_shared_cpp:/Users/dhruvpatel29/humble-ros2/install/rmw_cyclonedds_cpp:/Users/dhruvpatel29/humble-ros2/install/tracetools:/Users/dhruvpatel29/humble-ros2/install/tinyxml_vendor:/Users/dhruvpatel29/humble-ros2/install/pluginlib:/Users/dhruvpatel29/humble-ros2/install/tinyxml2_vendor:/Users/dhruvpatel29/humble-ros2/install/tf2_eigen_kdl:/Users/dhruvpatel29/humble-ros2/install/tf2:/Users/dhruvpatel29/humble-ros2/install/test_security:/Users/dhruvpatel29/humble-ros2/install/test_rmw_implementation:/Users/dhruvpatel29/humble-ros2/install/test_rclcpp:/Users/dhruvpatel29/humble-ros2/install/test_quality_of_service:/Users/dhruvpatel29/humble-ros2/install/test_launch_testing:/Users/dhruvpatel29/humble-ros2/install/test_interface_files:/Users/dhruvpatel29/humble-ros2/install/test_communication:/Users/dhruvpatel29/humble-ros2/install/test_cli_remapping:/Users/dhruvpatel29/humble-ros2/install/test_cli:/Users/dhruvpatel29/humble-ros2/install/test_bond:/Users/dhruvpatel29/humble-ros2/install/qt_gui_core:/Users/dhruvpatel29/humble-ros2/install/qt_gui_app:/Users/dhruvpatel29/humble-ros2/install/qt_gui:/Users/dhruvpatel29/humble-ros2/install/tango_icons_vendor:/Users/dhruvpatel29/humble-ros2/install/stereo_msgs:/Users/dhruvpatel29/humble-ros2/install/std_srvs:/Users/dhruvpatel29/humble-ros2/install/shape_msgs:/Users/dhruvpatel29/humble-ros2/install/map_msgs:/Users/dhruvpatel29/humble-ros2/install/sensor_msgs:/Users/dhruvpatel29/humble-ros2/install/ros_ign_interfaces:/Users/dhruvpatel29/humble-ros2/install/ros_gz_interfaces:/Users/dhruvpatel29/humble-ros2/install/octomap_msgs:/Users/dhruvpatel29/humble-ros2/install/dwb_msgs:/Users/dhruvpatel29/humble-ros2/install/nav_msgs:/Users/dhruvpatel29/humble-ros2/install/nav_2d_msgs:/Users/dhruvpatel29/humble-ros2/install/graph_msgs:/Users/dhruvpatel29/humble-ros2/install/gps_msgs:/Users/dhruvpatel29/humble-ros2/install/diagnostic_msgs:/Users/dhruvpatel29/humble-ros2/install/geometry_msgs:/Users/dhruvpatel29/humble-ros2/install/bond:/Users/dhruvpatel29/humble-ros2/install/actuator_msgs:/Users/dhruvpatel29/humble-ros2/install/actionlib_msgs:/Users/dhruvpatel29/humble-ros2/install/ackermann_msgs:/Users/dhruvpatel29/humble-ros2/install/std_msgs:/Users/dhruvpatel29/humble-ros2/install/statistics_msgs:/Users/dhruvpatel29/humble-ros2/install/sqlite3_vendor:/Users/dhruvpatel29/humble-ros2/install/rcl_logging_spdlog:/Users/dhruvpatel29/humble-ros2/install/spdlog_vendor:/Users/dhruvpatel29/humble-ros2/install/smclib:/Users/dhruvpatel29/humble-ros2/install/shared_queues_vendor:/Users/dhruvpatel29/humble-ros2/install/rviz_rendering_tests:/Users/dhruvpatel29/humble-ros2/install/rviz_rendering:/Users/dhruvpatel29/humble-ros2/install/rviz_ogre_vendor:/Users/dhruvpatel29/humble-ros2/install/rviz_assimp_vendor:/Users/dhruvpatel29/humble-ros2/install/ruckig:/Users/dhruvpatel29/humble-ros2/install/rmw_connextddsmicro:/Users/dhruvpatel29/humble-ros2/install/rmw_connextdds:/Users/dhruvpatel29/humble-ros2/install/rmw_connextdds_common:/Users/dhruvpatel29/humble-ros2/install/rti_connext_dds_cmake_module:/Users/dhruvpatel29/humble-ros2/install/rosgraph_msgs:/Users/dhruvpatel29/humble-ros2/install/rosbag2_interfaces:/Users/dhruvpatel29/humble-ros2/install/rmw_dds_common:/Users/dhruvpatel29/humble-ros2/install/composition_interfaces:/Users/dhruvpatel29/humble-ros2/install/rcl_interfaces:/Users/dhruvpatel29/humble-ros2/install/pendulum_msgs:/Users/dhruvpatel29/humble-ros2/install/controller_manager_msgs:/Users/dhruvpatel29/humble-ros2/install/lifecycle_msgs:/Users/dhruvpatel29/humble-ros2/install/dynamixel_sdk_custom_interfaces:/Users/dhruvpatel29/humble-ros2/install/builtin_interfaces:/Users/dhruvpatel29/humble-ros2/install/rosidl_default_runtime:/Users/dhruvpatel29/humble-ros2/install/rosidl_default_generators:/Users/dhruvpatel29/humble-ros2/install/rosidl_generator_py:/Users/dhruvpatel29/humble-ros2/install/rosidl_typesupport_introspection_tests:/Users/dhruvpatel29/humble-ros2/install/rosidl_typesupport_cpp:/Users/dhruvpatel29/humble-ros2/install/rosidl_typesupport_introspection_cpp:/Users/dhruvpatel29/humble-ros2/install/rosidl_typesupport_c:/Users/dhruvpatel29/humble-ros2/install/rosidl_typesupport_introspection_c:/Users/dhruvpatel29/humble-ros2/install/rosidl_typesupport_fastrtps_c:/Users/dhruvpatel29/humble-ros2/install/rosidl_typesupport_fastrtps_cpp:/Users/dhruvpatel29/humble-ros2/install/rosidl_generator_cpp:/Users/dhruvpatel29/humble-ros2/install/rosidl_runtime_cpp:/Users/dhruvpatel29/humble-ros2/install/rcl_yaml_param_parser:/Users/dhruvpatel29/humble-ros2/install/rmw:/Users/dhruvpatel29/humble-ros2/install/rosidl_runtime_c:/Users/dhruvpatel29/humble-ros2/install/rosidl_generator_c:/Users/dhruvpatel29/humble-ros2/install/rosidl_typesupport_interface:/Users/dhruvpatel29/humble-ros2/install/rosidl_generator_dds_idl:/Users/dhruvpatel29/humble-ros2/install/rosidl_cmake:/Users/dhruvpatel29/humble-ros2/install/rosidl_parser:/Users/dhruvpatel29/humble-ros2/install/rosidl_adapter:/Users/dhruvpatel29/humble-ros2/install/rosbag2_tests:/Users/dhruvpatel29/humble-ros2/install/ros_environment:/Users/dhruvpatel29/humble-ros2/install/ros2_control_test_assets:/Users/dhruvpatel29/humble-ros2/install/ros2_control_cmake:/Users/dhruvpatel29/humble-ros2/install/rmw_implementation_cmake:/Users/dhruvpatel29/humble-ros2/install/resource_retriever:/Users/dhruvpatel29/humble-ros2/install/class_loader:/Users/dhruvpatel29/humble-ros2/install/rcpputils:/Users/dhruvpatel29/humble-ros2/install/rcl_logging_noop:/Users/dhruvpatel29/humble-ros2/install/rcl_logging_interface:/Users/dhruvpatel29/humble-ros2/install/rcutils:/Users/dhruvpatel29/humble-ros2/install/random_numbers:/Users/dhruvpatel29/humble-ros2/install/qt_gui_py_common:/Users/dhruvpatel29/humble-ros2/install/qt_dotgraph:/Users/dhruvpatel29/humble-ros2/install/python_qt_binding:/Users/dhruvpatel29/humble-ros2/install/python_orocos_kdl_vendor:/Users/dhruvpatel29/humble-ros2/install/launch_testing_ament_cmake:/Users/dhruvpatel29/humble-ros2/install/python_cmake_module:/Users/dhruvpatel29/humble-ros2/install/pybind11_vendor:/Users/dhruvpatel29/humble-ros2/install/performance_test_fixture:/Users/dhruvpatel29/humble-ros2/install/osrf_testing_tools_cpp:/Users/dhruvpatel29/humble-ros2/install/orocos_kdl_vendor:/Users/dhruvpatel29/humble-ros2/install/octomap-distribution:/Users/dhruvpatel29/humble-ros2/install/nav2_costmap_filters_demo:/Users/dhruvpatel29/humble-ros2/install/moveit_resources_pr2_description:/Users/dhruvpatel29/humble-ros2/install/moveit_resources_panda_description:/Users/dhruvpatel29/humble-ros2/install/moveit_resources_fanuc_description:/Users/dhruvpatel29/humble-ros2/install/moveit_common:/Users/dhruvpatel29/humble-ros2/install/mimick_vendor:/Users/dhruvpatel29/humble-ros2/install/libyaml_vendor:/Users/dhruvpatel29/humble-ros2/install/libcurl_vendor:/Users/dhruvpatel29/humble-ros2/install/keyboard_handler:/Users/dhruvpatel29/humble-ros2/install/iceoryx_introspection:/Users/dhruvpatel29/humble-ros2/install/cyclonedds:/Users/dhruvpatel29/humble-ros2/install/iceoryx_posh:/Users/dhruvpatel29/humble-ros2/install/iceoryx_hoofs:/Users/dhruvpatel29/humble-ros2/install/iceoryx_binding_c:/Users/dhruvpatel29/humble-ros2/install/gz-transport14:/Users/dhruvpatel29/humble-ros2/install/ament_cmake_ros:/Users/dhruvpatel29/humble-ros2/install/ament_cmake_auto:/Users/dhruvpatel29/humble-ros2/install/ament_cmake_gmock:/Users/dhruvpatel29/humble-ros2/install/gmock_vendor:/Users/dhruvpatel29/humble-ros2/install/ament_cmake_gtest:/Users/dhruvpatel29/humble-ros2/install/gtest_vendor:/Users/dhruvpatel29/humble-ros2/install/ament_cmake_google_benchmark:/Users/dhruvpatel29/humble-ros2/install/fastrtps:/Users/dhruvpatel29/humble-ros2/install/foonathan_memory_vendor:/Users/dhruvpatel29/humble-ros2/install/fastrtps_cmake_module:/Users/dhruvpatel29/humble-ros2/install/fastcdr:/Users/dhruvpatel29/humble-ros2/install/eigen_stl_containers:/Users/dhruvpatel29/humble-ros2/install/eigen3_cmake_module:/Users/dhruvpatel29/humble-ros2/install/dynamixel_sdk:/Users/dhruvpatel29/humble-ros2/install/diagnostic_remote_logging:/Users/dhruvpatel29/humble-ros2/install/console_bridge_vendor:/Users/dhruvpatel29/humble-ros2/install/ceres-solver:/Users/dhruvpatel29/humble-ros2/install/backward_ros:/Users/dhruvpatel29/humble-ros2/install/ament_cmake_xmllint:/Users/dhruvpatel29/humble-ros2/install/ament_cmake_pyflakes:/Users/dhruvpatel29/humble-ros2/install/ament_cmake_pycodestyle:/Users/dhruvpatel29/humble-ros2/install/ament_cmake_pep257:/Users/dhruvpatel29/humble-ros2/install/ament_cmake_pclint:/Users/dhruvpatel29/humble-ros2/install/ament_lint_auto:/Users/dhruvpatel29/humble-ros2/install/ament_cmake:/Users/dhruvpatel29/humble-ros2/install/ament_cmake_version:/Users/dhruvpatel29/humble-ros2/install/ament_cmake_vendor_package:/Users/dhruvpatel29/humble-ros2/install/ament_cmake_pytest:/Users/dhruvpatel29/humble-ros2/install/ament_cmake_nose:/Users/dhruvpatel29/humble-ros2/install/ament_cmake_mypy:/Users/dhruvpatel29/humble-ros2/install/ament_cmake_lint_cmake:/Users/dhruvpatel29/humble-ros2/install/ament_cmake_flake8:/Users/dhruvpatel29/humble-ros2/install/ament_cmake_cpplint:/Users/dhruvpatel29/humble-ros2/install/ament_cmake_cppcheck:/Users/dhruvpatel29/humble-ros2/install/ament_cmake_copyright:/Users/dhruvpatel29/humble-ros2/install/ament_cmake_clang_tidy:/Users/dhruvpatel29/humble-ros2/install/ament_cmake_clang_format:/Users/dhruvpatel29/humble-ros2/install/ament_cmake_test:/Users/dhruvpatel29/humble-ros2/install/ament_cmake_target_dependencies:/Users/dhruvpatel29/humble-ros2/install/ament_cmake_python:/Users/dhruvpatel29/humble-ros2/install/ament_cmake_export_dependencies:/Users/dhruvpatel29/humble-ros2/install/ament_cmake_libraries:/Users/dhruvpatel29/humble-ros2/install/ament_cmake_include_directories:/Users/dhruvpatel29/humble-ros2/install/ament_cmake_gen_version_h:/Users/dhruvpatel29/humble-ros2/install/ament_cmake_export_targets:/Users/dhruvpatel29/humble-ros2/install/ament_cmake_export_link_flags:/Users/dhruvpatel29/humble-ros2/install/ament_cmake_export_interfaces:/Users/dhruvpatel29/humble-ros2/install/ament_cmake_export_libraries:/Users/dhruvpatel29/humble-ros2/install/ament_cmake_export_include_directories:/Users/dhruvpatel29/humble-ros2/install/ament_cmake_export_definitions:/Users/dhruvpatel29/humble-ros2/install/ament_cmake_core:/Users/dhruvpatel29/humble-ros2/install/ament_index_cpp:/Users/dhruvpatel29/humble-ros2/install/GeographicLib:/Users/dhruvpatel29/ros2_ws/install/turtlesim_final:/Users/dhruvpatel29/ros2_ws/install/turtlecatch_bringup:/Users/dhruvpatel29/ros2_ws/install/turtlebot4_simulator:/Users/dhruvpatel29/ros2_ws/install/turtlebot4_ignition_bringup:/Users/dhruvpatel29/ros2_ws/install/turtlebot4_desktop:/Users/dhruvpatel29/ros2_ws/install/turtlebot4_viz:/Users/dhruvpatel29/ros2_ws/install/turtlebot4_node:/Users/dhruvpatel29/ros2_ws/install/turtlebot4_navigation:/Users/dhruvpatel29/ros2_ws/install/turtlebot4_ignition_toolbox:/Users/dhruvpatel29/ros2_ws/install/turtlebot4_msgs:/Users/dhruvpatel29/ros2_ws/install/turtlebot4_ignition_gui_plugins:/Users/dhruvpatel29/ros2_ws/install/turtlebot4_description:/Users/dhruvpatel29/ros2_ws/install/turtlebot3:/Users/dhruvpatel29/ros2_ws/install/turtlebot3_bringup:/Users/dhruvpatel29/ros2_ws/install/turtlebot3_node:/Users/dhruvpatel29/ros2_ws/install/turtlebot3_navigation2:/Users/dhruvpatel29/ros2_ws/install/turtlebot3_msgs:/Users/dhruvpatel29/ros2_ws/install/turtlebot3_description:/Users/dhruvpatel29/ros2_ws/install/turtlebot3_cartographer:/Users/dhruvpatel29/ros2_ws/install/robot_arm_controller:/Users/dhruvpatel29/ros2_ws/install/polygon_plugins:/Users/dhruvpatel29/ros2_ws/install/polygon_base:/Users/dhruvpatel29/ros2_ws/install/my_robot_station_bringup:/Users/dhruvpatel29/ros2_ws/install/my_robot_lifecycle_bringup:/Users/dhruvpatel29/ros2_ws/install/my_robot_bringup:/Users/dhruvpatel29/ros2_ws/install/my_cpp_pkg:/Users/dhruvpatel29/ros2_ws/install/actions_cpp:/Users/dhruvpatel29/ros2_ws/install/my_robot_interfaces:/Users/dhruvpatel29/ros2_ws/install/my_robot_bringup_gazebo:/Users/dhruvpatel29/ros2_ws/install/my_robot_description:/Users/dhruvpatel29/ros2_ws/install/moveit2_tutorials:/Users/dhruvpatel29/ros2_ws/install/lifecycle_cpp:/Users/dhruvpatel29/ros2_ws/install/irobot_create_ignition_sim:/Users/dhruvpatel29/ros2_ws/install/irobot_create_ignition_bringup:/Users/dhruvpatel29/ros2_ws/install/irobot_create_gazebo_sim:/Users/dhruvpatel29/ros2_ws/install/irobot_create_gazebo_bringup:/Users/dhruvpatel29/ros2_ws/install/irobot_create_common_bringup:/Users/dhruvpatel29/ros2_ws/install/irobot_create_nodes:/Users/dhruvpatel29/ros2_ws/install/irobot_create_ignition_toolbox:/Users/dhruvpatel29/ros2_ws/install/irobot_create_gazebo_plugins:/Users/dhruvpatel29/ros2_ws/install/irobot_create_toolbox:/Users/dhruvpatel29/ros2_ws/install/irobot_create_msgs:/Users/dhruvpatel29/ros2_ws/install/irobot_create_ignition_plugins:/Users/dhruvpatel29/ros2_ws/install/irobot_create_description:/Users/dhruvpatel29/ros2_ws/install/irobot_create_control:/Users/dhruvpatel29/ros2_ws/install/executors_cpp:/Users/dhruvpatel29/ros2_ws/install/components_cpp:/Users/dhruvpatel29/ros2_ws/install/add_two_ints_cpp:/Users/dhruvpatel29/backup_ros/humble-ros2/install/mcap_vendor:/Users/dhruvpatel29/backup_ros/humble-ros2/install/zstd_vendor:/Users/dhruvpatel29/backup_ros/humble-ros2/install/rviz_visual_testing_framework:/Users/dhruvpatel29/backup_ros/humble-ros2/install/rviz_common:/Users/dhruvpatel29/backup_ros/humble-ros2/install/rosbag2_storage:/Users/dhruvpatel29/backup_ros/humble-ros2/install/nav2_map_server:/Users/dhruvpatel29/backup_ros/humble-ros2/install/yaml_cpp_vendor:/Users/dhruvpatel29/backup_ros/humble-ros2/install/xtensor:/Users/dhruvpatel29/backup_ros/humble-ros2/install/xsimd:/Users/dhruvpatel29/backup_ros/humble-ros2/install/xtl:/Users/dhruvpatel29/backup_ros/humble-ros2/install/moveit_resources_prbt_support:/Users/dhruvpatel29/backup_ros/humble-ros2/install/moveit_resources_panda_moveit_config:/Users/dhruvpatel29/backup_ros/humble-ros2/install/moveit_resources_fanuc_moveit_config:/Users/dhruvpatel29/backup_ros/humble-ros2/install/xacro:/Users/dhruvpatel29/backup_ros/humble-ros2/install/warehouse_ros:/Users/dhruvpatel29/backup_ros/humble-ros2/install/interactive_markers:/Users/dhruvpatel29/backup_ros/humble-ros2/install/geometric_shapes:/Users/dhruvpatel29/backup_ros/humble-ros2/install/common_interfaces:/Users/dhruvpatel29/backup_ros/humble-ros2/install/visualization_msgs:/Users/dhruvpatel29/backup_ros/humble-ros2/install/vision_msgs:/Users/dhruvpatel29/backup_ros/humble-ros2/install/srdfdom:/Users/dhruvpatel29/backup_ros/humble-ros2/install/robot_state_publisher:/Users/dhruvpatel29/backup_ros/humble-ros2/install/kdl_parser:/Users/dhruvpatel29/backup_ros/humble-ros2/install/urdf:/Users/dhruvpatel29/backup_ros/humble-ros2/install/urdfdom:/Users/dhruvpatel29/backup_ros/humble-ros2/install/urdf_parser_plugin:/Users/dhruvpatel29/backup_ros/humble-ros2/install/urdfdom_headers:/Users/dhruvpatel29/backup_ros/humble-ros2/install/tf2_sensor_msgs:/Users/dhruvpatel29/backup_ros/humble-ros2/install/tf2_kdl:/Users/dhruvpatel29/backup_ros/humble-ros2/install/nav2_lifecycle_manager:/Users/dhruvpatel29/backup_ros/humble-ros2/install/nav2_util:/Users/dhruvpatel29/backup_ros/humble-ros2/install/tf2_geometry_msgs:/Users/dhruvpatel29/backup_ros/humble-ros2/install/tf2_eigen:/Users/dhruvpatel29/backup_ros/humble-ros2/install/tf2_ros:/Users/dhruvpatel29/backup_ros/humble-ros2/install/tf2_py:/Users/dhruvpatel29/backup_ros/humble-ros2/install/tf2_msgs:/Users/dhruvpatel29/backup_ros/humble-ros2/install/test_msgs:/Users/dhruvpatel29/backup_ros/humble-ros2/install/rqt_py_common:/Users/dhruvpatel29/backup_ros/humble-ros2/install/rosbag2_storage_mcap_testdata:/Users/dhruvpatel29/backup_ros/humble-ros2/install/ros_testing:/Users/dhruvpatel29/backup_ros/humble-ros2/install/controller_manager:/Users/dhruvpatel29/backup_ros/humble-ros2/install/ros2cli_test_interfaces:/Users/dhruvpatel29/backup_ros/humble-ros2/install/realtime_tools:/Users/dhruvpatel29/backup_ros/humble-ros2/install/nav2_common:/Users/dhruvpatel29/backup_ros/humble-ros2/install/image_transport:/Users/dhruvpatel29/backup_ros/humble-ros2/install/message_filters:/Users/dhruvpatel29/backup_ros/humble-ros2/install/laser_geometry:/Users/dhruvpatel29/backup_ros/humble-ros2/install/generate_parameter_library:/Users/dhruvpatel29/backup_ros/humble-ros2/install/diagnostic_updater:/Users/dhruvpatel29/backup_ros/humble-ros2/install/rclpy:/Users/dhruvpatel29/backup_ros/humble-ros2/install/rclcpp_action:/Users/dhruvpatel29/backup_ros/humble-ros2/install/rcl_action:/Users/dhruvpatel29/backup_ros/humble-ros2/install/moveit_msgs:/Users/dhruvpatel29/backup_ros/humble-ros2/install/object_recognition_msgs:/Users/dhruvpatel29/backup_ros/humble-ros2/install/nav2_msgs:/Users/dhruvpatel29/backup_ros/humble-ros2/install/hardware_interface_testing:/Users/dhruvpatel29/backup_ros/humble-ros2/install/controller_interface:/Users/dhruvpatel29/backup_ros/humble-ros2/install/hardware_interface:/Users/dhruvpatel29/backup_ros/humble-ros2/install/geographic_msgs:/Users/dhruvpatel29/backup_ros/humble-ros2/install/example_interfaces:/Users/dhruvpatel29/backup_ros/humble-ros2/install/control_msgs:/Users/dhruvpatel29/backup_ros/humble-ros2/install/btcpp_ros2_interfaces:/Users/dhruvpatel29/backup_ros/humble-ros2/install/action_tutorials_interfaces:/Users/dhruvpatel29/backup_ros/humble-ros2/install/action_msgs:/Users/dhruvpatel29/backup_ros/humble-ros2/install/unique_identifier_msgs:/Users/dhruvpatel29/backup_ros/humble-ros2/install/ament_lint_common:/Users/dhruvpatel29/backup_ros/humble-ros2/install/ament_cmake_uncrustify:/Users/dhruvpatel29/backup_ros/humble-ros2/install/uncrustify_vendor:/Users/dhruvpatel29/backup_ros/humble-ros2/install/trajectory_msgs:/Users/dhruvpatel29/backup_ros/humble-ros2/install/parameter_traits:/Users/dhruvpatel29/humble-ros2/install/rqt_bag_plugins:/Users/dhruvpatel29/humble-ros2/install/rqt_bag:/Users/dhruvpatel29/humble-ros2/install/launch_testing_examples:/Users/dhruvpatel29/humble-ros2/install/ros2bag:/Users/dhruvpatel29/humble-ros2/install/moveit_configs_utils:/Users/dhruvpatel29/humble-ros2/install/launch_param_builder:/Users/dhruvpatel29/humble-ros2/install/kf_hungarian_tracker:/Users/dhruvpatel29/humble-ros2/install/tracetools_test:/Users/dhruvpatel29/humble-ros2/install/tracetools_launch:/Users/dhruvpatel29/humble-ros2/install/topic_monitor:/Users/dhruvpatel29/humble-ros2/install/tf2_tools:/Users/dhruvpatel29/humble-ros2/install/examples_tf2_py:/Users/dhruvpatel29/humble-ros2/install/tf2_ros_py:/Users/dhruvpatel29/humble-ros2/install/sros2:/Users/dhruvpatel29/humble-ros2/install/rqt_topic:/Users/dhruvpatel29/humble-ros2/install/rqt_srv:/Users/dhruvpatel29/humble-ros2/install/rqt_shell:/Users/dhruvpatel29/humble-ros2/install/rqt_service_caller:/Users/dhruvpatel29/humble-ros2/install/rqt_reconfigure:/Users/dhruvpatel29/humble-ros2/install/rqt_py_console:/Users/dhruvpatel29/humble-ros2/install/rqt_publisher:/Users/dhruvpatel29/humble-ros2/install/rqt_plot:/Users/dhruvpatel29/humble-ros2/install/rqt_action:/Users/dhruvpatel29/humble-ros2/install/rqt_msg:/Users/dhruvpatel29/humble-ros2/install/rqt_console:/Users/dhruvpatel29/humble-ros2/install/rqt:/Users/dhruvpatel29/humble-ros2/install/rqt_joint_trajectory_controller:/Users/dhruvpatel29/humble-ros2/install/rqt_graph:/Users/dhruvpatel29/humble-ros2/install/rqt_gui_py:/Users/dhruvpatel29/humble-ros2/install/rqt_gui:/Users/dhruvpatel29/humble-ros2/install/ros2trace:/Users/dhruvpatel29/humble-ros2/install/ros2topic:/Users/dhruvpatel29/humble-ros2/install/ros2test:/Users/dhruvpatel29/humble-ros2/install/ros2component:/Users/dhruvpatel29/humble-ros2/install/ros2param:/Users/dhruvpatel29/humble-ros2/install/ros2lifecycle:/Users/dhruvpatel29/humble-ros2/install/ros2service:/Users/dhruvpatel29/humble-ros2/install/ros2run:/Users/dhruvpatel29/humble-ros2/install/ros2launch:/Users/dhruvpatel29/humble-ros2/install/ros2pkg:/Users/dhruvpatel29/humble-ros2/install/ros2node:/Users/dhruvpatel29/humble-ros2/install/ros2multicast:/Users/dhruvpatel29/humble-ros2/install/ros2interface:/Users/dhruvpatel29/humble-ros2/install/ros2doctor:/Users/dhruvpatel29/humble-ros2/install/ros2action:/Users/dhruvpatel29/humble-ros2/install/ros2cli:/Users/dhruvpatel29/humble-ros2/install/ros2_controllers_test_nodes:/Users/dhruvpatel29/humble-ros2/install/quality_of_service_demo_py:/Users/dhruvpatel29/humble-ros2/install/nav2_simple_commander:/Users/dhruvpatel29/humble-ros2/install/lifecycle_py:/Users/dhruvpatel29/humble-ros2/install/launch_testing_ros:/Users/dhruvpatel29/humble-ros2/install/launch_ros:/Users/dhruvpatel29/humble-ros2/install/examples_rclpy_pointcloud_publisher:/Users/dhruvpatel29/humble-ros2/install/examples_rclpy_minimal_subscriber:/Users/dhruvpatel29/humble-ros2/install/examples_rclpy_minimal_service:/Users/dhruvpatel29/humble-ros2/install/examples_rclpy_minimal_publisher:/Users/dhruvpatel29/humble-ros2/install/examples_rclpy_minimal_client:/Users/dhruvpatel29/humble-ros2/install/examples_rclpy_minimal_action_server:/Users/dhruvpatel29/humble-ros2/install/examples_rclpy_minimal_action_client:/Users/dhruvpatel29/humble-ros2/install/examples_rclpy_guard_conditions:/Users/dhruvpatel29/humble-ros2/install/examples_rclpy_executors:/Users/dhruvpatel29/humble-ros2/install/demo_nodes_py:/Users/dhruvpatel29/humble-ros2/install/camera_info_manager_py:/Users/dhruvpatel29/humble-ros2/install/bondpy:/Users/dhruvpatel29/humble-ros2/install/action_tutorials_py:/Users/dhruvpatel29/humble-ros2/install/ament_uncrustify:/Users/dhruvpatel29/humble-ros2/install/tracetools_trace:/Users/dhruvpatel29/humble-ros2/install/tracetools_read:/Users/dhruvpatel29/humble-ros2/install/test_tracetools_launch:/Users/dhruvpatel29/humble-ros2/install/test_launch_ros:/Users/dhruvpatel29/humble-ros2/install/sensor_msgs_py:/Users/dhruvpatel29/humble-ros2/install/rpyutils:/Users/dhruvpatel29/humble-ros2/install/rosidl_runtime_py:/Users/dhruvpatel29/humble-ros2/install/rosidl_cli:/Users/dhruvpatel29/humble-ros2/install/launch_pytest:/Users/dhruvpatel29/humble-ros2/install/launch_testing:/Users/dhruvpatel29/humble-ros2/install/launch_yaml:/Users/dhruvpatel29/humble-ros2/install/launch_xml:/Users/dhruvpatel29/humble-ros2/install/launch:/Users/dhruvpatel29/humble-ros2/install/osrf_pycommon:/Users/dhruvpatel29/humble-ros2/install/domain_coordinator:/Users/dhruvpatel29/humble-ros2/install/ament_xmllint:/Users/dhruvpatel29/humble-ros2/install/ament_pyflakes:/Users/dhruvpatel29/humble-ros2/install/ament_pycodestyle:/Users/dhruvpatel29/humble-ros2/install/ament_pep257:/Users/dhruvpatel29/humble-ros2/install/ament_pclint:/Users/dhruvpatel29/humble-ros2/install/ament_package:/Users/dhruvpatel29/humble-ros2/install/ament_mypy:/Users/dhruvpatel29/humble-ros2/install/ament_lint_cmake:/Users/dhruvpatel29/humble-ros2/install/ament_flake8:/Users/dhruvpatel29/humble-ros2/install/ament_copyright:/Users/dhruvpatel29/humble-ros2/install/ament_lint:/Users/dhruvpatel29/humble-ros2/install/ament_index_python:/Users/dhruvpatel29/humble-ros2/install/ament_cpplint:/Users/dhruvpatel29/humble-ros2/install/ament_cppcheck:/Users/dhruvpatel29/humble-ros2/install/ament_clang_tidy:/Users/dhruvpatel29/humble-ros2/install/ament_clang_format:/Users/dhruvpatel29/ros2_ws/install/turtlesim_catch_them_all:/Users/dhruvpatel29/ros2_ws/install/turtlebot3_teleop:/Users/dhruvpatel29/ros2_ws/install/turtlebot3_example:/Users/dhruvpatel29/ros2_ws/install/number_counter:/Users/dhruvpatel29/ros2_ws/install/my_py_pkg:/Users/dhruvpatel29/ros2_ws/install/actions_py:/Users/dhruvpatel29/ros2_ws/install/lifecycle_py:/Users/dhruvpatel29/ros2_ws/install/executors_py:/Users/dhruvpatel29/ros2_ws/install/components_py:/Users/dhruvpatel29/ros2_ws/install/add_two_ints:/Users/dhruvpatel29/backup_ros/humble-ros2/install/moveit_configs_utils:/Users/dhruvpatel29/backup_ros/humble-ros2/install/launch_param_builder:/Users/dhruvpatel29/backup_ros/humble-ros2/install/tf2_ros_py:/Users/dhruvpatel29/backup_ros/humble-ros2/install/rqt_gui_py:/Users/dhruvpatel29/backup_ros/humble-ros2/install/rqt_gui:/Users/dhruvpatel29/backup_ros/humble-ros2/install/ros2topic:/Users/dhruvpatel29/backup_ros/humble-ros2/install/ros2test:/Users/dhruvpatel29/backup_ros/humble-ros2/install/ros2param:/Users/dhruvpatel29/backup_ros/humble-ros2/install/ros2service:/Users/dhruvpatel29/backup_ros/humble-ros2/install/ros2run:/Users/dhruvpatel29/backup_ros/humble-ros2/install/ros2pkg:/Users/dhruvpatel29/backup_ros/humble-ros2/install/ros2node:/Users/dhruvpatel29/backup_ros/humble-ros2/install/ros2cli:/Users/dhruvpatel29/backup_ros/humble-ros2/install/launch_testing_ros:/Users/dhruvpatel29/backup_ros/humble-ros2/install/launch_ros:/Users/dhruvpatel29/backup_ros/humble-ros2/install/joint_state_publisher_gui:/Users/dhruvpatel29/backup_ros/humble-ros2/install/joint_state_publisher:/Users/dhruvpatel29/backup_ros/humble-ros2/install/ament_uncrustify:/Users/dhruvpatel29/backup_ros/humble-ros2/install/tracetools_trace:/Users/dhruvpatel29/backup_ros/humble-ros2/install/tracetools_read:/Users/dhruvpatel29/backup_ros/humble-ros2/install/sensor_msgs_py:/Users/dhruvpatel29/backup_ros/humble-ros2/install/rpyutils:/Users/dhruvpatel29/backup_ros/humble-ros2/install/rosidl_runtime_py:/Users/dhruvpatel29/backup_ros/humble-ros2/install/rosidl_cli:/Users/dhruvpatel29/backup_ros/humble-ros2/install/launch_pytest:/Users/dhruvpatel29/backup_ros/humble-ros2/install/launch_testing:/Users/dhruvpatel29/backup_ros/humble-ros2/install/launch_yaml:/Users/dhruvpatel29/backup_ros/humble-ros2/install/launch_xml:/Users/dhruvpatel29/backup_ros/humble-ros2/install/launch:/Users/dhruvpatel29/backup_ros/humble-ros2/install/osrf_pycommon:/Users/dhruvpatel29/backup_ros/humble-ros2/install/generate_parameter_library_py:/Users/dhruvpatel29/backup_ros/humble-ros2/install/domain_coordinator:/Users/dhruvpatel29/backup_ros/humble-ros2/install/ament_xmllint:/Users/dhruvpatel29/backup_ros/humble-ros2/install/ament_pyflakes:/Users/dhruvpatel29/backup_ros/humble-ros2/install/ament_pycodestyle:/Users/dhruvpatel29/backup_ros/humble-ros2/install/ament_pep257:/Users/dhruvpatel29/backup_ros/humble-ros2/install/ament_pclint:/Users/dhruvpatel29/backup_ros/humble-ros2/install/ament_package:/Users/dhruvpatel29/backup_ros/humble-ros2/install/ament_mypy:/Users/dhruvpatel29/backup_ros/humble-ros2/install/ament_lint_cmake:/Users/dhruvpatel29/backup_ros/humble-ros2/install/ament_flake8:/Users/dhruvpatel29/backup_ros/humble-ros2/install/ament_copyright:/Users/dhruvpatel29/backup_ros/humble-ros2/install/ament_lint:/Users/dhruvpatel29/backup_ros/humble-ros2/install/ament_index_python:/Users/dhruvpatel29/backup_ros/humble-ros2/install/ament_cpplint:/Users/dhruvpatel29/backup_ros/humble-ros2/install/ament_cppcheck:/Users/dhruvpatel29/backup_ros/humble-ros2/install/ament_clang_tidy:/Users/dhruvpatel29/backup_ros/humble-ros2/install/ament_clang_format:/Users/dhruvpatel29/backup_ros/humble-ros2/install/rsl:/Users/dhruvpatel29/backup_ros/humble-ros2/install/rosbag2_test_common:/Users/dhruvpatel29/backup_ros/humble-ros2/install/bondcpp:/Users/dhruvpatel29/backup_ros/humble-ros2/install/rclcpp_lifecycle:/Users/dhruvpatel29/backup_ros/humble-ros2/install/rclcpp_components:/Users/dhruvpatel29/backup_ros/humble-ros2/install/nav2_voxel_grid:/Users/dhruvpatel29/backup_ros/humble-ros2/install/rclcpp:/Users/dhruvpatel29/backup_ros/humble-ros2/install/rcl_lifecycle:/Users/dhruvpatel29/backup_ros/humble-ros2/install/libstatistics_collector:/Users/dhruvpatel29/backup_ros/humble-ros2/install/rcl:/Users/dhruvpatel29/backup_ros/humble-ros2/install/rmw_implementation:/Users/dhruvpatel29/backup_ros/humble-ros2/install/rmw_fastrtps_dynamic_cpp:/Users/dhruvpatel29/backup_ros/humble-ros2/install/rmw_fastrtps_cpp:/Users/dhruvpatel29/backup_ros/humble-ros2/install/rmw_fastrtps_shared_cpp:/Users/dhruvpatel29/backup_ros/humble-ros2/install/rmw_cyclonedds_cpp:/Users/dhruvpatel29/backup_ros/humble-ros2/install/tracetools:/Users/dhruvpatel29/backup_ros/humble-ros2/install/tl_expected:/Users/dhruvpatel29/backup_ros/humble-ros2/install/tinyxml_vendor:/Users/dhruvpatel29/backup_ros/humble-ros2/install/pluginlib:/Users/dhruvpatel29/backup_ros/humble-ros2/install/tinyxml2_vendor:/Users/dhruvpatel29/backup_ros/humble-ros2/install/tf2_eigen_kdl:/Users/dhruvpatel29/backup_ros/humble-ros2/install/tf2:/Users/dhruvpatel29/backup_ros/humble-ros2/install/test_rmw_implementation:/Users/dhruvpatel29/backup_ros/humble-ros2/install/test_launch_testing:/Users/dhruvpatel29/backup_ros/humble-ros2/install/test_interface_files:/Users/dhruvpatel29/backup_ros/humble-ros2/install/tcb_span:/Users/dhruvpatel29/backup_ros/humble-ros2/install/qt_gui_core:/Users/dhruvpatel29/backup_ros/humble-ros2/install/qt_gui_app:/Users/dhruvpatel29/backup_ros/humble-ros2/install/qt_gui:/Users/dhruvpatel29/backup_ros/humble-ros2/install/tango_icons_vendor:/Users/dhruvpatel29/backup_ros/humble-ros2/install/stereo_msgs:/Users/dhruvpatel29/backup_ros/humble-ros2/install/std_srvs:/Users/dhruvpatel29/backup_ros/humble-ros2/install/shape_msgs:/Users/dhruvpatel29/backup_ros/humble-ros2/install/map_msgs:/Users/dhruvpatel29/backup_ros/humble-ros2/install/cv_bridge:/Users/dhruvpatel29/backup_ros/humble-ros2/install/sensor_msgs:/Users/dhruvpatel29/backup_ros/humble-ros2/install/ros_gz_interfaces:/Users/dhruvpatel29/backup_ros/humble-ros2/install/octomap_msgs:/Users/dhruvpatel29/backup_ros/humble-ros2/install/nav_msgs:/Users/dhruvpatel29/backup_ros/humble-ros2/install/nav_2d_msgs:/Users/dhruvpatel29/backup_ros/humble-ros2/install/graph_msgs:/Users/dhruvpatel29/backup_ros/humble-ros2/install/gps_msgs:/Users/dhruvpatel29/backup_ros/humble-ros2/install/diagnostic_msgs:/Users/dhruvpatel29/backup_ros/humble-ros2/install/geometry_msgs:/Users/dhruvpatel29/backup_ros/humble-ros2/install/bond:/Users/dhruvpatel29/backup_ros/humble-ros2/install/actuator_msgs:/Users/dhruvpatel29/backup_ros/humble-ros2/install/actionlib_msgs:/Users/dhruvpatel29/backup_ros/humble-ros2/install/ackermann_msgs:/Users/dhruvpatel29/backup_ros/humble-ros2/install/std_msgs:/Users/dhruvpatel29/backup_ros/humble-ros2/install/statistics_msgs:/Users/dhruvpatel29/backup_ros/humble-ros2/install/sqlite3_vendor:/Users/dhruvpatel29/backup_ros/humble-ros2/install/rcl_logging_spdlog:/Users/dhruvpatel29/backup_ros/humble-ros2/install/spdlog_vendor:/Users/dhruvpatel29/backup_ros/humble-ros2/install/smclib:/Users/dhruvpatel29/backup_ros/humble-ros2/install/shared_queues_vendor:/Users/dhruvpatel29/backup_ros/humble-ros2/install/rviz_rendering_tests:/Users/dhruvpatel29/backup_ros/humble-ros2/install/rviz_rendering:/Users/dhruvpatel29/backup_ros/humble-ros2/install/rviz_ogre_vendor:/Users/dhruvpatel29/backup_ros/humble-ros2/install/rviz_assimp_vendor:/Users/dhruvpatel29/backup_ros/humble-ros2/install/ruckig:/Users/dhruvpatel29/backup_ros/humble-ros2/install/rmw_connextddsmicro:/Users/dhruvpatel29/backup_ros/humble-ros2/install/rmw_connextdds:/Users/dhruvpatel29/backup_ros/humble-ros2/install/rmw_connextdds_common:/Users/dhruvpatel29/backup_ros/humble-ros2/install/rti_connext_dds_cmake_module:/Users/dhruvpatel29/backup_ros/humble-ros2/install/rosgraph_msgs:/Users/dhruvpatel29/backup_ros/humble-ros2/install/rosbag2_interfaces:/Users/dhruvpatel29/backup_ros/humble-ros2/install/rmw_dds_common:/Users/dhruvpatel29/backup_ros/humble-ros2/install/composition_interfaces:/Users/dhruvpatel29/backup_ros/humble-ros2/install/rcl_interfaces:/Users/dhruvpatel29/backup_ros/humble-ros2/install/pendulum_msgs:/Users/dhruvpatel29/backup_ros/humble-ros2/install/controller_manager_msgs:/Users/dhruvpatel29/backup_ros/humble-ros2/install/lifecycle_msgs:/Users/dhruvpatel29/backup_ros/humble-ros2/install/dynamixel_sdk_custom_interfaces:/Users/dhruvpatel29/backup_ros/humble-ros2/install/builtin_interfaces:/Users/dhruvpatel29/backup_ros/humble-ros2/install/rosidl_default_runtime:/Users/dhruvpatel29/backup_ros/humble-ros2/install/rosidl_default_generators:/Users/dhruvpatel29/backup_ros/humble-ros2/install/rosidl_generator_py:/Users/dhruvpatel29/backup_ros/humble-ros2/install/rosidl_typesupport_introspection_tests:/Users/dhruvpatel29/backup_ros/humble-ros2/install/rosidl_typesupport_cpp:/Users/dhruvpatel29/backup_ros/humble-ros2/install/rosidl_typesupport_introspection_cpp:/Users/dhruvpatel29/backup_ros/humble-ros2/install/rosidl_typesupport_c:/Users/dhruvpatel29/backup_ros/humble-ros2/install/rosidl_typesupport_introspection_c:/Users/dhruvpatel29/backup_ros/humble-ros2/install/rosidl_typesupport_fastrtps_c:/Users/dhruvpatel29/backup_ros/humble-ros2/install/rosidl_typesupport_fastrtps_cpp:/Users/dhruvpatel29/backup_ros/humble-ros2/install/rosidl_generator_cpp:/Users/dhruvpatel29/backup_ros/humble-ros2/install/rosidl_runtime_cpp:/Users/dhruvpatel29/backup_ros/humble-ros2/install/rcl_yaml_param_parser:/Users/dhruvpatel29/backup_ros/humble-ros2/install/rmw:/Users/dhruvpatel29/backup_ros/humble-ros2/install/rosidl_runtime_c:/Users/dhruvpatel29/backup_ros/humble-ros2/install/rosidl_generator_c:/Users/dhruvpatel29/backup_ros/humble-ros2/install/rosidl_typesupport_interface:/Users/dhruvpatel29/backup_ros/humble-ros2/install/rosidl_generator_dds_idl:/Users/dhruvpatel29/backup_ros/humble-ros2/install/rosidl_cmake:/Users/dhruvpatel29/backup_ros/humble-ros2/install/rosidl_parser:/Users/dhruvpatel29/backup_ros/humble-ros2/install/rosidl_adapter:/Users/dhruvpatel29/backup_ros/humble-ros2/install/ros_environment:/Users/dhruvpatel29/backup_ros/humble-ros2/install/ros2_control_test_assets:/Users/dhruvpatel29/backup_ros/humble-ros2/install/ros2_control_cmake:/Users/dhruvpatel29/backup_ros/humble-ros2/install/rmw_implementation_cmake:/Users/dhruvpatel29/backup_ros/humble-ros2/install/resource_retriever:/Users/dhruvpatel29/backup_ros/humble-ros2/install/class_loader:/Users/dhruvpatel29/backup_ros/humble-ros2/install/rcpputils:/Users/dhruvpatel29/backup_ros/humble-ros2/install/rcl_logging_noop:/Users/dhruvpatel29/backup_ros/humble-ros2/install/rcl_logging_interface:/Users/dhruvpatel29/backup_ros/humble-ros2/install/rcutils:/Users/dhruvpatel29/backup_ros/humble-ros2/install/random_numbers:/Users/dhruvpatel29/backup_ros/humble-ros2/install/qt_gui_py_common:/Users/dhruvpatel29/backup_ros/humble-ros2/install/qt_dotgraph:/Users/dhruvpatel29/backup_ros/humble-ros2/install/python_qt_binding:/Users/dhruvpatel29/backup_ros/humble-ros2/install/python_orocos_kdl_vendor:/Users/dhruvpatel29/backup_ros/humble-ros2/install/launch_testing_ament_cmake:/Users/dhruvpatel29/backup_ros/humble-ros2/install/python_cmake_module:/Users/dhruvpatel29/backup_ros/humble-ros2/install/pybind11_vendor:/Users/dhruvpatel29/backup_ros/humble-ros2/install/performance_test_fixture:/Users/dhruvpatel29/backup_ros/humble-ros2/install/osrf_testing_tools_cpp:/Users/dhruvpatel29/backup_ros/humble-ros2/install/orocos_kdl_vendor:/Users/dhruvpatel29/backup_ros/humble-ros2/install/dynamic_edt_3d:/Users/dhruvpatel29/backup_ros/humble-ros2/install/octomap:/Users/dhruvpatel29/backup_ros/humble-ros2/install/nav2_costmap_filters_demo:/Users/dhruvpatel29/backup_ros/humble-ros2/install/moveit_resources_pr2_description:/Users/dhruvpatel29/backup_ros/humble-ros2/install/moveit_resources_panda_description:/Users/dhruvpatel29/backup_ros/humble-ros2/install/moveit_resources_fanuc_description:/Users/dhruvpatel29/backup_ros/humble-ros2/install/moveit_common:/Users/dhruvpatel29/backup_ros/humble-ros2/install/mimick_vendor:/Users/dhruvpatel29/backup_ros/humble-ros2/install/libyaml_vendor:/Users/dhruvpatel29/backup_ros/humble-ros2/install/libcurl_vendor:/Users/dhruvpatel29/backup_ros/humble-ros2/install/keyboard_handler:/Users/dhruvpatel29/backup_ros/humble-ros2/install/ignition-transport11:/Users/dhruvpatel29/backup_ros/humble-ros2/install/iceoryx_introspection:/Users/dhruvpatel29/backup_ros/humble-ros2/install/cyclonedds:/Users/dhruvpatel29/backup_ros/humble-ros2/install/iceoryx_posh:/Users/dhruvpatel29/backup_ros/humble-ros2/install/iceoryx_hoofs:/Users/dhruvpatel29/backup_ros/humble-ros2/install/iceoryx_binding_c:/Users/dhruvpatel29/backup_ros/humble-ros2/install/ament_cmake_ros:/Users/dhruvpatel29/backup_ros/humble-ros2/install/ament_cmake_auto:/Users/dhruvpatel29/backup_ros/humble-ros2/install/ament_cmake_gmock:/Users/dhruvpatel29/backup_ros/humble-ros2/install/gmock_vendor:/Users/dhruvpatel29/backup_ros/humble-ros2/install/ament_cmake_gtest:/Users/dhruvpatel29/backup_ros/humble-ros2/install/gtest_vendor:/Users/dhruvpatel29/backup_ros/humble-ros2/install/ament_cmake_google_benchmark:/Users/dhruvpatel29/backup_ros/humble-ros2/install/fastrtps:/Users/dhruvpatel29/backup_ros/humble-ros2/install/foonathan_memory_vendor:/Users/dhruvpatel29/backup_ros/humble-ros2/install/fastrtps_cmake_module:/Users/dhruvpatel29/backup_ros/humble-ros2/install/fastcdr:/Users/dhruvpatel29/backup_ros/humble-ros2/install/eigen_stl_containers:/Users/dhruvpatel29/backup_ros/humble-ros2/install/eigen3_cmake_module:/Users/dhruvpatel29/backup_ros/humble-ros2/install/dynamixel_sdk:/Users/dhruvpatel29/backup_ros/humble-ros2/install/console_bridge_vendor:/Users/dhruvpatel29/backup_ros/humble-ros2/install/ceres-solver-vendor:/Users/dhruvpatel29/backup_ros/humble-ros2/install/backward_ros:/Users/dhruvpatel29/backup_ros/humble-ros2/install/angles:/Users/dhruvpatel29/backup_ros/humble-ros2/install/ament_cmake_xmllint:/Users/dhruvpatel29/backup_ros/humble-ros2/install/ament_cmake_pyflakes:/Users/dhruvpatel29/backup_ros/humble-ros2/install/ament_cmake_pycodestyle:/Users/dhruvpatel29/backup_ros/humble-ros2/install/ament_cmake_pep257:/Users/dhruvpatel29/backup_ros/humble-ros2/install/ament_cmake_pclint:/Users/dhruvpatel29/backup_ros/humble-ros2/install/ament_lint_auto:/Users/dhruvpatel29/backup_ros/humble-ros2/install/ament_cmake:/Users/dhruvpatel29/backup_ros/humble-ros2/install/ament_cmake_version:/Users/dhruvpatel29/backup_ros/humble-ros2/install/ament_cmake_vendor_package:/Users/dhruvpatel29/backup_ros/humble-ros2/install/ament_cmake_pytest:/Users/dhruvpatel29/backup_ros/humble-ros2/install/ament_cmake_nose:/Users/dhruvpatel29/backup_ros/humble-ros2/install/ament_cmake_mypy:/Users/dhruvpatel29/backup_ros/humble-ros2/install/ament_cmake_lint_cmake:/Users/dhruvpatel29/backup_ros/humble-ros2/install/ament_cmake_flake8:/Users/dhruvpatel29/backup_ros/humble-ros2/install/ament_cmake_cpplint:/Users/dhruvpatel29/backup_ros/humble-ros2/install/ament_cmake_cppcheck:/Users/dhruvpatel29/backup_ros/humble-ros2/install/ament_cmake_copyright:/Users/dhruvpatel29/backup_ros/humble-ros2/install/ament_cmake_clang_tidy:/Users/dhruvpatel29/backup_ros/humble-ros2/install/ament_cmake_clang_format:/Users/dhruvpatel29/backup_ros/humble-ros2/install/ament_cmake_test:/Users/dhruvpatel29/backup_ros/humble-ros2/install/ament_cmake_target_dependencies:/Users/dhruvpatel29/backup_ros/humble-ros2/install/ament_cmake_python:/Users/dhruvpatel29/backup_ros/humble-ros2/install/ament_cmake_export_dependencies:/Users/dhruvpatel29/backup_ros/humble-ros2/install/ament_cmake_libraries:/Users/dhruvpatel29/backup_ros/humble-ros2/install/ament_cmake_include_directories:/Users/dhruvpatel29/backup_ros/humble-ros2/install/ament_cmake_gen_version_h:/Users/dhruvpatel29/backup_ros/humble-ros2/install/ament_cmake_export_targets:/Users/dhruvpatel29/backup_ros/humble-ros2/install/ament_cmake_export_link_flags:/Users/dhruvpatel29/backup_ros/humble-ros2/install/ament_cmake_export_interfaces:/Users/dhruvpatel29/backup_ros/humble-ros2/install/ament_cmake_export_libraries:/Users/dhruvpatel29/backup_ros/humble-ros2/install/ament_cmake_export_include_directories:/Users/dhruvpatel29/backup_ros/humble-ros2/install/ament_cmake_export_definitions:/Users/dhruvpatel29/backup_ros/humble-ros2/install/ament_cmake_core:/Users/dhruvpatel29/backup_ros/humble-ros2/install/ament_index_cpp:/Users/dhruvpatel29/backup_ros/humble-ros2/install/GeographicLib:/opt/homebrew/Cellar/google-benchmark/1.9.4:/Users/dhruvpatel29/humble-ros2/src/ros-commondep/boost-1.74.0/::/opt/homebrew/opt/qt@5:/opt/homebrew/opt/qt@5 SHLVL=2 _=/usr/bin/env /opt/homebrew/bin/cmake --install /Users/dhruvpatel29/humble-ros2/src/ros2_control/build/filters
[86.750s] Level 1:colcon.colcon_core.environment:checking '/Users/dhruvpatel29/humble-ros2/src/ros2_control/install/filters' for CMake module files
[86.751s] Level 1:colcon.colcon_core.environment:checking '/Users/dhruvpatel29/humble-ros2/src/ros2_control/install/filters' for CMake config files
[86.751s] Level 1:colcon.colcon_core.shell:create_environment_hook('filters', 'cmake_prefix_path')
[86.751s] INFO:colcon.colcon_core.shell:Creating environment hook '/Users/dhruvpatel29/humble-ros2/src/ros2_control/install/filters/share/filters/hook/cmake_prefix_path.ps1'
[86.751s] INFO:colcon.colcon_core.shell:Creating environment descriptor '/Users/dhruvpatel29/humble-ros2/src/ros2_control/install/filters/share/filters/hook/cmake_prefix_path.dsv'
[86.752s] INFO:colcon.colcon_core.shell:Creating environment hook '/Users/dhruvpatel29/humble-ros2/src/ros2_control/install/filters/share/filters/hook/cmake_prefix_path.sh'
[86.752s] Level 1:colcon.colcon_core.environment:checking '/Users/dhruvpatel29/humble-ros2/src/ros2_control/install/filters/lib'
[86.752s] Level 1:colcon.colcon_core.shell:create_environment_hook('filters', 'dyld_library_path')
[86.752s] INFO:colcon.colcon_core.shell:Creating environment hook '/Users/dhruvpatel29/humble-ros2/src/ros2_control/install/filters/share/filters/hook/dyld_library_path.ps1'
[86.753s] INFO:colcon.colcon_core.shell:Creating environment descriptor '/Users/dhruvpatel29/humble-ros2/src/ros2_control/install/filters/share/filters/hook/dyld_library_path.dsv'
[86.753s] INFO:colcon.colcon_core.shell:Creating environment hook '/Users/dhruvpatel29/humble-ros2/src/ros2_control/install/filters/share/filters/hook/dyld_library_path.sh'
[86.753s] Level 1:colcon.colcon_core.environment:checking '/Users/dhruvpatel29/humble-ros2/src/ros2_control/install/filters/bin'
[86.753s] Level 1:colcon.colcon_core.environment:checking '/Users/dhruvpatel29/humble-ros2/src/ros2_control/install/filters/lib/pkgconfig/filters.pc'
[86.753s] Level 1:colcon.colcon_core.environment:checking '/Users/dhruvpatel29/humble-ros2/src/ros2_control/install/filters/lib/python3.11/site-packages'
[86.753s] Level 1:colcon.colcon_core.environment:checking '/Users/dhruvpatel29/humble-ros2/src/ros2_control/install/filters/bin'
[86.753s] INFO:colcon.colcon_core.shell:Creating package script '/Users/dhruvpatel29/humble-ros2/src/ros2_control/install/filters/share/filters/package.ps1'
[86.754s] INFO:colcon.colcon_core.shell:Creating package descriptor '/Users/dhruvpatel29/humble-ros2/src/ros2_control/install/filters/share/filters/package.dsv'
[86.754s] INFO:colcon.colcon_core.shell:Creating package script '/Users/dhruvpatel29/humble-ros2/src/ros2_control/install/filters/share/filters/package.sh'
[86.754s] INFO:colcon.colcon_core.shell:Creating package script '/Users/dhruvpatel29/humble-ros2/src/ros2_control/install/filters/share/filters/package.bash'
[86.755s] INFO:colcon.colcon_core.shell:Creating package script '/Users/dhruvpatel29/humble-ros2/src/ros2_control/install/filters/share/filters/package.zsh'
[86.755s] Level 1:colcon.colcon_core.environment:create_file_with_runtime_dependencies(/Users/dhruvpatel29/humble-ros2/src/ros2_control/install/filters/share/colcon-core/packages/filters)
[86.755s] Level 1:colcon.colcon_core.environment:create_environment_scripts_only(filters)
[86.755s] Level 1:colcon.colcon_core.environment:checking '/Users/dhruvpatel29/humble-ros2/src/ros2_control/install/filters' for CMake module files
[86.756s] Level 1:colcon.colcon_core.environment:checking '/Users/dhruvpatel29/humble-ros2/src/ros2_control/install/filters' for CMake config files
[86.756s] Level 1:colcon.colcon_core.shell:create_environment_hook('filters', 'cmake_prefix_path')
[86.756s] INFO:colcon.colcon_core.shell:Creating environment hook '/Users/dhruvpatel29/humble-ros2/src/ros2_control/install/filters/share/filters/hook/cmake_prefix_path.ps1'
[86.756s] INFO:colcon.colcon_core.shell:Creating environment descriptor '/Users/dhruvpatel29/humble-ros2/src/ros2_control/install/filters/share/filters/hook/cmake_prefix_path.dsv'
[86.756s] INFO:colcon.colcon_core.shell:Creating environment hook '/Users/dhruvpatel29/humble-ros2/src/ros2_control/install/filters/share/filters/hook/cmake_prefix_path.sh'
[86.757s] Level 1:colcon.colcon_core.environment:checking '/Users/dhruvpatel29/humble-ros2/src/ros2_control/install/filters/lib'
[86.757s] Level 1:colcon.colcon_core.shell:create_environment_hook('filters', 'dyld_library_path')
[86.757s] INFO:colcon.colcon_core.shell:Creating environment hook '/Users/dhruvpatel29/humble-ros2/src/ros2_control/install/filters/share/filters/hook/dyld_library_path.ps1'
[86.757s] INFO:colcon.colcon_core.shell:Creating environment descriptor '/Users/dhruvpatel29/humble-ros2/src/ros2_control/install/filters/share/filters/hook/dyld_library_path.dsv'
[86.757s] INFO:colcon.colcon_core.shell:Creating environment hook '/Users/dhruvpatel29/humble-ros2/src/ros2_control/install/filters/share/filters/hook/dyld_library_path.sh'
[86.757s] Level 1:colcon.colcon_core.environment:checking '/Users/dhruvpatel29/humble-ros2/src/ros2_control/install/filters/bin'
[86.757s] Level 1:colcon.colcon_core.environment:checking '/Users/dhruvpatel29/humble-ros2/src/ros2_control/install/filters/lib/pkgconfig/filters.pc'
[86.757s] Level 1:colcon.colcon_core.environment:checking '/Users/dhruvpatel29/humble-ros2/src/ros2_control/install/filters/lib/python3.11/site-packages'
[86.758s] Level 1:colcon.colcon_core.environment:checking '/Users/dhruvpatel29/humble-ros2/src/ros2_control/install/filters/bin'
[86.758s] INFO:colcon.colcon_core.shell:Creating package script '/Users/dhruvpatel29/humble-ros2/src/ros2_control/install/filters/share/filters/package.ps1'
[86.758s] INFO:colcon.colcon_core.shell:Creating package descriptor '/Users/dhruvpatel29/humble-ros2/src/ros2_control/install/filters/share/filters/package.dsv'
[86.758s] INFO:colcon.colcon_core.shell:Creating package script '/Users/dhruvpatel29/humble-ros2/src/ros2_control/install/filters/share/filters/package.sh'
[86.758s] INFO:colcon.colcon_core.shell:Creating package script '/Users/dhruvpatel29/humble-ros2/src/ros2_control/install/filters/share/filters/package.bash'
[86.758s] INFO:colcon.colcon_core.shell:Creating package script '/Users/dhruvpatel29/humble-ros2/src/ros2_control/install/filters/share/filters/package.zsh'
[86.758s] Level 1:colcon.colcon_core.environment:create_file_with_runtime_dependencies(/Users/dhruvpatel29/humble-ros2/src/ros2_control/install/filters/share/colcon-core/packages/filters)
[86.759s] INFO:colcon.colcon_ros.task.ament_cmake.build:Building ROS package in '/Users/dhruvpatel29/humble-ros2/src/ros2_control/control_toolbox' with build type 'ament_cmake'
[86.759s] INFO:colcon.colcon_cmake.task.cmake.build:Building CMake package in '/Users/dhruvpatel29/humble-ros2/src/ros2_control/control_toolbox'
[86.759s] INFO:colcon.colcon_core.shell:Skip shell extension 'powershell' for command environment: Not usable outside of PowerShell
[86.759s] DEBUG:colcon.colcon_core.shell:Skip shell extension 'dsv' for command environment
[86.798s] WARNING:colcon.colcon_core.shell:The following packages are in the workspace but haven't been built:
- control_msgs
- realtime_tools
They are being used from the following locations instead:
- /Users/dhruvpatel29/humble-ros2/install/control_msgs
- /Users/dhruvpatel29/humble-ros2/install/realtime_tools
To suppress this warning ignore these packages in the workspace:
--packages-ignore control_msgs realtime_tools
[87.514s] DEBUG:colcon.colcon_core.event_handler.log_command:Invoking command in '/Users/dhruvpatel29/humble-ros2/src/ros2_control/build/control_toolbox': AMENT_PREFIX_PATH=/Users/dhruvpatel29/humble-ros2/src/ros2_control/install/filters:${AMENT_PREFIX_PATH} CMAKE_PREFIX_PATH=/Users/dhruvpatel29/humble-ros2/src/ros2_control/install/filters:/opt/homebrew/Cellar/google-benchmark/1.9.4:/Users/dhruvpatel29/humble-ros2/src/ros-commondep/boost:/Users/dhruvpatel29/humble-ros2/install/rosbag2_storage_mcap:/Users/dhruvpatel29/humble-ros2/install/rosbag2:/Users/dhruvpatel29/humble-ros2/install/rosbag2_compression_zstd:/Users/dhruvpatel29/humble-ros2/install/mcap_vendor:/Users/dhruvpatel29/humble-ros2/install/zstd_vendor:/Users/dhruvpatel29/humble-ros2/install/vision_msgs_rviz_plugins:/Users/dhruvpatel29/humble-ros2/install/test_ros_gz_bridge:/Users/dhruvpatel29/humble-ros2/install/sam_bot_description:/Users/dhruvpatel29/humble-ros2/install/rviz_visual_testing_framework:/Users/dhruvpatel29/humble-ros2/install/ros_ign:/Users/dhruvpatel29/humble-ros2/install/ros_ign_gazebo_demos:/Users/dhruvpatel29/humble-ros2/install/ros_gz:/Users/dhruvpatel29/humble-ros2/install/ros_gz_sim_demos:/Users/dhruvpatel29/humble-ros2/install/rviz2:/Users/dhruvpatel29/humble-ros2/install/nav2_rviz_plugins:/Users/dhruvpatel29/humble-ros2/install/rviz_default_plugins:/Users/dhruvpatel29/humble-ros2/install/rviz_common:/Users/dhruvpatel29/humble-ros2/install/rosbag2_py:/Users/dhruvpatel29/humble-ros2/install/rosbag2_transport:/Users/dhruvpatel29/humble-ros2/install/rosbag2_storage_default_plugins:/Users/dhruvpatel29/humble-ros2/install/rosbag2_performance_benchmarking:/Users/dhruvpatel29/humble-ros2/install/rosbag2_compression:/Users/dhruvpatel29/humble-ros2/install/rosbag2_cpp:/Users/dhruvpatel29/humble-ros2/install/rosbag2_storage:/Users/dhruvpatel29/humble-ros2/install/ros_ign_image:/Users/dhruvpatel29/humble-ros2/install/ros_ign_bridge:/Users/dhruvpatel29/humble-ros2/install/ros_gz_image:/Users/dhruvpatel29/humble-ros2/install/ros_gz_bridge:/Users/dhruvpatel29/humble-ros2/install/robot_localization:/Users/dhruvpatel29/humble-ros2/install/nav2_map_server:/Users/dhruvpatel29/humble-ros2/install/image_common:/Users/dhruvpatel29/humble-ros2/install/camera_info_manager:/Users/dhruvpatel29/humble-ros2/install/camera_calibration_parsers:/Users/dhruvpatel29/humble-ros2/install/yaml_cpp_vendor:/Users/dhruvpatel29/humble-ros2/install/moveit_resources_prbt_support:/Users/dhruvpatel29/humble-ros2/install/moveit_resources:/Users/dhruvpatel29/humble-ros2/install/moveit_resources_panda_moveit_config:/Users/dhruvpatel29/humble-ros2/install/moveit_resources_fanuc_moveit_config:/Users/dhruvpatel29/humble-ros2/install/xacro:/Users/dhruvpatel29/humble-ros2/install/warehouse_ros:/Users/dhruvpatel29/humble-ros2/install/moveit_task_constructor_msgs:/Users/dhruvpatel29/humble-ros2/install/interactive_markers:/Users/dhruvpatel29/humble-ros2/install/geometric_shapes:/Users/dhruvpatel29/humble-ros2/install/common_interfaces:/Users/dhruvpatel29/humble-ros2/install/visualization_msgs:/Users/dhruvpatel29/humble-ros2/install/vision_msgs:/Users/dhruvpatel29/humble-ros2/install/srdfdom:/Users/dhruvpatel29/humble-ros2/install/dummy_robot_bringup:/Users/dhruvpatel29/humble-ros2/install/robot_state_publisher:/Users/dhruvpatel29/humble-ros2/install/kinematics_interface_kdl:/Users/dhruvpatel29/humble-ros2/install/kdl_parser:/Users/dhruvpatel29/humble-ros2/install/joint_limits:/Users/dhruvpatel29/humble-ros2/install/urdf:/Users/dhruvpatel29/humble-ros2/install/urdfdom:/Users/dhruvpatel29/humble-ros2/install/urdf_parser_plugin:/Users/dhruvpatel29/humble-ros2/install/urdfdom_headers:/Users/dhruvpatel29/humble-ros2/install/turtlesim:/Users/dhruvpatel29/humble-ros2/install/transmission_interface:/Users/dhruvpatel29/humble-ros2/install/geometry2:/Users/dhruvpatel29/humble-ros2/install/tf2_sensor_msgs:/Users/dhruvpatel29/humble-ros2/install/test_tf2:/Users/dhruvpatel29/humble-ros2/install/tf2_kdl:/Users/dhruvpatel29/humble-ros2/install/nav_2d_utils:/Users/dhruvpatel29/humble-ros2/install/nav2_velocity_smoother:/Users/dhruvpatel29/humble-ros2/install/nav2_lifecycle_manager:/Users/dhruvpatel29/humble-ros2/install/nav2_amcl:/Users/dhruvpatel29/humble-ros2/install/nav2_util:/Users/dhruvpatel29/humble-ros2/install/tf2_geometry_msgs:/Users/dhruvpatel29/humble-ros2/install/tf2_eigen:/Users/dhruvpatel29/humble-ros2/install/tf2_bullet:/Users/dhruvpatel29/humble-ros2/install/tf2_ros:/Users/dhruvpatel29/humble-ros2/install/tf2_py:/Users/dhruvpatel29/humble-ros2/install/tf2_msgs:/Users/dhruvpatel29/humble-ros2/install/test_msgs:/Users/dhruvpatel29/humble-ros2/install/sros2_cmake:/Users/dhruvpatel29/humble-ros2/install/ros2cli_common_extensions:/Users/dhruvpatel29/humble-ros2/install/diagnostics:/Users/dhruvpatel29/humble-ros2/install/self_test:/Users/dhruvpatel29/humble-ros2/install/rqt_py_common:/Users/dhruvpatel29/humble-ros2/install/rosbag2_storage_mcap_testdata:/Users/dhruvpatel29/humble-ros2/install/ros_testing:/Users/dhruvpatel29/humble-ros2/install/ros2cli_test_interfaces:/Users/dhruvpatel29/humble-ros2/install/realtime_tools:/Users/dhruvpatel29/humble-ros2/install/quality_of_service_demo_cpp:/Users/dhruvpatel29/humble-ros2/install/nav2_common:/Users/dhruvpatel29/humble-ros2/install/image_transport:/Users/dhruvpatel29/humble-ros2/install/message_filters:/Users/dhruvpatel29/humble-ros2/install/demo_nodes_cpp:/Users/dhruvpatel29/humble-ros2/install/composition:/Users/dhruvpatel29/humble-ros2/install/laser_geometry:/Users/dhruvpatel29/humble-ros2/install/gps_tools:/Users/dhruvpatel29/humble-ros2/install/dynamixel_sdk_examples:/Users/dhruvpatel29/humble-ros2/install/diagnostic_common_diagnostics:/Users/dhruvpatel29/humble-ros2/install/diagnostic_updater:/Users/dhruvpatel29/humble-ros2/install/diagnostic_aggregator:/Users/dhruvpatel29/humble-ros2/install/rclpy:/Users/dhruvpatel29/humble-ros2/install/examples_rclcpp_minimal_action_server:/Users/dhruvpatel29/humble-ros2/install/examples_rclcpp_minimal_action_client:/Users/dhruvpatel29/humble-ros2/install/btcpp_ros2_samples:/Users/dhruvpatel29/humble-ros2/install/behaviortree_ros2:/Users/dhruvpatel29/humble-ros2/install/action_tutorials_cpp:/Users/dhruvpatel29/humble-ros2/install/rclcpp_action:/Users/dhruvpatel29/humble-ros2/install/rcl_action:/Users/dhruvpatel29/humble-ros2/install/moveit_msgs:/Users/dhruvpatel29/humble-ros2/install/object_recognition_msgs:/Users/dhruvpatel29/humble-ros2/install/nav2_msgs:/Users/dhruvpatel29/humble-ros2/install/nav2_dynamic_msgs:/Users/dhruvpatel29/humble-ros2/install/hardware_interface_testing:/Users/dhruvpatel29/humble-ros2/install/controller_interface:/Users/dhruvpatel29/humble-ros2/install/hardware_interface:/Users/dhruvpatel29/humble-ros2/install/geographic_info:/Users/dhruvpatel29/humble-ros2/install/geodesy:/Users/dhruvpatel29/humble-ros2/install/geographic_msgs:/Users/dhruvpatel29/humble-ros2/install/examples_rclcpp_wait_set:/Users/dhruvpatel29/humble-ros2/install/examples_rclcpp_minimal_service:/Users/dhruvpatel29/humble-ros2/install/examples_rclcpp_minimal_client:/Users/dhruvpatel29/humble-ros2/install/examples_rclcpp_async_client:/Users/dhruvpatel29/humble-ros2/install/example_interfaces:/Users/dhruvpatel29/humble-ros2/install/control_msgs:/Users/dhruvpatel29/humble-ros2/install/btcpp_ros2_interfaces:/Users/dhruvpatel29/humble-ros2/install/action_tutorials_interfaces:/Users/dhruvpatel29/humble-ros2/install/action_msgs:/Users/dhruvpatel29/humble-ros2/install/unique_identifier_msgs:/Users/dhruvpatel29/humble-ros2/install/ament_lint_common:/Users/dhruvpatel29/humble-ros2/install/ament_cmake_uncrustify:/Users/dhruvpatel29/humble-ros2/install/uncrustify_vendor:/Users/dhruvpatel29/humble-ros2/install/trajectory_msgs:/Users/dhruvpatel29/humble-ros2/install/topic_statistics_demo:/Users/dhruvpatel29/humble-ros2/install/test_tracetools:/Users/dhruvpatel29/humble-ros2/install/rosbag2_test_common:/Users/dhruvpatel29/humble-ros2/install/ros_ign_gazebo:/Users/dhruvpatel29/humble-ros2/install/ros_gz_sim:/Users/dhruvpatel29/humble-ros2/install/ros2lifecycle_test_fixtures:/Users/dhruvpatel29/humble-ros2/install/lifecycle:/Users/dhruvpatel29/humble-ros2/install/kinematics_interface:/Users/dhruvpatel29/humble-ros2/install/bond_core:/Users/dhruvpatel29/humble-ros2/install/bondcpp:/Users/dhruvpatel29/humble-ros2/install/rclcpp_lifecycle:/Users/dhruvpatel29/humble-ros2/install/logging_demo:/Users/dhruvpatel29/humble-ros2/install/image_tools:/Users/dhruvpatel29/humble-ros2/install/examples_rclcpp_minimal_subscriber:/Users/dhruvpatel29/humble-ros2/install/examples_rclcpp_minimal_composition:/Users/dhruvpatel29/humble-ros2/install/demo_nodes_cpp_native:/Users/dhruvpatel29/humble-ros2/install/rclcpp_components:/Users/dhruvpatel29/humble-ros2/install/nav2_voxel_grid:/Users/dhruvpatel29/humble-ros2/install/intra_process_demo:/Users/dhruvpatel29/humble-ros2/install/examples_rclcpp_multithreaded_executor:/Users/dhruvpatel29/humble-ros2/install/examples_rclcpp_minimal_timer:/Users/dhruvpatel29/humble-ros2/install/examples_rclcpp_minimal_publisher:/Users/dhruvpatel29/humble-ros2/install/examples_rclcpp_cbg_executor:/Users/dhruvpatel29/humble-ros2/install/dummy_sensors:/Users/dhruvpatel29/humble-ros2/install/dummy_map_server:/Users/dhruvpatel29/humble-ros2/install/behaviortree_cpp:/Users/dhruvpatel29/humble-ros2/install/rclcpp:/Users/dhruvpatel29/humble-ros2/install/rcl_lifecycle:/Users/dhruvpatel29/humble-ros2/install/libstatistics_collector:/Users/dhruvpatel29/humble-ros2/install/rcl:/Users/dhruvpatel29/humble-ros2/install/rmw_implementation:/Users/dhruvpatel29/humble-ros2/install/rmw_fastrtps_dynamic_cpp:/Users/dhruvpatel29/humble-ros2/install/rmw_fastrtps_cpp:/Users/dhruvpatel29/humble-ros2/install/rmw_fastrtps_shared_cpp:/Users/dhruvpatel29/humble-ros2/install/rmw_cyclonedds_cpp:/Users/dhruvpatel29/humble-ros2/install/tracetools:/Users/dhruvpatel29/humble-ros2/install/tinyxml_vendor:/Users/dhruvpatel29/humble-ros2/install/pluginlib:/Users/dhruvpatel29/humble-ros2/install/tinyxml2_vendor:/Users/dhruvpatel29/humble-ros2/install/tf2_eigen_kdl:/Users/dhruvpatel29/humble-ros2/install/tf2:/Users/dhruvpatel29/humble-ros2/install/test_security:/Users/dhruvpatel29/humble-ros2/install/test_rmw_implementation:/Users/dhruvpatel29/humble-ros2/install/test_rclcpp:/Users/dhruvpatel29/humble-ros2/install/test_quality_of_service:/Users/dhruvpatel29/humble-ros2/install/test_launch_testing:/Users/dhruvpatel29/humble-ros2/install/test_interface_files:/Users/dhruvpatel29/humble-ros2/install/test_communication:/Users/dhruvpatel29/humble-ros2/install/test_cli_remapping:/Users/dhruvpatel29/humble-ros2/install/test_cli:/Users/dhruvpatel29/humble-ros2/install/test_bond:/Users/dhruvpatel29/humble-ros2/install/qt_gui_core:/Users/dhruvpatel29/humble-ros2/install/qt_gui_app:/Users/dhruvpatel29/humble-ros2/install/qt_gui:/Users/dhruvpatel29/humble-ros2/install/tango_icons_vendor:/Users/dhruvpatel29/humble-ros2/install/stereo_msgs:/Users/dhruvpatel29/humble-ros2/install/std_srvs:/Users/dhruvpatel29/humble-ros2/install/shape_msgs:/Users/dhruvpatel29/humble-ros2/install/map_msgs:/Users/dhruvpatel29/humble-ros2/install/sensor_msgs:/Users/dhruvpatel29/humble-ros2/install/ros_ign_interfaces:/Users/dhruvpatel29/humble-ros2/install/ros_gz_interfaces:/Users/dhruvpatel29/humble-ros2/install/octomap_msgs:/Users/dhruvpatel29/humble-ros2/install/dwb_msgs:/Users/dhruvpatel29/humble-ros2/install/nav_msgs:/Users/dhruvpatel29/humble-ros2/install/nav_2d_msgs:/Users/dhruvpatel29/humble-ros2/install/graph_msgs:/Users/dhruvpatel29/humble-ros2/install/gps_msgs:/Users/dhruvpatel29/humble-ros2/install/diagnostic_msgs:/Users/dhruvpatel29/humble-ros2/install/geometry_msgs:/Users/dhruvpatel29/humble-ros2/install/bond:/Users/dhruvpatel29/humble-ros2/install/actuator_msgs:/Users/dhruvpatel29/humble-ros2/install/actionlib_msgs:/Users/dhruvpatel29/humble-ros2/install/ackermann_msgs:/Users/dhruvpatel29/humble-ros2/install/std_msgs:/Users/dhruvpatel29/humble-ros2/install/statistics_msgs:/Users/dhruvpatel29/humble-ros2/install/sqlite3_vendor:/Users/dhruvpatel29/humble-ros2/install/rcl_logging_spdlog:/Users/dhruvpatel29/humble-ros2/install/spdlog_vendor:/Users/dhruvpatel29/humble-ros2/install/smclib:/Users/dhruvpatel29/humble-ros2/install/shared_queues_vendor:/Users/dhruvpatel29/humble-ros2/install/rviz_rendering_tests:/Users/dhruvpatel29/humble-ros2/install/rviz_rendering:/Users/dhruvpatel29/humble-ros2/install/rviz_ogre_vendor:/Users/dhruvpatel29/humble-ros2/install/rviz_assimp_vendor:/Users/dhruvpatel29/humble-ros2/install/ruckig:/Users/dhruvpatel29/humble-ros2/install/rmw_connextddsmicro:/Users/dhruvpatel29/humble-ros2/install/rmw_connextdds:/Users/dhruvpatel29/humble-ros2/install/rmw_connextdds_common:/Users/dhruvpatel29/humble-ros2/install/rti_connext_dds_cmake_module:/Users/dhruvpatel29/humble-ros2/install/rosgraph_msgs:/Users/dhruvpatel29/humble-ros2/install/rosbag2_interfaces:/Users/dhruvpatel29/humble-ros2/install/rmw_dds_common:/Users/dhruvpatel29/humble-ros2/install/composition_interfaces:/Users/dhruvpatel29/humble-ros2/install/rcl_interfaces:/Users/dhruvpatel29/humble-ros2/install/pendulum_msgs:/Users/dhruvpatel29/humble-ros2/install/controller_manager_msgs:/Users/dhruvpatel29/humble-ros2/install/lifecycle_msgs:/Users/dhruvpatel29/humble-ros2/install/dynamixel_sdk_custom_interfaces:/Users/dhruvpatel29/humble-ros2/install/builtin_interfaces:/Users/dhruvpatel29/humble-ros2/install/rosidl_default_runtime:/Users/dhruvpatel29/humble-ros2/install/rosidl_default_generators:/Users/dhruvpatel29/humble-ros2/install/rosidl_generator_py:/Users/dhruvpatel29/humble-ros2/install/rosidl_typesupport_introspection_tests:/Users/dhruvpatel29/humble-ros2/install/rosidl_typesupport_cpp:/Users/dhruvpatel29/humble-ros2/install/rosidl_typesupport_introspection_cpp:/Users/dhruvpatel29/humble-ros2/install/rosidl_typesupport_c:/Users/dhruvpatel29/humble-ros2/install/rosidl_typesupport_introspection_c:/Users/dhruvpatel29/humble-ros2/install/rosidl_typesupport_fastrtps_c:/Users/dhruvpatel29/humble-ros2/install/rosidl_typesupport_fastrtps_cpp:/Users/dhruvpatel29/humble-ros2/install/rosidl_generator_cpp:/Users/dhruvpatel29/humble-ros2/install/rosidl_runtime_cpp:/Users/dhruvpatel29/humble-ros2/install/rcl_yaml_param_parser:/Users/dhruvpatel29/humble-ros2/install/rmw:/Users/dhruvpatel29/humble-ros2/install/rosidl_runtime_c:/Users/dhruvpatel29/humble-ros2/install/rosidl_generator_c:/Users/dhruvpatel29/humble-ros2/install/rosidl_typesupport_interface:/Users/dhruvpatel29/humble-ros2/install/rosidl_generator_dds_idl:/Users/dhruvpatel29/humble-ros2/install/rosidl_cmake:/Users/dhruvpatel29/humble-ros2/install/rosidl_parser:/Users/dhruvpatel29/humble-ros2/install/rosidl_adapter:/Users/dhruvpatel29/humble-ros2/install/rosbag2_tests:/Users/dhruvpatel29/humble-ros2/install/ros_environment:/Users/dhruvpatel29/humble-ros2/install/ros2_control_test_assets:/Users/dhruvpatel29/humble-ros2/install/ros2_control_cmake:/Users/dhruvpatel29/humble-ros2/install/rmw_implementation_cmake:/Users/dhruvpatel29/humble-ros2/install/resource_retriever:/Users/dhruvpatel29/humble-ros2/install/class_loader:/Users/dhruvpatel29/humble-ros2/install/rcpputils:/Users/dhruvpatel29/humble-ros2/install/rcl_logging_noop:/Users/dhruvpatel29/humble-ros2/install/rcl_logging_interface:/Users/dhruvpatel29/humble-ros2/install/rcutils:/Users/dhruvpatel29/humble-ros2/install/random_numbers:/Users/dhruvpatel29/humble-ros2/install/qt_gui_py_common:/Users/dhruvpatel29/humble-ros2/install/qt_dotgraph:/Users/dhruvpatel29/humble-ros2/install/python_qt_binding:/Users/dhruvpatel29/humble-ros2/install/python_orocos_kdl_vendor:/Users/dhruvpatel29/humble-ros2/install/launch_testing_ament_cmake:/Users/dhruvpatel29/humble-ros2/install/python_cmake_module:/Users/dhruvpatel29/humble-ros2/install/pybind11_vendor:/Users/dhruvpatel29/humble-ros2/install/performance_test_fixture:/Users/dhruvpatel29/humble-ros2/install/osrf_testing_tools_cpp:/Users/dhruvpatel29/humble-ros2/install/orocos_kdl_vendor:/Users/dhruvpatel29/humble-ros2/install/octomap-distribution:/Users/dhruvpatel29/humble-ros2/install/nav2_costmap_filters_demo:/Users/dhruvpatel29/humble-ros2/install/moveit_resources_pr2_description:/Users/dhruvpatel29/humble-ros2/install/moveit_resources_panda_description:/Users/dhruvpatel29/humble-ros2/install/moveit_resources_fanuc_description:/Users/dhruvpatel29/humble-ros2/install/moveit_common:/Users/dhruvpatel29/humble-ros2/install/mimick_vendor:/Users/dhruvpatel29/humble-ros2/install/libyaml_vendor:/Users/dhruvpatel29/humble-ros2/install/libcurl_vendor:/Users/dhruvpatel29/humble-ros2/install/keyboard_handler:/Users/dhruvpatel29/humble-ros2/install/iceoryx_introspection:/Users/dhruvpatel29/humble-ros2/install/cyclonedds:/Users/dhruvpatel29/humble-ros2/install/iceoryx_posh:/Users/dhruvpatel29/humble-ros2/install/iceoryx_hoofs:/Users/dhruvpatel29/humble-ros2/install/iceoryx_binding_c:/Users/dhruvpatel29/humble-ros2/install/gz-transport14:/Users/dhruvpatel29/humble-ros2/install/ament_cmake_ros:/Users/dhruvpatel29/humble-ros2/install/ament_cmake_auto:/Users/dhruvpatel29/humble-ros2/install/ament_cmake_gmock:/Users/dhruvpatel29/humble-ros2/install/gmock_vendor:/Users/dhruvpatel29/humble-ros2/install/ament_cmake_gtest:/Users/dhruvpatel29/humble-ros2/install/gtest_vendor:/Users/dhruvpatel29/humble-ros2/install/ament_cmake_google_benchmark:/Users/dhruvpatel29/humble-ros2/install/fastrtps:/Users/dhruvpatel29/humble-ros2/install/foonathan_memory_vendor:/Users/dhruvpatel29/humble-ros2/install/fastrtps_cmake_module:/Users/dhruvpatel29/humble-ros2/install/fastcdr:/Users/dhruvpatel29/humble-ros2/install/eigen_stl_containers:/Users/dhruvpatel29/humble-ros2/install/eigen3_cmake_module:/Users/dhruvpatel29/humble-ros2/install/dynamixel_sdk:/Users/dhruvpatel29/humble-ros2/install/diagnostic_remote_logging:/Users/dhruvpatel29/humble-ros2/install/console_bridge_vendor:/Users/dhruvpatel29/humble-ros2/install/ceres-solver:/Users/dhruvpatel29/humble-ros2/install/backward_ros:/Users/dhruvpatel29/humble-ros2/install/ament_cmake_xmllint:/Users/dhruvpatel29/humble-ros2/install/ament_cmake_pyflakes:/Users/dhruvpatel29/humble-ros2/install/ament_cmake_pycodestyle:/Users/dhruvpatel29/humble-ros2/install/ament_cmake_pep257:/Users/dhruvpatel29/humble-ros2/install/ament_cmake_pclint:/Users/dhruvpatel29/humble-ros2/install/ament_lint_auto:/Users/dhruvpatel29/humble-ros2/install/ament_cmake:/Users/dhruvpatel29/humble-ros2/install/ament_cmake_version:/Users/dhruvpatel29/humble-ros2/install/ament_cmake_vendor_package:/Users/dhruvpatel29/humble-ros2/install/ament_cmake_pytest:/Users/dhruvpatel29/humble-ros2/install/ament_cmake_nose:/Users/dhruvpatel29/humble-ros2/install/ament_cmake_mypy:/Users/dhruvpatel29/humble-ros2/install/ament_cmake_lint_cmake:/Users/dhruvpatel29/humble-ros2/install/ament_cmake_flake8:/Users/dhruvpatel29/humble-ros2/install/ament_cmake_cpplint:/Users/dhruvpatel29/humble-ros2/install/ament_cmake_cppcheck:/Users/dhruvpatel29/humble-ros2/install/ament_cmake_copyright:/Users/dhruvpatel29/humble-ros2/install/ament_cmake_clang_tidy:/Users/dhruvpatel29/humble-ros2/install/ament_cmake_clang_format:/Users/dhruvpatel29/humble-ros2/install/ament_cmake_test:/Users/dhruvpatel29/humble-ros2/install/ament_cmake_target_dependencies:/Users/dhruvpatel29/humble-ros2/install/ament_cmake_python:/Users/dhruvpatel29/humble-ros2/install/ament_cmake_export_dependencies:/Users/dhruvpatel29/humble-ros2/install/ament_cmake_libraries:/Users/dhruvpatel29/humble-ros2/install/ament_cmake_include_directories:/Users/dhruvpatel29/humble-ros2/install/ament_cmake_gen_version_h:/Users/dhruvpatel29/humble-ros2/install/ament_cmake_export_targets:/Users/dhruvpatel29/humble-ros2/install/ament_cmake_export_link_flags:/Users/dhruvpatel29/humble-ros2/install/ament_cmake_export_interfaces:/Users/dhruvpatel29/humble-ros2/install/ament_cmake_export_libraries:/Users/dhruvpatel29/humble-ros2/install/ament_cmake_export_include_directories:/Users/dhruvpatel29/humble-ros2/install/ament_cmake_export_definitions:/Users/dhruvpatel29/humble-ros2/install/ament_cmake_core:/Users/dhruvpatel29/humble-ros2/install/ament_index_cpp:/Users/dhruvpatel29/humble-ros2/install/GeographicLib:/Users/dhruvpatel29/ros2_ws/install/turtlesim_final:/Users/dhruvpatel29/ros2_ws/install/turtlecatch_bringup:/Users/dhruvpatel29/ros2_ws/install/turtlebot4_simulator:/Users/dhruvpatel29/ros2_ws/install/turtlebot4_ignition_bringup:/Users/dhruvpatel29/ros2_ws/install/turtlebot4_desktop:/Users/dhruvpatel29/ros2_ws/install/turtlebot4_viz:/Users/dhruvpatel29/ros2_ws/install/turtlebot4_node:/Users/dhruvpatel29/ros2_ws/install/turtlebot4_navigation:/Users/dhruvpatel29/ros2_ws/install/turtlebot4_ignition_toolbox:/Users/dhruvpatel29/ros2_ws/install/turtlebot4_msgs:/Users/dhruvpatel29/ros2_ws/install/turtlebot4_ignition_gui_plugins:/Users/dhruvpatel29/ros2_ws/install/turtlebot4_description:/Users/dhruvpatel29/ros2_ws/install/turtlebot3:/Users/dhruvpatel29/ros2_ws/install/turtlebot3_bringup:/Users/dhruvpatel29/ros2_ws/install/turtlebot3_node:/Users/dhruvpatel29/ros2_ws/install/turtlebot3_navigation2:/Users/dhruvpatel29/ros2_ws/install/turtlebot3_msgs:/Users/dhruvpatel29/ros2_ws/install/turtlebot3_description:/Users/dhruvpatel29/ros2_ws/install/turtlebot3_cartographer:/Users/dhruvpatel29/ros2_ws/install/robot_arm_controller:/Users/dhruvpatel29/ros2_ws/install/polygon_plugins:/Users/dhruvpatel29/ros2_ws/install/polygon_base:/Users/dhruvpatel29/ros2_ws/install/my_robot_station_bringup:/Users/dhruvpatel29/ros2_ws/install/my_robot_lifecycle_bringup:/Users/dhruvpatel29/ros2_ws/install/my_robot_bringup:/Users/dhruvpatel29/ros2_ws/install/my_cpp_pkg:/Users/dhruvpatel29/ros2_ws/install/actions_cpp:/Users/dhruvpatel29/ros2_ws/install/my_robot_interfaces:/Users/dhruvpatel29/ros2_ws/install/my_robot_bringup_gazebo:/Users/dhruvpatel29/ros2_ws/install/my_robot_description:/Users/dhruvpatel29/ros2_ws/install/moveit2_tutorials:/Users/dhruvpatel29/ros2_ws/install/lifecycle_cpp:/Users/dhruvpatel29/ros2_ws/install/irobot_create_ignition_sim:/Users/dhruvpatel29/ros2_ws/install/irobot_create_ignition_bringup:/Users/dhruvpatel29/ros2_ws/install/irobot_create_gazebo_sim:/Users/dhruvpatel29/ros2_ws/install/irobot_create_gazebo_bringup:/Users/dhruvpatel29/ros2_ws/install/irobot_create_common_bringup:/Users/dhruvpatel29/ros2_ws/install/irobot_create_nodes:/Users/dhruvpatel29/ros2_ws/install/irobot_create_ignition_toolbox:/Users/dhruvpatel29/ros2_ws/install/irobot_create_gazebo_plugins:/Users/dhruvpatel29/ros2_ws/install/irobot_create_toolbox:/Users/dhruvpatel29/ros2_ws/install/irobot_create_msgs:/Users/dhruvpatel29/ros2_ws/install/irobot_create_ignition_plugins:/Users/dhruvpatel29/ros2_ws/install/irobot_create_description:/Users/dhruvpatel29/ros2_ws/install/irobot_create_control:/Users/dhruvpatel29/ros2_ws/install/executors_cpp:/Users/dhruvpatel29/ros2_ws/install/components_cpp:/Users/dhruvpatel29/ros2_ws/install/add_two_ints_cpp:/Users/dhruvpatel29/backup_ros/humble-ros2/install/mcap_vendor:/Users/dhruvpatel29/backup_ros/humble-ros2/install/zstd_vendor:/Users/dhruvpatel29/backup_ros/humble-ros2/install/rviz_visual_testing_framework:/Users/dhruvpatel29/backup_ros/humble-ros2/install/rviz_common:/Users/dhruvpatel29/backup_ros/humble-ros2/install/rosbag2_storage:/Users/dhruvpatel29/backup_ros/humble-ros2/install/nav2_map_server:/Users/dhruvpatel29/backup_ros/humble-ros2/install/yaml_cpp_vendor:/Users/dhruvpatel29/backup_ros/humble-ros2/install/xtensor:/Users/dhruvpatel29/backup_ros/humble-ros2/install/xsimd:/Users/dhruvpatel29/backup_ros/humble-ros2/install/xtl:/Users/dhruvpatel29/backup_ros/humble-ros2/install/moveit_resources_prbt_support:/Users/dhruvpatel29/backup_ros/humble-ros2/install/moveit_resources_panda_moveit_config:/Users/dhruvpatel29/backup_ros/humble-ros2/install/moveit_resources_fanuc_moveit_config:/Users/dhruvpatel29/backup_ros/humble-ros2/install/xacro:/Users/dhruvpatel29/backup_ros/humble-ros2/install/warehouse_ros:/Users/dhruvpatel29/backup_ros/humble-ros2/install/interactive_markers:/Users/dhruvpatel29/backup_ros/humble-ros2/install/geometric_shapes:/Users/dhruvpatel29/backup_ros/humble-ros2/install/common_interfaces:/Users/dhruvpatel29/backup_ros/humble-ros2/install/visualization_msgs:/Users/dhruvpatel29/backup_ros/humble-ros2/install/vision_msgs:/Users/dhruvpatel29/backup_ros/humble-ros2/install/srdfdom:/Users/dhruvpatel29/backup_ros/humble-ros2/install/robot_state_publisher:/Users/dhruvpatel29/backup_ros/humble-ros2/install/kdl_parser:/Users/dhruvpatel29/backup_ros/humble-ros2/install/urdf:/Users/dhruvpatel29/backup_ros/humble-ros2/install/urdfdom:/Users/dhruvpatel29/backup_ros/humble-ros2/install/urdf_parser_plugin:/Users/dhruvpatel29/backup_ros/humble-ros2/install/urdfdom_headers:/Users/dhruvpatel29/backup_ros/humble-ros2/install/tf2_sensor_msgs:/Users/dhruvpatel29/backup_ros/humble-ros2/install/tf2_kdl:/Users/dhruvpatel29/backup_ros/humble-ros2/install/nav2_lifecycle_manager:/Users/dhruvpatel29/backup_ros/humble-ros2/install/nav2_util:/Users/dhruvpatel29/backup_ros/humble-ros2/install/tf2_geometry_msgs:/Users/dhruvpatel29/backup_ros/humble-ros2/install/tf2_eigen:/Users/dhruvpatel29/backup_ros/humble-ros2/install/tf2_ros:/Users/dhruvpatel29/backup_ros/humble-ros2/install/tf2_py:/Users/dhruvpatel29/backup_ros/humble-ros2/install/tf2_msgs:/Users/dhruvpatel29/backup_ros/humble-ros2/install/test_msgs:/Users/dhruvpatel29/backup_ros/humble-ros2/install/rqt_py_common:/Users/dhruvpatel29/backup_ros/humble-ros2/install/rosbag2_storage_mcap_testdata:/Users/dhruvpatel29/backup_ros/humble-ros2/install/ros_testing:/Users/dhruvpatel29/backup_ros/humble-ros2/install/controller_manager:/Users/dhruvpatel29/backup_ros/humble-ros2/install/ros2cli_test_interfaces:/Users/dhruvpatel29/backup_ros/humble-ros2/install/realtime_tools:/Users/dhruvpatel29/backup_ros/humble-ros2/install/nav2_common:/Users/dhruvpatel29/backup_ros/humble-ros2/install/image_transport:/Users/dhruvpatel29/backup_ros/humble-ros2/install/message_filters:/Users/dhruvpatel29/backup_ros/humble-ros2/install/laser_geometry:/Users/dhruvpatel29/backup_ros/humble-ros2/install/generate_parameter_library:/Users/dhruvpatel29/backup_ros/humble-ros2/install/diagnostic_updater:/Users/dhruvpatel29/backup_ros/humble-ros2/install/rclpy:/Users/dhruvpatel29/backup_ros/humble-ros2/install/rclcpp_action:/Users/dhruvpatel29/backup_ros/humble-ros2/install/rcl_action:/Users/dhruvpatel29/backup_ros/humble-ros2/install/moveit_msgs:/Users/dhruvpatel29/backup_ros/humble-ros2/install/object_recognition_msgs:/Users/dhruvpatel29/backup_ros/humble-ros2/install/nav2_msgs:/Users/dhruvpatel29/backup_ros/humble-ros2/install/hardware_interface_testing:/Users/dhruvpatel29/backup_ros/humble-ros2/install/controller_interface:/Users/dhruvpatel29/backup_ros/humble-ros2/install/hardware_interface:/Users/dhruvpatel29/backup_ros/humble-ros2/install/geographic_msgs:/Users/dhruvpatel29/backup_ros/humble-ros2/install/example_interfaces:/Users/dhruvpatel29/backup_ros/humble-ros2/install/control_msgs:/Users/dhruvpatel29/backup_ros/humble-ros2/install/btcpp_ros2_interfaces:/Users/dhruvpatel29/backup_ros/humble-ros2/install/action_tutorials_interfaces:/Users/dhruvpatel29/backup_ros/humble-ros2/install/action_msgs:/Users/dhruvpatel29/backup_ros/humble-ros2/install/unique_identifier_msgs:/Users/dhruvpatel29/backup_ros/humble-ros2/install/ament_lint_common:/Users/dhruvpatel29/backup_ros/humble-ros2/install/ament_cmake_uncrustify:/Users/dhruvpatel29/backup_ros/humble-ros2/install/uncrustify_vendor:/Users/dhruvpatel29/backup_ros/humble-ros2/install/trajectory_msgs:/Users/dhruvpatel29/backup_ros/humble-ros2/install/parameter_traits:/Users/dhruvpatel29/humble-ros2/install/rqt_bag_plugins:/Users/dhruvpatel29/humble-ros2/install/rqt_bag:/Users/dhruvpatel29/humble-ros2/install/launch_testing_examples:/Users/dhruvpatel29/humble-ros2/install/ros2bag:/Users/dhruvpatel29/humble-ros2/install/moveit_configs_utils:/Users/dhruvpatel29/humble-ros2/install/launch_param_builder:/Users/dhruvpatel29/humble-ros2/install/kf_hungarian_tracker:/Users/dhruvpatel29/humble-ros2/install/tracetools_test:/Users/dhruvpatel29/humble-ros2/install/tracetools_launch:/Users/dhruvpatel29/humble-ros2/install/topic_monitor:/Users/dhruvpatel29/humble-ros2/install/tf2_tools:/Users/dhruvpatel29/humble-ros2/install/examples_tf2_py:/Users/dhruvpatel29/humble-ros2/install/tf2_ros_py:/Users/dhruvpatel29/humble-ros2/install/sros2:/Users/dhruvpatel29/humble-ros2/install/rqt_topic:/Users/dhruvpatel29/humble-ros2/install/rqt_srv:/Users/dhruvpatel29/humble-ros2/install/rqt_shell:/Users/dhruvpatel29/humble-ros2/install/rqt_service_caller:/Users/dhruvpatel29/humble-ros2/install/rqt_reconfigure:/Users/dhruvpatel29/humble-ros2/install/rqt_py_console:/Users/dhruvpatel29/humble-ros2/install/rqt_publisher:/Users/dhruvpatel29/humble-ros2/install/rqt_plot:/Users/dhruvpatel29/humble-ros2/install/rqt_action:/Users/dhruvpatel29/humble-ros2/install/rqt_msg:/Users/dhruvpatel29/humble-ros2/install/rqt_console:/Users/dhruvpatel29/humble-ros2/install/rqt:/Users/dhruvpatel29/humble-ros2/install/rqt_joint_trajectory_controller:/Users/dhruvpatel29/humble-ros2/install/rqt_graph:/Users/dhruvpatel29/humble-ros2/install/rqt_gui_py:/Users/dhruvpatel29/humble-ros2/install/rqt_gui:/Users/dhruvpatel29/humble-ros2/install/ros2trace:/Users/dhruvpatel29/humble-ros2/install/ros2topic:/Users/dhruvpatel29/humble-ros2/install/ros2test:/Users/dhruvpatel29/humble-ros2/install/ros2component:/Users/dhruvpatel29/humble-ros2/install/ros2param:/Users/dhruvpatel29/humble-ros2/install/ros2lifecycle:/Users/dhruvpatel29/humble-ros2/install/ros2service:/Users/dhruvpatel29/humble-ros2/install/ros2run:/Users/dhruvpatel29/humble-ros2/install/ros2launch:/Users/dhruvpatel29/humble-ros2/install/ros2pkg:/Users/dhruvpatel29/humble-ros2/install/ros2node:/Users/dhruvpatel29/humble-ros2/install/ros2multicast:/Users/dhruvpatel29/humble-ros2/install/ros2interface:/Users/dhruvpatel29/humble-ros2/install/ros2doctor:/Users/dhruvpatel29/humble-ros2/install/ros2action:/Users/dhruvpatel29/humble-ros2/install/ros2cli:/Users/dhruvpatel29/humble-ros2/install/ros2_controllers_test_nodes:/Users/dhruvpatel29/humble-ros2/install/quality_of_service_demo_py:/Users/dhruvpatel29/humble-ros2/install/nav2_simple_commander:/Users/dhruvpatel29/humble-ros2/install/lifecycle_py:/Users/dhruvpatel29/humble-ros2/install/launch_testing_ros:/Users/dhruvpatel29/humble-ros2/install/launch_ros:/Users/dhruvpatel29/humble-ros2/install/examples_rclpy_pointcloud_publisher:/Users/dhruvpatel29/humble-ros2/install/examples_rclpy_minimal_subscriber:/Users/dhruvpatel29/humble-ros2/install/examples_rclpy_minimal_service:/Users/dhruvpatel29/humble-ros2/install/examples_rclpy_minimal_publisher:/Users/dhruvpatel29/humble-ros2/install/examples_rclpy_minimal_client:/Users/dhruvpatel29/humble-ros2/install/examples_rclpy_minimal_action_server:/Users/dhruvpatel29/humble-ros2/install/examples_rclpy_minimal_action_client:/Users/dhruvpatel29/humble-ros2/install/examples_rclpy_guard_conditions:/Users/dhruvpatel29/humble-ros2/install/examples_rclpy_executors:/Users/dhruvpatel29/humble-ros2/install/demo_nodes_py:/Users/dhruvpatel29/humble-ros2/install/camera_info_manager_py:/Users/dhruvpatel29/humble-ros2/install/bondpy:/Users/dhruvpatel29/humble-ros2/install/action_tutorials_py:/Users/dhruvpatel29/humble-ros2/install/ament_uncrustify:/Users/dhruvpatel29/humble-ros2/install/tracetools_trace:/Users/dhruvpatel29/humble-ros2/install/tracetools_read:/Users/dhruvpatel29/humble-ros2/install/test_tracetools_launch:/Users/dhruvpatel29/humble-ros2/install/test_launch_ros:/Users/dhruvpatel29/humble-ros2/install/sensor_msgs_py:/Users/dhruvpatel29/humble-ros2/install/rpyutils:/Users/dhruvpatel29/humble-ros2/install/rosidl_runtime_py:/Users/dhruvpatel29/humble-ros2/install/rosidl_cli:/Users/dhruvpatel29/humble-ros2/install/launch_pytest:/Users/dhruvpatel29/humble-ros2/install/launch_testing:/Users/dhruvpatel29/humble-ros2/install/launch_yaml:/Users/dhruvpatel29/humble-ros2/install/launch_xml:/Users/dhruvpatel29/humble-ros2/install/launch:/Users/dhruvpatel29/humble-ros2/install/osrf_pycommon:/Users/dhruvpatel29/humble-ros2/install/domain_coordinator:/Users/dhruvpatel29/humble-ros2/install/ament_xmllint:/Users/dhruvpatel29/humble-ros2/install/ament_pyflakes:/Users/dhruvpatel29/humble-ros2/install/ament_pycodestyle:/Users/dhruvpatel29/humble-ros2/install/ament_pep257:/Users/dhruvpatel29/humble-ros2/install/ament_pclint:/Users/dhruvpatel29/humble-ros2/install/ament_package:/Users/dhruvpatel29/humble-ros2/install/ament_mypy:/Users/dhruvpatel29/humble-ros2/install/ament_lint_cmake:/Users/dhruvpatel29/humble-ros2/install/ament_flake8:/Users/dhruvpatel29/humble-ros2/install/ament_copyright:/Users/dhruvpatel29/humble-ros2/install/ament_lint:/Users/dhruvpatel29/humble-ros2/install/ament_index_python:/Users/dhruvpatel29/humble-ros2/install/ament_cpplint:/Users/dhruvpatel29/humble-ros2/install/ament_cppcheck:/Users/dhruvpatel29/humble-ros2/install/ament_clang_tidy:/Users/dhruvpatel29/humble-ros2/install/ament_clang_format:/Users/dhruvpatel29/ros2_ws/install/turtlesim_catch_them_all:/Users/dhruvpatel29/ros2_ws/install/turtlebot3_teleop:/Users/dhruvpatel29/ros2_ws/install/turtlebot3_example:/Users/dhruvpatel29/ros2_ws/install/number_counter:/Users/dhruvpatel29/ros2_ws/install/my_py_pkg:/Users/dhruvpatel29/ros2_ws/install/actions_py:/Users/dhruvpatel29/ros2_ws/install/lifecycle_py:/Users/dhruvpatel29/ros2_ws/install/executors_py:/Users/dhruvpatel29/ros2_ws/install/components_py:/Users/dhruvpatel29/ros2_ws/install/add_two_ints:/Users/dhruvpatel29/backup_ros/humble-ros2/install/moveit_configs_utils:/Users/dhruvpatel29/backup_ros/humble-ros2/install/launch_param_builder:/Users/dhruvpatel29/backup_ros/humble-ros2/install/tf2_ros_py:/Users/dhruvpatel29/backup_ros/humble-ros2/install/rqt_gui_py:/Users/dhruvpatel29/backup_ros/humble-ros2/install/rqt_gui:/Users/dhruvpatel29/backup_ros/humble-ros2/install/ros2topic:/Users/dhruvpatel29/backup_ros/humble-ros2/install/ros2test:/Users/dhruvpatel29/backup_ros/humble-ros2/install/ros2param:/Users/dhruvpatel29/backup_ros/humble-ros2/install/ros2service:/Users/dhruvpatel29/backup_ros/humble-ros2/install/ros2run:/Users/dhruvpatel29/backup_ros/humble-ros2/install/ros2pkg:/Users/dhruvpatel29/backup_ros/humble-ros2/install/ros2node:/Users/dhruvpatel29/backup_ros/humble-ros2/install/ros2cli:/Users/dhruvpatel29/backup_ros/humble-ros2/install/launch_testing_ros:/Users/dhruvpatel29/backup_ros/humble-ros2/install/launch_ros:/Users/dhruvpatel29/backup_ros/humble-ros2/install/joint_state_publisher_gui:/Users/dhruvpatel29/backup_ros/humble-ros2/install/joint_state_publisher:/Users/dhruvpatel29/backup_ros/humble-ros2/install/ament_uncrustify:/Users/dhruvpatel29/backup_ros/humble-ros2/install/tracetools_trace:/Users/dhruvpatel29/backup_ros/humble-ros2/install/tracetools_read:/Users/dhruvpatel29/backup_ros/humble-ros2/install/sensor_msgs_py:/Users/dhruvpatel29/backup_ros/humble-ros2/install/rpyutils:/Users/dhruvpatel29/backup_ros/humble-ros2/install/rosidl_runtime_py:/Users/dhruvpatel29/backup_ros/humble-ros2/install/rosidl_cli:/Users/dhruvpatel29/backup_ros/humble-ros2/install/launch_pytest:/Users/dhruvpatel29/backup_ros/humble-ros2/install/launch_testing:/Users/dhruvpatel29/backup_ros/humble-ros2/install/launch_yaml:/Users/dhruvpatel29/backup_ros/humble-ros2/install/launch_xml:/Users/dhruvpatel29/backup_ros/humble-ros2/install/launch:/Users/dhruvpatel29/backup_ros/humble-ros2/install/osrf_pycommon:/Users/dhruvpatel29/backup_ros/humble-ros2/install/generate_parameter_library_py:/Users/dhruvpatel29/backup_ros/humble-ros2/install/domain_coordinator:/Users/dhruvpatel29/backup_ros/humble-ros2/install/ament_xmllint:/Users/dhruvpatel29/backup_ros/humble-ros2/install/ament_pyflakes:/Users/dhruvpatel29/backup_ros/humble-ros2/install/ament_pycodestyle:/Users/dhruvpatel29/backup_ros/humble-ros2/install/ament_pep257:/Users/dhruvpatel29/backup_ros/humble-ros2/install/ament_pclint:/Users/dhruvpatel29/backup_ros/humble-ros2/install/ament_package:/Users/dhruvpatel29/backup_ros/humble-ros2/install/ament_mypy:/Users/dhruvpatel29/backup_ros/humble-ros2/install/ament_lint_cmake:/Users/dhruvpatel29/backup_ros/humble-ros2/install/ament_flake8:/Users/dhruvpatel29/backup_ros/humble-ros2/install/ament_copyright:/Users/dhruvpatel29/backup_ros/humble-ros2/install/ament_lint:/Users/dhruvpatel29/backup_ros/humble-ros2/install/ament_index_python:/Users/dhruvpatel29/backup_ros/humble-ros2/install/ament_cpplint:/Users/dhruvpatel29/backup_ros/humble-ros2/install/ament_cppcheck:/Users/dhruvpatel29/backup_ros/humble-ros2/install/ament_clang_tidy:/Users/dhruvpatel29/backup_ros/humble-ros2/install/ament_clang_format:/Users/dhruvpatel29/backup_ros/humble-ros2/install/rsl:/Users/dhruvpatel29/backup_ros/humble-ros2/install/rosbag2_test_common:/Users/dhruvpatel29/backup_ros/humble-ros2/install/bondcpp:/Users/dhruvpatel29/backup_ros/humble-ros2/install/rclcpp_lifecycle:/Users/dhruvpatel29/backup_ros/humble-ros2/install/rclcpp_components:/Users/dhruvpatel29/backup_ros/humble-ros2/install/nav2_voxel_grid:/Users/dhruvpatel29/backup_ros/humble-ros2/install/rclcpp:/Users/dhruvpatel29/backup_ros/humble-ros2/install/rcl_lifecycle:/Users/dhruvpatel29/backup_ros/humble-ros2/install/libstatistics_collector:/Users/dhruvpatel29/backup_ros/humble-ros2/install/rcl:/Users/dhruvpatel29/backup_ros/humble-ros2/install/rmw_implementation:/Users/dhruvpatel29/backup_ros/humble-ros2/install/rmw_fastrtps_dynamic_cpp:/Users/dhruvpatel29/backup_ros/humble-ros2/install/rmw_fastrtps_cpp:/Users/dhruvpatel29/backup_ros/humble-ros2/install/rmw_fastrtps_shared_cpp:/Users/dhruvpatel29/backup_ros/humble-ros2/install/rmw_cyclonedds_cpp:/Users/dhruvpatel29/backup_ros/humble-ros2/install/tracetools:/Users/dhruvpatel29/backup_ros/humble-ros2/install/tl_expected:/Users/dhruvpatel29/backup_ros/humble-ros2/install/tinyxml_vendor:/Users/dhruvpatel29/backup_ros/humble-ros2/install/pluginlib:/Users/dhruvpatel29/backup_ros/humble-ros2/install/tinyxml2_vendor:/Users/dhruvpatel29/backup_ros/humble-ros2/install/tf2_eigen_kdl:/Users/dhruvpatel29/backup_ros/humble-ros2/install/tf2:/Users/dhruvpatel29/backup_ros/humble-ros2/install/test_rmw_implementation:/Users/dhruvpatel29/backup_ros/humble-ros2/install/test_launch_testing:/Users/dhruvpatel29/backup_ros/humble-ros2/install/test_interface_files:/Users/dhruvpatel29/backup_ros/humble-ros2/install/tcb_span:/Users/dhruvpatel29/backup_ros/humble-ros2/install/qt_gui_core:/Users/dhruvpatel29/backup_ros/humble-ros2/install/qt_gui_app:/Users/dhruvpatel29/backup_ros/humble-ros2/install/qt_gui:/Users/dhruvpatel29/backup_ros/humble-ros2/install/tango_icons_vendor:/Users/dhruvpatel29/backup_ros/humble-ros2/install/stereo_msgs:/Users/dhruvpatel29/backup_ros/humble-ros2/install/std_srvs:/Users/dhruvpatel29/backup_ros/humble-ros2/install/shape_msgs:/Users/dhruvpatel29/backup_ros/humble-ros2/install/map_msgs:/Users/dhruvpatel29/backup_ros/humble-ros2/install/cv_bridge:/Users/dhruvpatel29/backup_ros/humble-ros2/install/sensor_msgs:/Users/dhruvpatel29/backup_ros/humble-ros2/install/ros_gz_interfaces:/Users/dhruvpatel29/backup_ros/humble-ros2/install/octomap_msgs:/Users/dhruvpatel29/backup_ros/humble-ros2/install/nav_msgs:/Users/dhruvpatel29/backup_ros/humble-ros2/install/nav_2d_msgs:/Users/dhruvpatel29/backup_ros/humble-ros2/install/graph_msgs:/Users/dhruvpatel29/backup_ros/humble-ros2/install/gps_msgs:/Users/dhruvpatel29/backup_ros/humble-ros2/install/diagnostic_msgs:/Users/dhruvpatel29/backup_ros/humble-ros2/install/geometry_msgs:/Users/dhruvpatel29/backup_ros/humble-ros2/install/bond:/Users/dhruvpatel29/backup_ros/humble-ros2/install/actuator_msgs:/Users/dhruvpatel29/backup_ros/humble-ros2/install/actionlib_msgs:/Users/dhruvpatel29/backup_ros/humble-ros2/install/ackermann_msgs:/Users/dhruvpatel29/backup_ros/humble-ros2/install/std_msgs:/Users/dhruvpatel29/backup_ros/humble-ros2/install/statistics_msgs:/Users/dhruvpatel29/backup_ros/humble-ros2/install/sqlite3_vendor:/Users/dhruvpatel29/backup_ros/humble-ros2/install/rcl_logging_spdlog:/Users/dhruvpatel29/backup_ros/humble-ros2/install/spdlog_vendor:/Users/dhruvpatel29/backup_ros/humble-ros2/install/smclib:/Users/dhruvpatel29/backup_ros/humble-ros2/install/shared_queues_vendor:/Users/dhruvpatel29/backup_ros/humble-ros2/install/rviz_rendering_tests:/Users/dhruvpatel29/backup_ros/humble-ros2/install/rviz_rendering:/Users/dhruvpatel29/backup_ros/humble-ros2/install/rviz_ogre_vendor:/Users/dhruvpatel29/backup_ros/humble-ros2/install/rviz_assimp_vendor:/Users/dhruvpatel29/backup_ros/humble-ros2/install/ruckig:/Users/dhruvpatel29/backup_ros/humble-ros2/install/rmw_connextddsmicro:/Users/dhruvpatel29/backup_ros/humble-ros2/install/rmw_connextdds:/Users/dhruvpatel29/backup_ros/humble-ros2/install/rmw_connextdds_common:/Users/dhruvpatel29/backup_ros/humble-ros2/install/rti_connext_dds_cmake_module:/Users/dhruvpatel29/backup_ros/humble-ros2/install/rosgraph_msgs:/Users/dhruvpatel29/backup_ros/humble-ros2/install/rosbag2_interfaces:/Users/dhruvpatel29/backup_ros/humble-ros2/install/rmw_dds_common:/Users/dhruvpatel29/backup_ros/humble-ros2/install/composition_interfaces:/Users/dhruvpatel29/backup_ros/humble-ros2/install/rcl_interfaces:/Users/dhruvpatel29/backup_ros/humble-ros2/install/pendulum_msgs:/Users/dhruvpatel29/backup_ros/humble-ros2/install/controller_manager_msgs:/Users/dhruvpatel29/backup_ros/humble-ros2/install/lifecycle_msgs:/Users/dhruvpatel29/backup_ros/humble-ros2/install/dynamixel_sdk_custom_interfaces:/Users/dhruvpatel29/backup_ros/humble-ros2/install/builtin_interfaces:/Users/dhruvpatel29/backup_ros/humble-ros2/install/rosidl_default_runtime:/Users/dhruvpatel29/backup_ros/humble-ros2/install/rosidl_default_generators:/Users/dhruvpatel29/backup_ros/humble-ros2/install/rosidl_generator_py:/Users/dhruvpatel29/backup_ros/humble-ros2/install/rosidl_typesupport_introspection_tests:/Users/dhruvpatel29/backup_ros/humble-ros2/install/rosidl_typesupport_cpp:/Users/dhruvpatel29/backup_ros/humble-ros2/install/rosidl_typesupport_introspection_cpp:/Users/dhruvpatel29/backup_ros/humble-ros2/install/rosidl_typesupport_c:/Users/dhruvpatel29/backup_ros/humble-ros2/install/rosidl_typesupport_introspection_c:/Users/dhruvpatel29/backup_ros/humble-ros2/install/rosidl_typesupport_fastrtps_c:/Users/dhruvpatel29/backup_ros/humble-ros2/install/rosidl_typesupport_fastrtps_cpp:/Users/dhruvpatel29/backup_ros/humble-ros2/install/rosidl_generator_cpp:/Users/dhruvpatel29/backup_ros/humble-ros2/install/rosidl_runtime_cpp:/Users/dhruvpatel29/backup_ros/humble-ros2/install/rcl_yaml_param_parser:/Users/dhruvpatel29/backup_ros/humble-ros2/install/rmw:/Users/dhruvpatel29/backup_ros/humble-ros2/install/rosidl_runtime_c:/Users/dhruvpatel29/backup_ros/humble-ros2/install/rosidl_generator_c:/Users/dhruvpatel29/backup_ros/humble-ros2/install/rosidl_typesupport_interface:/Users/dhruvpatel29/backup_ros/humble-ros2/install/rosidl_generator_dds_idl:/Users/dhruvpatel29/backup_ros/humble-ros2/install/rosidl_cmake:/Users/dhruvpatel29/backup_ros/humble-ros2/install/rosidl_parser:/Users/dhruvpatel29/backup_ros/humble-ros2/install/rosidl_adapter:/Users/dhruvpatel29/backup_ros/humble-ros2/install/ros_environment:/Users/dhruvpatel29/backup_ros/humble-ros2/install/ros2_control_test_assets:/Users/dhruvpatel29/backup_ros/humble-ros2/install/ros2_control_cmake:/Users/dhruvpatel29/backup_ros/humble-ros2/install/rmw_implementation_cmake:/Users/dhruvpatel29/backup_ros/humble-ros2/install/resource_retriever:/Users/dhruvpatel29/backup_ros/humble-ros2/install/class_loader:/Users/dhruvpatel29/backup_ros/humble-ros2/install/rcpputils:/Users/dhruvpatel29/backup_ros/humble-ros2/install/rcl_logging_noop:/Users/dhruvpatel29/backup_ros/humble-ros2/install/rcl_logging_interface:/Users/dhruvpatel29/backup_ros/humble-ros2/install/rcutils:/Users/dhruvpatel29/backup_ros/humble-ros2/install/random_numbers:/Users/dhruvpatel29/backup_ros/humble-ros2/install/qt_gui_py_common:/Users/dhruvpatel29/backup_ros/humble-ros2/install/qt_dotgraph:/Users/dhruvpatel29/backup_ros/humble-ros2/install/python_qt_binding:/Users/dhruvpatel29/backup_ros/humble-ros2/install/python_orocos_kdl_vendor:/Users/dhruvpatel29/backup_ros/humble-ros2/install/launch_testing_ament_cmake:/Users/dhruvpatel29/backup_ros/humble-ros2/install/python_cmake_module:/Users/dhruvpatel29/backup_ros/humble-ros2/install/pybind11_vendor:/Users/dhruvpatel29/backup_ros/humble-ros2/install/performance_test_fixture:/Users/dhruvpatel29/backup_ros/humble-ros2/install/osrf_testing_tools_cpp:/Users/dhruvpatel29/backup_ros/humble-ros2/install/orocos_kdl_vendor:/Users/dhruvpatel29/backup_ros/humble-ros2/install/dynamic_edt_3d:/Users/dhruvpatel29/backup_ros/humble-ros2/install/octomap:/Users/dhruvpatel29/backup_ros/humble-ros2/install/nav2_costmap_filters_demo:/Users/dhruvpatel29/backup_ros/humble-ros2/install/moveit_resources_pr2_description:/Users/dhruvpatel29/backup_ros/humble-ros2/install/moveit_resources_panda_description:/Users/dhruvpatel29/backup_ros/humble-ros2/install/moveit_resources_fanuc_description:/Users/dhruvpatel29/backup_ros/humble-ros2/install/moveit_common:/Users/dhruvpatel29/backup_ros/humble-ros2/install/mimick_vendor:/Users/dhruvpatel29/backup_ros/humble-ros2/install/libyaml_vendor:/Users/dhruvpatel29/backup_ros/humble-ros2/install/libcurl_vendor:/Users/dhruvpatel29/backup_ros/humble-ros2/install/keyboard_handler:/Users/dhruvpatel29/backup_ros/humble-ros2/install/ignition-transport11:/Users/dhruvpatel29/backup_ros/humble-ros2/install/iceoryx_introspection:/Users/dhruvpatel29/backup_ros/humble-ros2/install/cyclonedds:/Users/dhruvpatel29/backup_ros/humble-ros2/install/iceoryx_posh:/Users/dhruvpatel29/backup_ros/humble-ros2/install/iceoryx_hoofs:/Users/dhruvpatel29/backup_ros/humble-ros2/install/iceoryx_binding_c:/Users/dhruvpatel29/backup_ros/humble-ros2/install/ament_cmake_ros:/Users/dhruvpatel29/backup_ros/humble-ros2/install/ament_cmake_auto:/Users/dhruvpatel29/backup_ros/humble-ros2/install/ament_cmake_gmock:/Users/dhruvpatel29/backup_ros/humble-ros2/install/gmock_vendor:/Users/dhruvpatel29/backup_ros/humble-ros2/install/ament_cmake_gtest:/Users/dhruvpatel29/backup_ros/humble-ros2/install/gtest_vendor:/Users/dhruvpatel29/backup_ros/humble-ros2/install/ament_cmake_google_benchmark:/Users/dhruvpatel29/backup_ros/humble-ros2/install/fastrtps:/Users/dhruvpatel29/backup_ros/humble-ros2/install/foonathan_memory_vendor:/Users/dhruvpatel29/backup_ros/humble-ros2/install/fastrtps_cmake_module:/Users/dhruvpatel29/backup_ros/humble-ros2/install/fastcdr:/Users/dhruvpatel29/backup_ros/humble-ros2/install/eigen_stl_containers:/Users/dhruvpatel29/backup_ros/humble-ros2/install/eigen3_cmake_module:/Users/dhruvpatel29/backup_ros/humble-ros2/install/dynamixel_sdk:/Users/dhruvpatel29/backup_ros/humble-ros2/install/console_bridge_vendor:/Users/dhruvpatel29/backup_ros/humble-ros2/install/ceres-solver-vendor:/Users/dhruvpatel29/backup_ros/humble-ros2/install/backward_ros:/Users/dhruvpatel29/backup_ros/humble-ros2/install/angles:/Users/dhruvpatel29/backup_ros/humble-ros2/install/ament_cmake_xmllint:/Users/dhruvpatel29/backup_ros/humble-ros2/install/ament_cmake_pyflakes:/Users/dhruvpatel29/backup_ros/humble-ros2/install/ament_cmake_pycodestyle:/Users/dhruvpatel29/backup_ros/humble-ros2/install/ament_cmake_pep257:/Users/dhruvpatel29/backup_ros/humble-ros2/install/ament_cmake_pclint:/Users/dhruvpatel29/backup_ros/humble-ros2/install/ament_lint_auto:/Users/dhruvpatel29/backup_ros/humble-ros2/install/ament_cmake:/Users/dhruvpatel29/backup_ros/humble-ros2/install/ament_cmake_version:/Users/dhruvpatel29/backup_ros/humble-ros2/install/ament_cmake_vendor_package:/Users/dhruvpatel29/backup_ros/humble-ros2/install/ament_cmake_pytest:/Users/dhruvpatel29/backup_ros/humble-ros2/install/ament_cmake_nose:/Users/dhruvpatel29/backup_ros/humble-ros2/install/ament_cmake_mypy:/Users/dhruvpatel29/backup_ros/humble-ros2/install/ament_cmake_lint_cmake:/Users/dhruvpatel29/backup_ros/humble-ros2/install/ament_cmake_flake8:/Users/dhruvpatel29/backup_ros/humble-ros2/install/ament_cmake_cpplint:/Users/dhruvpatel29/backup_ros/humble-ros2/install/ament_cmake_cppcheck:/Users/dhruvpatel29/backup_ros/humble-ros2/install/ament_cmake_copyright:/Users/dhruvpatel29/backup_ros/humble-ros2/install/ament_cmake_clang_tidy:/Users/dhruvpatel29/backup_ros/humble-ros2/install/ament_cmake_clang_format:/Users/dhruvpatel29/backup_ros/humble-ros2/install/ament_cmake_test:/Users/dhruvpatel29/backup_ros/humble-ros2/install/ament_cmake_target_dependencies:/Users/dhruvpatel29/backup_ros/humble-ros2/install/ament_cmake_python:/Users/dhruvpatel29/backup_ros/humble-ros2/install/ament_cmake_export_dependencies:/Users/dhruvpatel29/backup_ros/humble-ros2/install/ament_cmake_libraries:/Users/dhruvpatel29/backup_ros/humble-ros2/install/ament_cmake_include_directories:/Users/dhruvpatel29/backup_ros/humble-ros2/install/ament_cmake_gen_version_h:/Users/dhruvpatel29/backup_ros/humble-ros2/install/ament_cmake_export_targets:/Users/dhruvpatel29/backup_ros/humble-ros2/install/ament_cmake_export_link_flags:/Users/dhruvpatel29/backup_ros/humble-ros2/install/ament_cmake_export_interfaces:/Users/dhruvpatel29/backup_ros/humble-ros2/install/ament_cmake_export_libraries:/Users/dhruvpatel29/backup_ros/humble-ros2/install/ament_cmake_export_include_directories:/Users/dhruvpatel29/backup_ros/humble-ros2/install/ament_cmake_export_definitions:/Users/dhruvpatel29/backup_ros/humble-ros2/install/ament_cmake_core:/Users/dhruvpatel29/backup_ros/humble-ros2/install/ament_index_cpp:/Users/dhruvpatel29/backup_ros/humble-ros2/install/GeographicLib:/opt/homebrew/Cellar/google-benchmark/1.9.4:/Users/dhruvpatel29/humble-ros2/src/ros-commondep/boost-1.74.0/:/opt/homebrew/opt/qt@5:/opt/homebrew/opt/qt@5 DYLD_LIBRARY_PATH=/Users/dhruvpatel29/humble-ros2/src/ros2_control/install/filters/lib:${DYLD_LIBRARY_PATH} SHLVL=2 _=/usr/bin/env /opt/homebrew/bin/cmake /Users/dhruvpatel29/humble-ros2/src/ros2_control/control_toolbox -DCMAKE_EXE_LINKER_FLAGS="" -DCMAKE_SHARED_LINKER_FLAGS="" -DCMAKE_MODULE_LINKER_FLAGS="" -DAMENT_CMAKE_SYMLINK_INSTALL=1 -DCMAKE_INSTALL_PREFIX=/Users/dhruvpatel29/humble-ros2/src/ros2_control/install/control_toolbox
[115.303s] DEBUG:colcon.colcon_core.event_handler.log_command:Invoked command in '/Users/dhruvpatel29/humble-ros2/src/ros2_control/build/control_toolbox' returned '0': AMENT_PREFIX_PATH=/Users/dhruvpatel29/humble-ros2/src/ros2_control/install/filters:${AMENT_PREFIX_PATH} CMAKE_PREFIX_PATH=/Users/dhruvpatel29/humble-ros2/src/ros2_control/install/filters:/opt/homebrew/Cellar/google-benchmark/1.9.4:/Users/dhruvpatel29/humble-ros2/src/ros-commondep/boost:/Users/dhruvpatel29/humble-ros2/install/rosbag2_storage_mcap:/Users/dhruvpatel29/humble-ros2/install/rosbag2:/Users/dhruvpatel29/humble-ros2/install/rosbag2_compression_zstd:/Users/dhruvpatel29/humble-ros2/install/mcap_vendor:/Users/dhruvpatel29/humble-ros2/install/zstd_vendor:/Users/dhruvpatel29/humble-ros2/install/vision_msgs_rviz_plugins:/Users/dhruvpatel29/humble-ros2/install/test_ros_gz_bridge:/Users/dhruvpatel29/humble-ros2/install/sam_bot_description:/Users/dhruvpatel29/humble-ros2/install/rviz_visual_testing_framework:/Users/dhruvpatel29/humble-ros2/install/ros_ign:/Users/dhruvpatel29/humble-ros2/install/ros_ign_gazebo_demos:/Users/dhruvpatel29/humble-ros2/install/ros_gz:/Users/dhruvpatel29/humble-ros2/install/ros_gz_sim_demos:/Users/dhruvpatel29/humble-ros2/install/rviz2:/Users/dhruvpatel29/humble-ros2/install/nav2_rviz_plugins:/Users/dhruvpatel29/humble-ros2/install/rviz_default_plugins:/Users/dhruvpatel29/humble-ros2/install/rviz_common:/Users/dhruvpatel29/humble-ros2/install/rosbag2_py:/Users/dhruvpatel29/humble-ros2/install/rosbag2_transport:/Users/dhruvpatel29/humble-ros2/install/rosbag2_storage_default_plugins:/Users/dhruvpatel29/humble-ros2/install/rosbag2_performance_benchmarking:/Users/dhruvpatel29/humble-ros2/install/rosbag2_compression:/Users/dhruvpatel29/humble-ros2/install/rosbag2_cpp:/Users/dhruvpatel29/humble-ros2/install/rosbag2_storage:/Users/dhruvpatel29/humble-ros2/install/ros_ign_image:/Users/dhruvpatel29/humble-ros2/install/ros_ign_bridge:/Users/dhruvpatel29/humble-ros2/install/ros_gz_image:/Users/dhruvpatel29/humble-ros2/install/ros_gz_bridge:/Users/dhruvpatel29/humble-ros2/install/robot_localization:/Users/dhruvpatel29/humble-ros2/install/nav2_map_server:/Users/dhruvpatel29/humble-ros2/install/image_common:/Users/dhruvpatel29/humble-ros2/install/camera_info_manager:/Users/dhruvpatel29/humble-ros2/install/camera_calibration_parsers:/Users/dhruvpatel29/humble-ros2/install/yaml_cpp_vendor:/Users/dhruvpatel29/humble-ros2/install/moveit_resources_prbt_support:/Users/dhruvpatel29/humble-ros2/install/moveit_resources:/Users/dhruvpatel29/humble-ros2/install/moveit_resources_panda_moveit_config:/Users/dhruvpatel29/humble-ros2/install/moveit_resources_fanuc_moveit_config:/Users/dhruvpatel29/humble-ros2/install/xacro:/Users/dhruvpatel29/humble-ros2/install/warehouse_ros:/Users/dhruvpatel29/humble-ros2/install/moveit_task_constructor_msgs:/Users/dhruvpatel29/humble-ros2/install/interactive_markers:/Users/dhruvpatel29/humble-ros2/install/geometric_shapes:/Users/dhruvpatel29/humble-ros2/install/common_interfaces:/Users/dhruvpatel29/humble-ros2/install/visualization_msgs:/Users/dhruvpatel29/humble-ros2/install/vision_msgs:/Users/dhruvpatel29/humble-ros2/install/srdfdom:/Users/dhruvpatel29/humble-ros2/install/dummy_robot_bringup:/Users/dhruvpatel29/humble-ros2/install/robot_state_publisher:/Users/dhruvpatel29/humble-ros2/install/kinematics_interface_kdl:/Users/dhruvpatel29/humble-ros2/install/kdl_parser:/Users/dhruvpatel29/humble-ros2/install/joint_limits:/Users/dhruvpatel29/humble-ros2/install/urdf:/Users/dhruvpatel29/humble-ros2/install/urdfdom:/Users/dhruvpatel29/humble-ros2/install/urdf_parser_plugin:/Users/dhruvpatel29/humble-ros2/install/urdfdom_headers:/Users/dhruvpatel29/humble-ros2/install/turtlesim:/Users/dhruvpatel29/humble-ros2/install/transmission_interface:/Users/dhruvpatel29/humble-ros2/install/geometry2:/Users/dhruvpatel29/humble-ros2/install/tf2_sensor_msgs:/Users/dhruvpatel29/humble-ros2/install/test_tf2:/Users/dhruvpatel29/humble-ros2/install/tf2_kdl:/Users/dhruvpatel29/humble-ros2/install/nav_2d_utils:/Users/dhruvpatel29/humble-ros2/install/nav2_velocity_smoother:/Users/dhruvpatel29/humble-ros2/install/nav2_lifecycle_manager:/Users/dhruvpatel29/humble-ros2/install/nav2_amcl:/Users/dhruvpatel29/humble-ros2/install/nav2_util:/Users/dhruvpatel29/humble-ros2/install/tf2_geometry_msgs:/Users/dhruvpatel29/humble-ros2/install/tf2_eigen:/Users/dhruvpatel29/humble-ros2/install/tf2_bullet:/Users/dhruvpatel29/humble-ros2/install/tf2_ros:/Users/dhruvpatel29/humble-ros2/install/tf2_py:/Users/dhruvpatel29/humble-ros2/install/tf2_msgs:/Users/dhruvpatel29/humble-ros2/install/test_msgs:/Users/dhruvpatel29/humble-ros2/install/sros2_cmake:/Users/dhruvpatel29/humble-ros2/install/ros2cli_common_extensions:/Users/dhruvpatel29/humble-ros2/install/diagnostics:/Users/dhruvpatel29/humble-ros2/install/self_test:/Users/dhruvpatel29/humble-ros2/install/rqt_py_common:/Users/dhruvpatel29/humble-ros2/install/rosbag2_storage_mcap_testdata:/Users/dhruvpatel29/humble-ros2/install/ros_testing:/Users/dhruvpatel29/humble-ros2/install/ros2cli_test_interfaces:/Users/dhruvpatel29/humble-ros2/install/realtime_tools:/Users/dhruvpatel29/humble-ros2/install/quality_of_service_demo_cpp:/Users/dhruvpatel29/humble-ros2/install/nav2_common:/Users/dhruvpatel29/humble-ros2/install/image_transport:/Users/dhruvpatel29/humble-ros2/install/message_filters:/Users/dhruvpatel29/humble-ros2/install/demo_nodes_cpp:/Users/dhruvpatel29/humble-ros2/install/composition:/Users/dhruvpatel29/humble-ros2/install/laser_geometry:/Users/dhruvpatel29/humble-ros2/install/gps_tools:/Users/dhruvpatel29/humble-ros2/install/dynamixel_sdk_examples:/Users/dhruvpatel29/humble-ros2/install/diagnostic_common_diagnostics:/Users/dhruvpatel29/humble-ros2/install/diagnostic_updater:/Users/dhruvpatel29/humble-ros2/install/diagnostic_aggregator:/Users/dhruvpatel29/humble-ros2/install/rclpy:/Users/dhruvpatel29/humble-ros2/install/examples_rclcpp_minimal_action_server:/Users/dhruvpatel29/humble-ros2/install/examples_rclcpp_minimal_action_client:/Users/dhruvpatel29/humble-ros2/install/btcpp_ros2_samples:/Users/dhruvpatel29/humble-ros2/install/behaviortree_ros2:/Users/dhruvpatel29/humble-ros2/install/action_tutorials_cpp:/Users/dhruvpatel29/humble-ros2/install/rclcpp_action:/Users/dhruvpatel29/humble-ros2/install/rcl_action:/Users/dhruvpatel29/humble-ros2/install/moveit_msgs:/Users/dhruvpatel29/humble-ros2/install/object_recognition_msgs:/Users/dhruvpatel29/humble-ros2/install/nav2_msgs:/Users/dhruvpatel29/humble-ros2/install/nav2_dynamic_msgs:/Users/dhruvpatel29/humble-ros2/install/hardware_interface_testing:/Users/dhruvpatel29/humble-ros2/install/controller_interface:/Users/dhruvpatel29/humble-ros2/install/hardware_interface:/Users/dhruvpatel29/humble-ros2/install/geographic_info:/Users/dhruvpatel29/humble-ros2/install/geodesy:/Users/dhruvpatel29/humble-ros2/install/geographic_msgs:/Users/dhruvpatel29/humble-ros2/install/examples_rclcpp_wait_set:/Users/dhruvpatel29/humble-ros2/install/examples_rclcpp_minimal_service:/Users/dhruvpatel29/humble-ros2/install/examples_rclcpp_minimal_client:/Users/dhruvpatel29/humble-ros2/install/examples_rclcpp_async_client:/Users/dhruvpatel29/humble-ros2/install/example_interfaces:/Users/dhruvpatel29/humble-ros2/install/control_msgs:/Users/dhruvpatel29/humble-ros2/install/btcpp_ros2_interfaces:/Users/dhruvpatel29/humble-ros2/install/action_tutorials_interfaces:/Users/dhruvpatel29/humble-ros2/install/action_msgs:/Users/dhruvpatel29/humble-ros2/install/unique_identifier_msgs:/Users/dhruvpatel29/humble-ros2/install/ament_lint_common:/Users/dhruvpatel29/humble-ros2/install/ament_cmake_uncrustify:/Users/dhruvpatel29/humble-ros2/install/uncrustify_vendor:/Users/dhruvpatel29/humble-ros2/install/trajectory_msgs:/Users/dhruvpatel29/humble-ros2/install/topic_statistics_demo:/Users/dhruvpatel29/humble-ros2/install/test_tracetools:/Users/dhruvpatel29/humble-ros2/install/rosbag2_test_common:/Users/dhruvpatel29/humble-ros2/install/ros_ign_gazebo:/Users/dhruvpatel29/humble-ros2/install/ros_gz_sim:/Users/dhruvpatel29/humble-ros2/install/ros2lifecycle_test_fixtures:/Users/dhruvpatel29/humble-ros2/install/lifecycle:/Users/dhruvpatel29/humble-ros2/install/kinematics_interface:/Users/dhruvpatel29/humble-ros2/install/bond_core:/Users/dhruvpatel29/humble-ros2/install/bondcpp:/Users/dhruvpatel29/humble-ros2/install/rclcpp_lifecycle:/Users/dhruvpatel29/humble-ros2/install/logging_demo:/Users/dhruvpatel29/humble-ros2/install/image_tools:/Users/dhruvpatel29/humble-ros2/install/examples_rclcpp_minimal_subscriber:/Users/dhruvpatel29/humble-ros2/install/examples_rclcpp_minimal_composition:/Users/dhruvpatel29/humble-ros2/install/demo_nodes_cpp_native:/Users/dhruvpatel29/humble-ros2/install/rclcpp_components:/Users/dhruvpatel29/humble-ros2/install/nav2_voxel_grid:/Users/dhruvpatel29/humble-ros2/install/intra_process_demo:/Users/dhruvpatel29/humble-ros2/install/examples_rclcpp_multithreaded_executor:/Users/dhruvpatel29/humble-ros2/install/examples_rclcpp_minimal_timer:/Users/dhruvpatel29/humble-ros2/install/examples_rclcpp_minimal_publisher:/Users/dhruvpatel29/humble-ros2/install/examples_rclcpp_cbg_executor:/Users/dhruvpatel29/humble-ros2/install/dummy_sensors:/Users/dhruvpatel29/humble-ros2/install/dummy_map_server:/Users/dhruvpatel29/humble-ros2/install/behaviortree_cpp:/Users/dhruvpatel29/humble-ros2/install/rclcpp:/Users/dhruvpatel29/humble-ros2/install/rcl_lifecycle:/Users/dhruvpatel29/humble-ros2/install/libstatistics_collector:/Users/dhruvpatel29/humble-ros2/install/rcl:/Users/dhruvpatel29/humble-ros2/install/rmw_implementation:/Users/dhruvpatel29/humble-ros2/install/rmw_fastrtps_dynamic_cpp:/Users/dhruvpatel29/humble-ros2/install/rmw_fastrtps_cpp:/Users/dhruvpatel29/humble-ros2/install/rmw_fastrtps_shared_cpp:/Users/dhruvpatel29/humble-ros2/install/rmw_cyclonedds_cpp:/Users/dhruvpatel29/humble-ros2/install/tracetools:/Users/dhruvpatel29/humble-ros2/install/tinyxml_vendor:/Users/dhruvpatel29/humble-ros2/install/pluginlib:/Users/dhruvpatel29/humble-ros2/install/tinyxml2_vendor:/Users/dhruvpatel29/humble-ros2/install/tf2_eigen_kdl:/Users/dhruvpatel29/humble-ros2/install/tf2:/Users/dhruvpatel29/humble-ros2/install/test_security:/Users/dhruvpatel29/humble-ros2/install/test_rmw_implementation:/Users/dhruvpatel29/humble-ros2/install/test_rclcpp:/Users/dhruvpatel29/humble-ros2/install/test_quality_of_service:/Users/dhruvpatel29/humble-ros2/install/test_launch_testing:/Users/dhruvpatel29/humble-ros2/install/test_interface_files:/Users/dhruvpatel29/humble-ros2/install/test_communication:/Users/dhruvpatel29/humble-ros2/install/test_cli_remapping:/Users/dhruvpatel29/humble-ros2/install/test_cli:/Users/dhruvpatel29/humble-ros2/install/test_bond:/Users/dhruvpatel29/humble-ros2/install/qt_gui_core:/Users/dhruvpatel29/humble-ros2/install/qt_gui_app:/Users/dhruvpatel29/humble-ros2/install/qt_gui:/Users/dhruvpatel29/humble-ros2/install/tango_icons_vendor:/Users/dhruvpatel29/humble-ros2/install/stereo_msgs:/Users/dhruvpatel29/humble-ros2/install/std_srvs:/Users/dhruvpatel29/humble-ros2/install/shape_msgs:/Users/dhruvpatel29/humble-ros2/install/map_msgs:/Users/dhruvpatel29/humble-ros2/install/sensor_msgs:/Users/dhruvpatel29/humble-ros2/install/ros_ign_interfaces:/Users/dhruvpatel29/humble-ros2/install/ros_gz_interfaces:/Users/dhruvpatel29/humble-ros2/install/octomap_msgs:/Users/dhruvpatel29/humble-ros2/install/dwb_msgs:/Users/dhruvpatel29/humble-ros2/install/nav_msgs:/Users/dhruvpatel29/humble-ros2/install/nav_2d_msgs:/Users/dhruvpatel29/humble-ros2/install/graph_msgs:/Users/dhruvpatel29/humble-ros2/install/gps_msgs:/Users/dhruvpatel29/humble-ros2/install/diagnostic_msgs:/Users/dhruvpatel29/humble-ros2/install/geometry_msgs:/Users/dhruvpatel29/humble-ros2/install/bond:/Users/dhruvpatel29/humble-ros2/install/actuator_msgs:/Users/dhruvpatel29/humble-ros2/install/actionlib_msgs:/Users/dhruvpatel29/humble-ros2/install/ackermann_msgs:/Users/dhruvpatel29/humble-ros2/install/std_msgs:/Users/dhruvpatel29/humble-ros2/install/statistics_msgs:/Users/dhruvpatel29/humble-ros2/install/sqlite3_vendor:/Users/dhruvpatel29/humble-ros2/install/rcl_logging_spdlog:/Users/dhruvpatel29/humble-ros2/install/spdlog_vendor:/Users/dhruvpatel29/humble-ros2/install/smclib:/Users/dhruvpatel29/humble-ros2/install/shared_queues_vendor:/Users/dhruvpatel29/humble-ros2/install/rviz_rendering_tests:/Users/dhruvpatel29/humble-ros2/install/rviz_rendering:/Users/dhruvpatel29/humble-ros2/install/rviz_ogre_vendor:/Users/dhruvpatel29/humble-ros2/install/rviz_assimp_vendor:/Users/dhruvpatel29/humble-ros2/install/ruckig:/Users/dhruvpatel29/humble-ros2/install/rmw_connextddsmicro:/Users/dhruvpatel29/humble-ros2/install/rmw_connextdds:/Users/dhruvpatel29/humble-ros2/install/rmw_connextdds_common:/Users/dhruvpatel29/humble-ros2/install/rti_connext_dds_cmake_module:/Users/dhruvpatel29/humble-ros2/install/rosgraph_msgs:/Users/dhruvpatel29/humble-ros2/install/rosbag2_interfaces:/Users/dhruvpatel29/humble-ros2/install/rmw_dds_common:/Users/dhruvpatel29/humble-ros2/install/composition_interfaces:/Users/dhruvpatel29/humble-ros2/install/rcl_interfaces:/Users/dhruvpatel29/humble-ros2/install/pendulum_msgs:/Users/dhruvpatel29/humble-ros2/install/controller_manager_msgs:/Users/dhruvpatel29/humble-ros2/install/lifecycle_msgs:/Users/dhruvpatel29/humble-ros2/install/dynamixel_sdk_custom_interfaces:/Users/dhruvpatel29/humble-ros2/install/builtin_interfaces:/Users/dhruvpatel29/humble-ros2/install/rosidl_default_runtime:/Users/dhruvpatel29/humble-ros2/install/rosidl_default_generators:/Users/dhruvpatel29/humble-ros2/install/rosidl_generator_py:/Users/dhruvpatel29/humble-ros2/install/rosidl_typesupport_introspection_tests:/Users/dhruvpatel29/humble-ros2/install/rosidl_typesupport_cpp:/Users/dhruvpatel29/humble-ros2/install/rosidl_typesupport_introspection_cpp:/Users/dhruvpatel29/humble-ros2/install/rosidl_typesupport_c:/Users/dhruvpatel29/humble-ros2/install/rosidl_typesupport_introspection_c:/Users/dhruvpatel29/humble-ros2/install/rosidl_typesupport_fastrtps_c:/Users/dhruvpatel29/humble-ros2/install/rosidl_typesupport_fastrtps_cpp:/Users/dhruvpatel29/humble-ros2/install/rosidl_generator_cpp:/Users/dhruvpatel29/humble-ros2/install/rosidl_runtime_cpp:/Users/dhruvpatel29/humble-ros2/install/rcl_yaml_param_parser:/Users/dhruvpatel29/humble-ros2/install/rmw:/Users/dhruvpatel29/humble-ros2/install/rosidl_runtime_c:/Users/dhruvpatel29/humble-ros2/install/rosidl_generator_c:/Users/dhruvpatel29/humble-ros2/install/rosidl_typesupport_interface:/Users/dhruvpatel29/humble-ros2/install/rosidl_generator_dds_idl:/Users/dhruvpatel29/humble-ros2/install/rosidl_cmake:/Users/dhruvpatel29/humble-ros2/install/rosidl_parser:/Users/dhruvpatel29/humble-ros2/install/rosidl_adapter:/Users/dhruvpatel29/humble-ros2/install/rosbag2_tests:/Users/dhruvpatel29/humble-ros2/install/ros_environment:/Users/dhruvpatel29/humble-ros2/install/ros2_control_test_assets:/Users/dhruvpatel29/humble-ros2/install/ros2_control_cmake:/Users/dhruvpatel29/humble-ros2/install/rmw_implementation_cmake:/Users/dhruvpatel29/humble-ros2/install/resource_retriever:/Users/dhruvpatel29/humble-ros2/install/class_loader:/Users/dhruvpatel29/humble-ros2/install/rcpputils:/Users/dhruvpatel29/humble-ros2/install/rcl_logging_noop:/Users/dhruvpatel29/humble-ros2/install/rcl_logging_interface:/Users/dhruvpatel29/humble-ros2/install/rcutils:/Users/dhruvpatel29/humble-ros2/install/random_numbers:/Users/dhruvpatel29/humble-ros2/install/qt_gui_py_common:/Users/dhruvpatel29/humble-ros2/install/qt_dotgraph:/Users/dhruvpatel29/humble-ros2/install/python_qt_binding:/Users/dhruvpatel29/humble-ros2/install/python_orocos_kdl_vendor:/Users/dhruvpatel29/humble-ros2/install/launch_testing_ament_cmake:/Users/dhruvpatel29/humble-ros2/install/python_cmake_module:/Users/dhruvpatel29/humble-ros2/install/pybind11_vendor:/Users/dhruvpatel29/humble-ros2/install/performance_test_fixture:/Users/dhruvpatel29/humble-ros2/install/osrf_testing_tools_cpp:/Users/dhruvpatel29/humble-ros2/install/orocos_kdl_vendor:/Users/dhruvpatel29/humble-ros2/install/octomap-distribution:/Users/dhruvpatel29/humble-ros2/install/nav2_costmap_filters_demo:/Users/dhruvpatel29/humble-ros2/install/moveit_resources_pr2_description:/Users/dhruvpatel29/humble-ros2/install/moveit_resources_panda_description:/Users/dhruvpatel29/humble-ros2/install/moveit_resources_fanuc_description:/Users/dhruvpatel29/humble-ros2/install/moveit_common:/Users/dhruvpatel29/humble-ros2/install/mimick_vendor:/Users/dhruvpatel29/humble-ros2/install/libyaml_vendor:/Users/dhruvpatel29/humble-ros2/install/libcurl_vendor:/Users/dhruvpatel29/humble-ros2/install/keyboard_handler:/Users/dhruvpatel29/humble-ros2/install/iceoryx_introspection:/Users/dhruvpatel29/humble-ros2/install/cyclonedds:/Users/dhruvpatel29/humble-ros2/install/iceoryx_posh:/Users/dhruvpatel29/humble-ros2/install/iceoryx_hoofs:/Users/dhruvpatel29/humble-ros2/install/iceoryx_binding_c:/Users/dhruvpatel29/humble-ros2/install/gz-transport14:/Users/dhruvpatel29/humble-ros2/install/ament_cmake_ros:/Users/dhruvpatel29/humble-ros2/install/ament_cmake_auto:/Users/dhruvpatel29/humble-ros2/install/ament_cmake_gmock:/Users/dhruvpatel29/humble-ros2/install/gmock_vendor:/Users/dhruvpatel29/humble-ros2/install/ament_cmake_gtest:/Users/dhruvpatel29/humble-ros2/install/gtest_vendor:/Users/dhruvpatel29/humble-ros2/install/ament_cmake_google_benchmark:/Users/dhruvpatel29/humble-ros2/install/fastrtps:/Users/dhruvpatel29/humble-ros2/install/foonathan_memory_vendor:/Users/dhruvpatel29/humble-ros2/install/fastrtps_cmake_module:/Users/dhruvpatel29/humble-ros2/install/fastcdr:/Users/dhruvpatel29/humble-ros2/install/eigen_stl_containers:/Users/dhruvpatel29/humble-ros2/install/eigen3_cmake_module:/Users/dhruvpatel29/humble-ros2/install/dynamixel_sdk:/Users/dhruvpatel29/humble-ros2/install/diagnostic_remote_logging:/Users/dhruvpatel29/humble-ros2/install/console_bridge_vendor:/Users/dhruvpatel29/humble-ros2/install/ceres-solver:/Users/dhruvpatel29/humble-ros2/install/backward_ros:/Users/dhruvpatel29/humble-ros2/install/ament_cmake_xmllint:/Users/dhruvpatel29/humble-ros2/install/ament_cmake_pyflakes:/Users/dhruvpatel29/humble-ros2/install/ament_cmake_pycodestyle:/Users/dhruvpatel29/humble-ros2/install/ament_cmake_pep257:/Users/dhruvpatel29/humble-ros2/install/ament_cmake_pclint:/Users/dhruvpatel29/humble-ros2/install/ament_lint_auto:/Users/dhruvpatel29/humble-ros2/install/ament_cmake:/Users/dhruvpatel29/humble-ros2/install/ament_cmake_version:/Users/dhruvpatel29/humble-ros2/install/ament_cmake_vendor_package:/Users/dhruvpatel29/humble-ros2/install/ament_cmake_pytest:/Users/dhruvpatel29/humble-ros2/install/ament_cmake_nose:/Users/dhruvpatel29/humble-ros2/install/ament_cmake_mypy:/Users/dhruvpatel29/humble-ros2/install/ament_cmake_lint_cmake:/Users/dhruvpatel29/humble-ros2/install/ament_cmake_flake8:/Users/dhruvpatel29/humble-ros2/install/ament_cmake_cpplint:/Users/dhruvpatel29/humble-ros2/install/ament_cmake_cppcheck:/Users/dhruvpatel29/humble-ros2/install/ament_cmake_copyright:/Users/dhruvpatel29/humble-ros2/install/ament_cmake_clang_tidy:/Users/dhruvpatel29/humble-ros2/install/ament_cmake_clang_format:/Users/dhruvpatel29/humble-ros2/install/ament_cmake_test:/Users/dhruvpatel29/humble-ros2/install/ament_cmake_target_dependencies:/Users/dhruvpatel29/humble-ros2/install/ament_cmake_python:/Users/dhruvpatel29/humble-ros2/install/ament_cmake_export_dependencies:/Users/dhruvpatel29/humble-ros2/install/ament_cmake_libraries:/Users/dhruvpatel29/humble-ros2/install/ament_cmake_include_directories:/Users/dhruvpatel29/humble-ros2/install/ament_cmake_gen_version_h:/Users/dhruvpatel29/humble-ros2/install/ament_cmake_export_targets:/Users/dhruvpatel29/humble-ros2/install/ament_cmake_export_link_flags:/Users/dhruvpatel29/humble-ros2/install/ament_cmake_export_interfaces:/Users/dhruvpatel29/humble-ros2/install/ament_cmake_export_libraries:/Users/dhruvpatel29/humble-ros2/install/ament_cmake_export_include_directories:/Users/dhruvpatel29/humble-ros2/install/ament_cmake_export_definitions:/Users/dhruvpatel29/humble-ros2/install/ament_cmake_core:/Users/dhruvpatel29/humble-ros2/install/ament_index_cpp:/Users/dhruvpatel29/humble-ros2/install/GeographicLib:/Users/dhruvpatel29/ros2_ws/install/turtlesim_final:/Users/dhruvpatel29/ros2_ws/install/turtlecatch_bringup:/Users/dhruvpatel29/ros2_ws/install/turtlebot4_simulator:/Users/dhruvpatel29/ros2_ws/install/turtlebot4_ignition_bringup:/Users/dhruvpatel29/ros2_ws/install/turtlebot4_desktop:/Users/dhruvpatel29/ros2_ws/install/turtlebot4_viz:/Users/dhruvpatel29/ros2_ws/install/turtlebot4_node:/Users/dhruvpatel29/ros2_ws/install/turtlebot4_navigation:/Users/dhruvpatel29/ros2_ws/install/turtlebot4_ignition_toolbox:/Users/dhruvpatel29/ros2_ws/install/turtlebot4_msgs:/Users/dhruvpatel29/ros2_ws/install/turtlebot4_ignition_gui_plugins:/Users/dhruvpatel29/ros2_ws/install/turtlebot4_description:/Users/dhruvpatel29/ros2_ws/install/turtlebot3:/Users/dhruvpatel29/ros2_ws/install/turtlebot3_bringup:/Users/dhruvpatel29/ros2_ws/install/turtlebot3_node:/Users/dhruvpatel29/ros2_ws/install/turtlebot3_navigation2:/Users/dhruvpatel29/ros2_ws/install/turtlebot3_msgs:/Users/dhruvpatel29/ros2_ws/install/turtlebot3_description:/Users/dhruvpatel29/ros2_ws/install/turtlebot3_cartographer:/Users/dhruvpatel29/ros2_ws/install/robot_arm_controller:/Users/dhruvpatel29/ros2_ws/install/polygon_plugins:/Users/dhruvpatel29/ros2_ws/install/polygon_base:/Users/dhruvpatel29/ros2_ws/install/my_robot_station_bringup:/Users/dhruvpatel29/ros2_ws/install/my_robot_lifecycle_bringup:/Users/dhruvpatel29/ros2_ws/install/my_robot_bringup:/Users/dhruvpatel29/ros2_ws/install/my_cpp_pkg:/Users/dhruvpatel29/ros2_ws/install/actions_cpp:/Users/dhruvpatel29/ros2_ws/install/my_robot_interfaces:/Users/dhruvpatel29/ros2_ws/install/my_robot_bringup_gazebo:/Users/dhruvpatel29/ros2_ws/install/my_robot_description:/Users/dhruvpatel29/ros2_ws/install/moveit2_tutorials:/Users/dhruvpatel29/ros2_ws/install/lifecycle_cpp:/Users/dhruvpatel29/ros2_ws/install/irobot_create_ignition_sim:/Users/dhruvpatel29/ros2_ws/install/irobot_create_ignition_bringup:/Users/dhruvpatel29/ros2_ws/install/irobot_create_gazebo_sim:/Users/dhruvpatel29/ros2_ws/install/irobot_create_gazebo_bringup:/Users/dhruvpatel29/ros2_ws/install/irobot_create_common_bringup:/Users/dhruvpatel29/ros2_ws/install/irobot_create_nodes:/Users/dhruvpatel29/ros2_ws/install/irobot_create_ignition_toolbox:/Users/dhruvpatel29/ros2_ws/install/irobot_create_gazebo_plugins:/Users/dhruvpatel29/ros2_ws/install/irobot_create_toolbox:/Users/dhruvpatel29/ros2_ws/install/irobot_create_msgs:/Users/dhruvpatel29/ros2_ws/install/irobot_create_ignition_plugins:/Users/dhruvpatel29/ros2_ws/install/irobot_create_description:/Users/dhruvpatel29/ros2_ws/install/irobot_create_control:/Users/dhruvpatel29/ros2_ws/install/executors_cpp:/Users/dhruvpatel29/ros2_ws/install/components_cpp:/Users/dhruvpatel29/ros2_ws/install/add_two_ints_cpp:/Users/dhruvpatel29/backup_ros/humble-ros2/install/mcap_vendor:/Users/dhruvpatel29/backup_ros/humble-ros2/install/zstd_vendor:/Users/dhruvpatel29/backup_ros/humble-ros2/install/rviz_visual_testing_framework:/Users/dhruvpatel29/backup_ros/humble-ros2/install/rviz_common:/Users/dhruvpatel29/backup_ros/humble-ros2/install/rosbag2_storage:/Users/dhruvpatel29/backup_ros/humble-ros2/install/nav2_map_server:/Users/dhruvpatel29/backup_ros/humble-ros2/install/yaml_cpp_vendor:/Users/dhruvpatel29/backup_ros/humble-ros2/install/xtensor:/Users/dhruvpatel29/backup_ros/humble-ros2/install/xsimd:/Users/dhruvpatel29/backup_ros/humble-ros2/install/xtl:/Users/dhruvpatel29/backup_ros/humble-ros2/install/moveit_resources_prbt_support:/Users/dhruvpatel29/backup_ros/humble-ros2/install/moveit_resources_panda_moveit_config:/Users/dhruvpatel29/backup_ros/humble-ros2/install/moveit_resources_fanuc_moveit_config:/Users/dhruvpatel29/backup_ros/humble-ros2/install/xacro:/Users/dhruvpatel29/backup_ros/humble-ros2/install/warehouse_ros:/Users/dhruvpatel29/backup_ros/humble-ros2/install/interactive_markers:/Users/dhruvpatel29/backup_ros/humble-ros2/install/geometric_shapes:/Users/dhruvpatel29/backup_ros/humble-ros2/install/common_interfaces:/Users/dhruvpatel29/backup_ros/humble-ros2/install/visualization_msgs:/Users/dhruvpatel29/backup_ros/humble-ros2/install/vision_msgs:/Users/dhruvpatel29/backup_ros/humble-ros2/install/srdfdom:/Users/dhruvpatel29/backup_ros/humble-ros2/install/robot_state_publisher:/Users/dhruvpatel29/backup_ros/humble-ros2/install/kdl_parser:/Users/dhruvpatel29/backup_ros/humble-ros2/install/urdf:/Users/dhruvpatel29/backup_ros/humble-ros2/install/urdfdom:/Users/dhruvpatel29/backup_ros/humble-ros2/install/urdf_parser_plugin:/Users/dhruvpatel29/backup_ros/humble-ros2/install/urdfdom_headers:/Users/dhruvpatel29/backup_ros/humble-ros2/install/tf2_sensor_msgs:/Users/dhruvpatel29/backup_ros/humble-ros2/install/tf2_kdl:/Users/dhruvpatel29/backup_ros/humble-ros2/install/nav2_lifecycle_manager:/Users/dhruvpatel29/backup_ros/humble-ros2/install/nav2_util:/Users/dhruvpatel29/backup_ros/humble-ros2/install/tf2_geometry_msgs:/Users/dhruvpatel29/backup_ros/humble-ros2/install/tf2_eigen:/Users/dhruvpatel29/backup_ros/humble-ros2/install/tf2_ros:/Users/dhruvpatel29/backup_ros/humble-ros2/install/tf2_py:/Users/dhruvpatel29/backup_ros/humble-ros2/install/tf2_msgs:/Users/dhruvpatel29/backup_ros/humble-ros2/install/test_msgs:/Users/dhruvpatel29/backup_ros/humble-ros2/install/rqt_py_common:/Users/dhruvpatel29/backup_ros/humble-ros2/install/rosbag2_storage_mcap_testdata:/Users/dhruvpatel29/backup_ros/humble-ros2/install/ros_testing:/Users/dhruvpatel29/backup_ros/humble-ros2/install/controller_manager:/Users/dhruvpatel29/backup_ros/humble-ros2/install/ros2cli_test_interfaces:/Users/dhruvpatel29/backup_ros/humble-ros2/install/realtime_tools:/Users/dhruvpatel29/backup_ros/humble-ros2/install/nav2_common:/Users/dhruvpatel29/backup_ros/humble-ros2/install/image_transport:/Users/dhruvpatel29/backup_ros/humble-ros2/install/message_filters:/Users/dhruvpatel29/backup_ros/humble-ros2/install/laser_geometry:/Users/dhruvpatel29/backup_ros/humble-ros2/install/generate_parameter_library:/Users/dhruvpatel29/backup_ros/humble-ros2/install/diagnostic_updater:/Users/dhruvpatel29/backup_ros/humble-ros2/install/rclpy:/Users/dhruvpatel29/backup_ros/humble-ros2/install/rclcpp_action:/Users/dhruvpatel29/backup_ros/humble-ros2/install/rcl_action:/Users/dhruvpatel29/backup_ros/humble-ros2/install/moveit_msgs:/Users/dhruvpatel29/backup_ros/humble-ros2/install/object_recognition_msgs:/Users/dhruvpatel29/backup_ros/humble-ros2/install/nav2_msgs:/Users/dhruvpatel29/backup_ros/humble-ros2/install/hardware_interface_testing:/Users/dhruvpatel29/backup_ros/humble-ros2/install/controller_interface:/Users/dhruvpatel29/backup_ros/humble-ros2/install/hardware_interface:/Users/dhruvpatel29/backup_ros/humble-ros2/install/geographic_msgs:/Users/dhruvpatel29/backup_ros/humble-ros2/install/example_interfaces:/Users/dhruvpatel29/backup_ros/humble-ros2/install/control_msgs:/Users/dhruvpatel29/backup_ros/humble-ros2/install/btcpp_ros2_interfaces:/Users/dhruvpatel29/backup_ros/humble-ros2/install/action_tutorials_interfaces:/Users/dhruvpatel29/backup_ros/humble-ros2/install/action_msgs:/Users/dhruvpatel29/backup_ros/humble-ros2/install/unique_identifier_msgs:/Users/dhruvpatel29/backup_ros/humble-ros2/install/ament_lint_common:/Users/dhruvpatel29/backup_ros/humble-ros2/install/ament_cmake_uncrustify:/Users/dhruvpatel29/backup_ros/humble-ros2/install/uncrustify_vendor:/Users/dhruvpatel29/backup_ros/humble-ros2/install/trajectory_msgs:/Users/dhruvpatel29/backup_ros/humble-ros2/install/parameter_traits:/Users/dhruvpatel29/humble-ros2/install/rqt_bag_plugins:/Users/dhruvpatel29/humble-ros2/install/rqt_bag:/Users/dhruvpatel29/humble-ros2/install/launch_testing_examples:/Users/dhruvpatel29/humble-ros2/install/ros2bag:/Users/dhruvpatel29/humble-ros2/install/moveit_configs_utils:/Users/dhruvpatel29/humble-ros2/install/launch_param_builder:/Users/dhruvpatel29/humble-ros2/install/kf_hungarian_tracker:/Users/dhruvpatel29/humble-ros2/install/tracetools_test:/Users/dhruvpatel29/humble-ros2/install/tracetools_launch:/Users/dhruvpatel29/humble-ros2/install/topic_monitor:/Users/dhruvpatel29/humble-ros2/install/tf2_tools:/Users/dhruvpatel29/humble-ros2/install/examples_tf2_py:/Users/dhruvpatel29/humble-ros2/install/tf2_ros_py:/Users/dhruvpatel29/humble-ros2/install/sros2:/Users/dhruvpatel29/humble-ros2/install/rqt_topic:/Users/dhruvpatel29/humble-ros2/install/rqt_srv:/Users/dhruvpatel29/humble-ros2/install/rqt_shell:/Users/dhruvpatel29/humble-ros2/install/rqt_service_caller:/Users/dhruvpatel29/humble-ros2/install/rqt_reconfigure:/Users/dhruvpatel29/humble-ros2/install/rqt_py_console:/Users/dhruvpatel29/humble-ros2/install/rqt_publisher:/Users/dhruvpatel29/humble-ros2/install/rqt_plot:/Users/dhruvpatel29/humble-ros2/install/rqt_action:/Users/dhruvpatel29/humble-ros2/install/rqt_msg:/Users/dhruvpatel29/humble-ros2/install/rqt_console:/Users/dhruvpatel29/humble-ros2/install/rqt:/Users/dhruvpatel29/humble-ros2/install/rqt_joint_trajectory_controller:/Users/dhruvpatel29/humble-ros2/install/rqt_graph:/Users/dhruvpatel29/humble-ros2/install/rqt_gui_py:/Users/dhruvpatel29/humble-ros2/install/rqt_gui:/Users/dhruvpatel29/humble-ros2/install/ros2trace:/Users/dhruvpatel29/humble-ros2/install/ros2topic:/Users/dhruvpatel29/humble-ros2/install/ros2test:/Users/dhruvpatel29/humble-ros2/install/ros2component:/Users/dhruvpatel29/humble-ros2/install/ros2param:/Users/dhruvpatel29/humble-ros2/install/ros2lifecycle:/Users/dhruvpatel29/humble-ros2/install/ros2service:/Users/dhruvpatel29/humble-ros2/install/ros2run:/Users/dhruvpatel29/humble-ros2/install/ros2launch:/Users/dhruvpatel29/humble-ros2/install/ros2pkg:/Users/dhruvpatel29/humble-ros2/install/ros2node:/Users/dhruvpatel29/humble-ros2/install/ros2multicast:/Users/dhruvpatel29/humble-ros2/install/ros2interface:/Users/dhruvpatel29/humble-ros2/install/ros2doctor:/Users/dhruvpatel29/humble-ros2/install/ros2action:/Users/dhruvpatel29/humble-ros2/install/ros2cli:/Users/dhruvpatel29/humble-ros2/install/ros2_controllers_test_nodes:/Users/dhruvpatel29/humble-ros2/install/quality_of_service_demo_py:/Users/dhruvpatel29/humble-ros2/install/nav2_simple_commander:/Users/dhruvpatel29/humble-ros2/install/lifecycle_py:/Users/dhruvpatel29/humble-ros2/install/launch_testing_ros:/Users/dhruvpatel29/humble-ros2/install/launch_ros:/Users/dhruvpatel29/humble-ros2/install/examples_rclpy_pointcloud_publisher:/Users/dhruvpatel29/humble-ros2/install/examples_rclpy_minimal_subscriber:/Users/dhruvpatel29/humble-ros2/install/examples_rclpy_minimal_service:/Users/dhruvpatel29/humble-ros2/install/examples_rclpy_minimal_publisher:/Users/dhruvpatel29/humble-ros2/install/examples_rclpy_minimal_client:/Users/dhruvpatel29/humble-ros2/install/examples_rclpy_minimal_action_server:/Users/dhruvpatel29/humble-ros2/install/examples_rclpy_minimal_action_client:/Users/dhruvpatel29/humble-ros2/install/examples_rclpy_guard_conditions:/Users/dhruvpatel29/humble-ros2/install/examples_rclpy_executors:/Users/dhruvpatel29/humble-ros2/install/demo_nodes_py:/Users/dhruvpatel29/humble-ros2/install/camera_info_manager_py:/Users/dhruvpatel29/humble-ros2/install/bondpy:/Users/dhruvpatel29/humble-ros2/install/action_tutorials_py:/Users/dhruvpatel29/humble-ros2/install/ament_uncrustify:/Users/dhruvpatel29/humble-ros2/install/tracetools_trace:/Users/dhruvpatel29/humble-ros2/install/tracetools_read:/Users/dhruvpatel29/humble-ros2/install/test_tracetools_launch:/Users/dhruvpatel29/humble-ros2/install/test_launch_ros:/Users/dhruvpatel29/humble-ros2/install/sensor_msgs_py:/Users/dhruvpatel29/humble-ros2/install/rpyutils:/Users/dhruvpatel29/humble-ros2/install/rosidl_runtime_py:/Users/dhruvpatel29/humble-ros2/install/rosidl_cli:/Users/dhruvpatel29/humble-ros2/install/launch_pytest:/Users/dhruvpatel29/humble-ros2/install/launch_testing:/Users/dhruvpatel29/humble-ros2/install/launch_yaml:/Users/dhruvpatel29/humble-ros2/install/launch_xml:/Users/dhruvpatel29/humble-ros2/install/launch:/Users/dhruvpatel29/humble-ros2/install/osrf_pycommon:/Users/dhruvpatel29/humble-ros2/install/domain_coordinator:/Users/dhruvpatel29/humble-ros2/install/ament_xmllint:/Users/dhruvpatel29/humble-ros2/install/ament_pyflakes:/Users/dhruvpatel29/humble-ros2/install/ament_pycodestyle:/Users/dhruvpatel29/humble-ros2/install/ament_pep257:/Users/dhruvpatel29/humble-ros2/install/ament_pclint:/Users/dhruvpatel29/humble-ros2/install/ament_package:/Users/dhruvpatel29/humble-ros2/install/ament_mypy:/Users/dhruvpatel29/humble-ros2/install/ament_lint_cmake:/Users/dhruvpatel29/humble-ros2/install/ament_flake8:/Users/dhruvpatel29/humble-ros2/install/ament_copyright:/Users/dhruvpatel29/humble-ros2/install/ament_lint:/Users/dhruvpatel29/humble-ros2/install/ament_index_python:/Users/dhruvpatel29/humble-ros2/install/ament_cpplint:/Users/dhruvpatel29/humble-ros2/install/ament_cppcheck:/Users/dhruvpatel29/humble-ros2/install/ament_clang_tidy:/Users/dhruvpatel29/humble-ros2/install/ament_clang_format:/Users/dhruvpatel29/ros2_ws/install/turtlesim_catch_them_all:/Users/dhruvpatel29/ros2_ws/install/turtlebot3_teleop:/Users/dhruvpatel29/ros2_ws/install/turtlebot3_example:/Users/dhruvpatel29/ros2_ws/install/number_counter:/Users/dhruvpatel29/ros2_ws/install/my_py_pkg:/Users/dhruvpatel29/ros2_ws/install/actions_py:/Users/dhruvpatel29/ros2_ws/install/lifecycle_py:/Users/dhruvpatel29/ros2_ws/install/executors_py:/Users/dhruvpatel29/ros2_ws/install/components_py:/Users/dhruvpatel29/ros2_ws/install/add_two_ints:/Users/dhruvpatel29/backup_ros/humble-ros2/install/moveit_configs_utils:/Users/dhruvpatel29/backup_ros/humble-ros2/install/launch_param_builder:/Users/dhruvpatel29/backup_ros/humble-ros2/install/tf2_ros_py:/Users/dhruvpatel29/backup_ros/humble-ros2/install/rqt_gui_py:/Users/dhruvpatel29/backup_ros/humble-ros2/install/rqt_gui:/Users/dhruvpatel29/backup_ros/humble-ros2/install/ros2topic:/Users/dhruvpatel29/backup_ros/humble-ros2/install/ros2test:/Users/dhruvpatel29/backup_ros/humble-ros2/install/ros2param:/Users/dhruvpatel29/backup_ros/humble-ros2/install/ros2service:/Users/dhruvpatel29/backup_ros/humble-ros2/install/ros2run:/Users/dhruvpatel29/backup_ros/humble-ros2/install/ros2pkg:/Users/dhruvpatel29/backup_ros/humble-ros2/install/ros2node:/Users/dhruvpatel29/backup_ros/humble-ros2/install/ros2cli:/Users/dhruvpatel29/backup_ros/humble-ros2/install/launch_testing_ros:/Users/dhruvpatel29/backup_ros/humble-ros2/install/launch_ros:/Users/dhruvpatel29/backup_ros/humble-ros2/install/joint_state_publisher_gui:/Users/dhruvpatel29/backup_ros/humble-ros2/install/joint_state_publisher:/Users/dhruvpatel29/backup_ros/humble-ros2/install/ament_uncrustify:/Users/dhruvpatel29/backup_ros/humble-ros2/install/tracetools_trace:/Users/dhruvpatel29/backup_ros/humble-ros2/install/tracetools_read:/Users/dhruvpatel29/backup_ros/humble-ros2/install/sensor_msgs_py:/Users/dhruvpatel29/backup_ros/humble-ros2/install/rpyutils:/Users/dhruvpatel29/backup_ros/humble-ros2/install/rosidl_runtime_py:/Users/dhruvpatel29/backup_ros/humble-ros2/install/rosidl_cli:/Users/dhruvpatel29/backup_ros/humble-ros2/install/launch_pytest:/Users/dhruvpatel29/backup_ros/humble-ros2/install/launch_testing:/Users/dhruvpatel29/backup_ros/humble-ros2/install/launch_yaml:/Users/dhruvpatel29/backup_ros/humble-ros2/install/launch_xml:/Users/dhruvpatel29/backup_ros/humble-ros2/install/launch:/Users/dhruvpatel29/backup_ros/humble-ros2/install/osrf_pycommon:/Users/dhruvpatel29/backup_ros/humble-ros2/install/generate_parameter_library_py:/Users/dhruvpatel29/backup_ros/humble-ros2/install/domain_coordinator:/Users/dhruvpatel29/backup_ros/humble-ros2/install/ament_xmllint:/Users/dhruvpatel29/backup_ros/humble-ros2/install/ament_pyflakes:/Users/dhruvpatel29/backup_ros/humble-ros2/install/ament_pycodestyle:/Users/dhruvpatel29/backup_ros/humble-ros2/install/ament_pep257:/Users/dhruvpatel29/backup_ros/humble-ros2/install/ament_pclint:/Users/dhruvpatel29/backup_ros/humble-ros2/install/ament_package:/Users/dhruvpatel29/backup_ros/humble-ros2/install/ament_mypy:/Users/dhruvpatel29/backup_ros/humble-ros2/install/ament_lint_cmake:/Users/dhruvpatel29/backup_ros/humble-ros2/install/ament_flake8:/Users/dhruvpatel29/backup_ros/humble-ros2/install/ament_copyright:/Users/dhruvpatel29/backup_ros/humble-ros2/install/ament_lint:/Users/dhruvpatel29/backup_ros/humble-ros2/install/ament_index_python:/Users/dhruvpatel29/backup_ros/humble-ros2/install/ament_cpplint:/Users/dhruvpatel29/backup_ros/humble-ros2/install/ament_cppcheck:/Users/dhruvpatel29/backup_ros/humble-ros2/install/ament_clang_tidy:/Users/dhruvpatel29/backup_ros/humble-ros2/install/ament_clang_format:/Users/dhruvpatel29/backup_ros/humble-ros2/install/rsl:/Users/dhruvpatel29/backup_ros/humble-ros2/install/rosbag2_test_common:/Users/dhruvpatel29/backup_ros/humble-ros2/install/bondcpp:/Users/dhruvpatel29/backup_ros/humble-ros2/install/rclcpp_lifecycle:/Users/dhruvpatel29/backup_ros/humble-ros2/install/rclcpp_components:/Users/dhruvpatel29/backup_ros/humble-ros2/install/nav2_voxel_grid:/Users/dhruvpatel29/backup_ros/humble-ros2/install/rclcpp:/Users/dhruvpatel29/backup_ros/humble-ros2/install/rcl_lifecycle:/Users/dhruvpatel29/backup_ros/humble-ros2/install/libstatistics_collector:/Users/dhruvpatel29/backup_ros/humble-ros2/install/rcl:/Users/dhruvpatel29/backup_ros/humble-ros2/install/rmw_implementation:/Users/dhruvpatel29/backup_ros/humble-ros2/install/rmw_fastrtps_dynamic_cpp:/Users/dhruvpatel29/backup_ros/humble-ros2/install/rmw_fastrtps_cpp:/Users/dhruvpatel29/backup_ros/humble-ros2/install/rmw_fastrtps_shared_cpp:/Users/dhruvpatel29/backup_ros/humble-ros2/install/rmw_cyclonedds_cpp:/Users/dhruvpatel29/backup_ros/humble-ros2/install/tracetools:/Users/dhruvpatel29/backup_ros/humble-ros2/install/tl_expected:/Users/dhruvpatel29/backup_ros/humble-ros2/install/tinyxml_vendor:/Users/dhruvpatel29/backup_ros/humble-ros2/install/pluginlib:/Users/dhruvpatel29/backup_ros/humble-ros2/install/tinyxml2_vendor:/Users/dhruvpatel29/backup_ros/humble-ros2/install/tf2_eigen_kdl:/Users/dhruvpatel29/backup_ros/humble-ros2/install/tf2:/Users/dhruvpatel29/backup_ros/humble-ros2/install/test_rmw_implementation:/Users/dhruvpatel29/backup_ros/humble-ros2/install/test_launch_testing:/Users/dhruvpatel29/backup_ros/humble-ros2/install/test_interface_files:/Users/dhruvpatel29/backup_ros/humble-ros2/install/tcb_span:/Users/dhruvpatel29/backup_ros/humble-ros2/install/qt_gui_core:/Users/dhruvpatel29/backup_ros/humble-ros2/install/qt_gui_app:/Users/dhruvpatel29/backup_ros/humble-ros2/install/qt_gui:/Users/dhruvpatel29/backup_ros/humble-ros2/install/tango_icons_vendor:/Users/dhruvpatel29/backup_ros/humble-ros2/install/stereo_msgs:/Users/dhruvpatel29/backup_ros/humble-ros2/install/std_srvs:/Users/dhruvpatel29/backup_ros/humble-ros2/install/shape_msgs:/Users/dhruvpatel29/backup_ros/humble-ros2/install/map_msgs:/Users/dhruvpatel29/backup_ros/humble-ros2/install/cv_bridge:/Users/dhruvpatel29/backup_ros/humble-ros2/install/sensor_msgs:/Users/dhruvpatel29/backup_ros/humble-ros2/install/ros_gz_interfaces:/Users/dhruvpatel29/backup_ros/humble-ros2/install/octomap_msgs:/Users/dhruvpatel29/backup_ros/humble-ros2/install/nav_msgs:/Users/dhruvpatel29/backup_ros/humble-ros2/install/nav_2d_msgs:/Users/dhruvpatel29/backup_ros/humble-ros2/install/graph_msgs:/Users/dhruvpatel29/backup_ros/humble-ros2/install/gps_msgs:/Users/dhruvpatel29/backup_ros/humble-ros2/install/diagnostic_msgs:/Users/dhruvpatel29/backup_ros/humble-ros2/install/geometry_msgs:/Users/dhruvpatel29/backup_ros/humble-ros2/install/bond:/Users/dhruvpatel29/backup_ros/humble-ros2/install/actuator_msgs:/Users/dhruvpatel29/backup_ros/humble-ros2/install/actionlib_msgs:/Users/dhruvpatel29/backup_ros/humble-ros2/install/ackermann_msgs:/Users/dhruvpatel29/backup_ros/humble-ros2/install/std_msgs:/Users/dhruvpatel29/backup_ros/humble-ros2/install/statistics_msgs:/Users/dhruvpatel29/backup_ros/humble-ros2/install/sqlite3_vendor:/Users/dhruvpatel29/backup_ros/humble-ros2/install/rcl_logging_spdlog:/Users/dhruvpatel29/backup_ros/humble-ros2/install/spdlog_vendor:/Users/dhruvpatel29/backup_ros/humble-ros2/install/smclib:/Users/dhruvpatel29/backup_ros/humble-ros2/install/shared_queues_vendor:/Users/dhruvpatel29/backup_ros/humble-ros2/install/rviz_rendering_tests:/Users/dhruvpatel29/backup_ros/humble-ros2/install/rviz_rendering:/Users/dhruvpatel29/backup_ros/humble-ros2/install/rviz_ogre_vendor:/Users/dhruvpatel29/backup_ros/humble-ros2/install/rviz_assimp_vendor:/Users/dhruvpatel29/backup_ros/humble-ros2/install/ruckig:/Users/dhruvpatel29/backup_ros/humble-ros2/install/rmw_connextddsmicro:/Users/dhruvpatel29/backup_ros/humble-ros2/install/rmw_connextdds:/Users/dhruvpatel29/backup_ros/humble-ros2/install/rmw_connextdds_common:/Users/dhruvpatel29/backup_ros/humble-ros2/install/rti_connext_dds_cmake_module:/Users/dhruvpatel29/backup_ros/humble-ros2/install/rosgraph_msgs:/Users/dhruvpatel29/backup_ros/humble-ros2/install/rosbag2_interfaces:/Users/dhruvpatel29/backup_ros/humble-ros2/install/rmw_dds_common:/Users/dhruvpatel29/backup_ros/humble-ros2/install/composition_interfaces:/Users/dhruvpatel29/backup_ros/humble-ros2/install/rcl_interfaces:/Users/dhruvpatel29/backup_ros/humble-ros2/install/pendulum_msgs:/Users/dhruvpatel29/backup_ros/humble-ros2/install/controller_manager_msgs:/Users/dhruvpatel29/backup_ros/humble-ros2/install/lifecycle_msgs:/Users/dhruvpatel29/backup_ros/humble-ros2/install/dynamixel_sdk_custom_interfaces:/Users/dhruvpatel29/backup_ros/humble-ros2/install/builtin_interfaces:/Users/dhruvpatel29/backup_ros/humble-ros2/install/rosidl_default_runtime:/Users/dhruvpatel29/backup_ros/humble-ros2/install/rosidl_default_generators:/Users/dhruvpatel29/backup_ros/humble-ros2/install/rosidl_generator_py:/Users/dhruvpatel29/backup_ros/humble-ros2/install/rosidl_typesupport_introspection_tests:/Users/dhruvpatel29/backup_ros/humble-ros2/install/rosidl_typesupport_cpp:/Users/dhruvpatel29/backup_ros/humble-ros2/install/rosidl_typesupport_introspection_cpp:/Users/dhruvpatel29/backup_ros/humble-ros2/install/rosidl_typesupport_c:/Users/dhruvpatel29/backup_ros/humble-ros2/install/rosidl_typesupport_introspection_c:/Users/dhruvpatel29/backup_ros/humble-ros2/install/rosidl_typesupport_fastrtps_c:/Users/dhruvpatel29/backup_ros/humble-ros2/install/rosidl_typesupport_fastrtps_cpp:/Users/dhruvpatel29/backup_ros/humble-ros2/install/rosidl_generator_cpp:/Users/dhruvpatel29/backup_ros/humble-ros2/install/rosidl_runtime_cpp:/Users/dhruvpatel29/backup_ros/humble-ros2/install/rcl_yaml_param_parser:/Users/dhruvpatel29/backup_ros/humble-ros2/install/rmw:/Users/dhruvpatel29/backup_ros/humble-ros2/install/rosidl_runtime_c:/Users/dhruvpatel29/backup_ros/humble-ros2/install/rosidl_generator_c:/Users/dhruvpatel29/backup_ros/humble-ros2/install/rosidl_typesupport_interface:/Users/dhruvpatel29/backup_ros/humble-ros2/install/rosidl_generator_dds_idl:/Users/dhruvpatel29/backup_ros/humble-ros2/install/rosidl_cmake:/Users/dhruvpatel29/backup_ros/humble-ros2/install/rosidl_parser:/Users/dhruvpatel29/backup_ros/humble-ros2/install/rosidl_adapter:/Users/dhruvpatel29/backup_ros/humble-ros2/install/ros_environment:/Users/dhruvpatel29/backup_ros/humble-ros2/install/ros2_control_test_assets:/Users/dhruvpatel29/backup_ros/humble-ros2/install/ros2_control_cmake:/Users/dhruvpatel29/backup_ros/humble-ros2/install/rmw_implementation_cmake:/Users/dhruvpatel29/backup_ros/humble-ros2/install/resource_retriever:/Users/dhruvpatel29/backup_ros/humble-ros2/install/class_loader:/Users/dhruvpatel29/backup_ros/humble-ros2/install/rcpputils:/Users/dhruvpatel29/backup_ros/humble-ros2/install/rcl_logging_noop:/Users/dhruvpatel29/backup_ros/humble-ros2/install/rcl_logging_interface:/Users/dhruvpatel29/backup_ros/humble-ros2/install/rcutils:/Users/dhruvpatel29/backup_ros/humble-ros2/install/random_numbers:/Users/dhruvpatel29/backup_ros/humble-ros2/install/qt_gui_py_common:/Users/dhruvpatel29/backup_ros/humble-ros2/install/qt_dotgraph:/Users/dhruvpatel29/backup_ros/humble-ros2/install/python_qt_binding:/Users/dhruvpatel29/backup_ros/humble-ros2/install/python_orocos_kdl_vendor:/Users/dhruvpatel29/backup_ros/humble-ros2/install/launch_testing_ament_cmake:/Users/dhruvpatel29/backup_ros/humble-ros2/install/python_cmake_module:/Users/dhruvpatel29/backup_ros/humble-ros2/install/pybind11_vendor:/Users/dhruvpatel29/backup_ros/humble-ros2/install/performance_test_fixture:/Users/dhruvpatel29/backup_ros/humble-ros2/install/osrf_testing_tools_cpp:/Users/dhruvpatel29/backup_ros/humble-ros2/install/orocos_kdl_vendor:/Users/dhruvpatel29/backup_ros/humble-ros2/install/dynamic_edt_3d:/Users/dhruvpatel29/backup_ros/humble-ros2/install/octomap:/Users/dhruvpatel29/backup_ros/humble-ros2/install/nav2_costmap_filters_demo:/Users/dhruvpatel29/backup_ros/humble-ros2/install/moveit_resources_pr2_description:/Users/dhruvpatel29/backup_ros/humble-ros2/install/moveit_resources_panda_description:/Users/dhruvpatel29/backup_ros/humble-ros2/install/moveit_resources_fanuc_description:/Users/dhruvpatel29/backup_ros/humble-ros2/install/moveit_common:/Users/dhruvpatel29/backup_ros/humble-ros2/install/mimick_vendor:/Users/dhruvpatel29/backup_ros/humble-ros2/install/libyaml_vendor:/Users/dhruvpatel29/backup_ros/humble-ros2/install/libcurl_vendor:/Users/dhruvpatel29/backup_ros/humble-ros2/install/keyboard_handler:/Users/dhruvpatel29/backup_ros/humble-ros2/install/ignition-transport11:/Users/dhruvpatel29/backup_ros/humble-ros2/install/iceoryx_introspection:/Users/dhruvpatel29/backup_ros/humble-ros2/install/cyclonedds:/Users/dhruvpatel29/backup_ros/humble-ros2/install/iceoryx_posh:/Users/dhruvpatel29/backup_ros/humble-ros2/install/iceoryx_hoofs:/Users/dhruvpatel29/backup_ros/humble-ros2/install/iceoryx_binding_c:/Users/dhruvpatel29/backup_ros/humble-ros2/install/ament_cmake_ros:/Users/dhruvpatel29/backup_ros/humble-ros2/install/ament_cmake_auto:/Users/dhruvpatel29/backup_ros/humble-ros2/install/ament_cmake_gmock:/Users/dhruvpatel29/backup_ros/humble-ros2/install/gmock_vendor:/Users/dhruvpatel29/backup_ros/humble-ros2/install/ament_cmake_gtest:/Users/dhruvpatel29/backup_ros/humble-ros2/install/gtest_vendor:/Users/dhruvpatel29/backup_ros/humble-ros2/install/ament_cmake_google_benchmark:/Users/dhruvpatel29/backup_ros/humble-ros2/install/fastrtps:/Users/dhruvpatel29/backup_ros/humble-ros2/install/foonathan_memory_vendor:/Users/dhruvpatel29/backup_ros/humble-ros2/install/fastrtps_cmake_module:/Users/dhruvpatel29/backup_ros/humble-ros2/install/fastcdr:/Users/dhruvpatel29/backup_ros/humble-ros2/install/eigen_stl_containers:/Users/dhruvpatel29/backup_ros/humble-ros2/install/eigen3_cmake_module:/Users/dhruvpatel29/backup_ros/humble-ros2/install/dynamixel_sdk:/Users/dhruvpatel29/backup_ros/humble-ros2/install/console_bridge_vendor:/Users/dhruvpatel29/backup_ros/humble-ros2/install/ceres-solver-vendor:/Users/dhruvpatel29/backup_ros/humble-ros2/install/backward_ros:/Users/dhruvpatel29/backup_ros/humble-ros2/install/angles:/Users/dhruvpatel29/backup_ros/humble-ros2/install/ament_cmake_xmllint:/Users/dhruvpatel29/backup_ros/humble-ros2/install/ament_cmake_pyflakes:/Users/dhruvpatel29/backup_ros/humble-ros2/install/ament_cmake_pycodestyle:/Users/dhruvpatel29/backup_ros/humble-ros2/install/ament_cmake_pep257:/Users/dhruvpatel29/backup_ros/humble-ros2/install/ament_cmake_pclint:/Users/dhruvpatel29/backup_ros/humble-ros2/install/ament_lint_auto:/Users/dhruvpatel29/backup_ros/humble-ros2/install/ament_cmake:/Users/dhruvpatel29/backup_ros/humble-ros2/install/ament_cmake_version:/Users/dhruvpatel29/backup_ros/humble-ros2/install/ament_cmake_vendor_package:/Users/dhruvpatel29/backup_ros/humble-ros2/install/ament_cmake_pytest:/Users/dhruvpatel29/backup_ros/humble-ros2/install/ament_cmake_nose:/Users/dhruvpatel29/backup_ros/humble-ros2/install/ament_cmake_mypy:/Users/dhruvpatel29/backup_ros/humble-ros2/install/ament_cmake_lint_cmake:/Users/dhruvpatel29/backup_ros/humble-ros2/install/ament_cmake_flake8:/Users/dhruvpatel29/backup_ros/humble-ros2/install/ament_cmake_cpplint:/Users/dhruvpatel29/backup_ros/humble-ros2/install/ament_cmake_cppcheck:/Users/dhruvpatel29/backup_ros/humble-ros2/install/ament_cmake_copyright:/Users/dhruvpatel29/backup_ros/humble-ros2/install/ament_cmake_clang_tidy:/Users/dhruvpatel29/backup_ros/humble-ros2/install/ament_cmake_clang_format:/Users/dhruvpatel29/backup_ros/humble-ros2/install/ament_cmake_test:/Users/dhruvpatel29/backup_ros/humble-ros2/install/ament_cmake_target_dependencies:/Users/dhruvpatel29/backup_ros/humble-ros2/install/ament_cmake_python:/Users/dhruvpatel29/backup_ros/humble-ros2/install/ament_cmake_export_dependencies:/Users/dhruvpatel29/backup_ros/humble-ros2/install/ament_cmake_libraries:/Users/dhruvpatel29/backup_ros/humble-ros2/install/ament_cmake_include_directories:/Users/dhruvpatel29/backup_ros/humble-ros2/install/ament_cmake_gen_version_h:/Users/dhruvpatel29/backup_ros/humble-ros2/install/ament_cmake_export_targets:/Users/dhruvpatel29/backup_ros/humble-ros2/install/ament_cmake_export_link_flags:/Users/dhruvpatel29/backup_ros/humble-ros2/install/ament_cmake_export_interfaces:/Users/dhruvpatel29/backup_ros/humble-ros2/install/ament_cmake_export_libraries:/Users/dhruvpatel29/backup_ros/humble-ros2/install/ament_cmake_export_include_directories:/Users/dhruvpatel29/backup_ros/humble-ros2/install/ament_cmake_export_definitions:/Users/dhruvpatel29/backup_ros/humble-ros2/install/ament_cmake_core:/Users/dhruvpatel29/backup_ros/humble-ros2/install/ament_index_cpp:/Users/dhruvpatel29/backup_ros/humble-ros2/install/GeographicLib:/opt/homebrew/Cellar/google-benchmark/1.9.4:/Users/dhruvpatel29/humble-ros2/src/ros-commondep/boost-1.74.0/:/opt/homebrew/opt/qt@5:/opt/homebrew/opt/qt@5 DYLD_LIBRARY_PATH=/Users/dhruvpatel29/humble-ros2/src/ros2_control/install/filters/lib:${DYLD_LIBRARY_PATH} SHLVL=2 _=/usr/bin/env /opt/homebrew/bin/cmake /Users/dhruvpatel29/humble-ros2/src/ros2_control/control_toolbox -DCMAKE_EXE_LINKER_FLAGS="" -DCMAKE_SHARED_LINKER_FLAGS="" -DCMAKE_MODULE_LINKER_FLAGS="" -DAMENT_CMAKE_SYMLINK_INSTALL=1 -DCMAKE_INSTALL_PREFIX=/Users/dhruvpatel29/humble-ros2/src/ros2_control/install/control_toolbox
[115.306s] DEBUG:colcon.colcon_core.event_handler.log_command:Invoking command in '/Users/dhruvpatel29/humble-ros2/src/ros2_control/build/control_toolbox': AMENT_PREFIX_PATH=/Users/dhruvpatel29/humble-ros2/src/ros2_control/install/filters:${AMENT_PREFIX_PATH} CMAKE_PREFIX_PATH=/Users/dhruvpatel29/humble-ros2/src/ros2_control/install/filters:/opt/homebrew/Cellar/google-benchmark/1.9.4:/Users/dhruvpatel29/humble-ros2/src/ros-commondep/boost:/Users/dhruvpatel29/humble-ros2/install/rosbag2_storage_mcap:/Users/dhruvpatel29/humble-ros2/install/rosbag2:/Users/dhruvpatel29/humble-ros2/install/rosbag2_compression_zstd:/Users/dhruvpatel29/humble-ros2/install/mcap_vendor:/Users/dhruvpatel29/humble-ros2/install/zstd_vendor:/Users/dhruvpatel29/humble-ros2/install/vision_msgs_rviz_plugins:/Users/dhruvpatel29/humble-ros2/install/test_ros_gz_bridge:/Users/dhruvpatel29/humble-ros2/install/sam_bot_description:/Users/dhruvpatel29/humble-ros2/install/rviz_visual_testing_framework:/Users/dhruvpatel29/humble-ros2/install/ros_ign:/Users/dhruvpatel29/humble-ros2/install/ros_ign_gazebo_demos:/Users/dhruvpatel29/humble-ros2/install/ros_gz:/Users/dhruvpatel29/humble-ros2/install/ros_gz_sim_demos:/Users/dhruvpatel29/humble-ros2/install/rviz2:/Users/dhruvpatel29/humble-ros2/install/nav2_rviz_plugins:/Users/dhruvpatel29/humble-ros2/install/rviz_default_plugins:/Users/dhruvpatel29/humble-ros2/install/rviz_common:/Users/dhruvpatel29/humble-ros2/install/rosbag2_py:/Users/dhruvpatel29/humble-ros2/install/rosbag2_transport:/Users/dhruvpatel29/humble-ros2/install/rosbag2_storage_default_plugins:/Users/dhruvpatel29/humble-ros2/install/rosbag2_performance_benchmarking:/Users/dhruvpatel29/humble-ros2/install/rosbag2_compression:/Users/dhruvpatel29/humble-ros2/install/rosbag2_cpp:/Users/dhruvpatel29/humble-ros2/install/rosbag2_storage:/Users/dhruvpatel29/humble-ros2/install/ros_ign_image:/Users/dhruvpatel29/humble-ros2/install/ros_ign_bridge:/Users/dhruvpatel29/humble-ros2/install/ros_gz_image:/Users/dhruvpatel29/humble-ros2/install/ros_gz_bridge:/Users/dhruvpatel29/humble-ros2/install/robot_localization:/Users/dhruvpatel29/humble-ros2/install/nav2_map_server:/Users/dhruvpatel29/humble-ros2/install/image_common:/Users/dhruvpatel29/humble-ros2/install/camera_info_manager:/Users/dhruvpatel29/humble-ros2/install/camera_calibration_parsers:/Users/dhruvpatel29/humble-ros2/install/yaml_cpp_vendor:/Users/dhruvpatel29/humble-ros2/install/moveit_resources_prbt_support:/Users/dhruvpatel29/humble-ros2/install/moveit_resources:/Users/dhruvpatel29/humble-ros2/install/moveit_resources_panda_moveit_config:/Users/dhruvpatel29/humble-ros2/install/moveit_resources_fanuc_moveit_config:/Users/dhruvpatel29/humble-ros2/install/xacro:/Users/dhruvpatel29/humble-ros2/install/warehouse_ros:/Users/dhruvpatel29/humble-ros2/install/moveit_task_constructor_msgs:/Users/dhruvpatel29/humble-ros2/install/interactive_markers:/Users/dhruvpatel29/humble-ros2/install/geometric_shapes:/Users/dhruvpatel29/humble-ros2/install/common_interfaces:/Users/dhruvpatel29/humble-ros2/install/visualization_msgs:/Users/dhruvpatel29/humble-ros2/install/vision_msgs:/Users/dhruvpatel29/humble-ros2/install/srdfdom:/Users/dhruvpatel29/humble-ros2/install/dummy_robot_bringup:/Users/dhruvpatel29/humble-ros2/install/robot_state_publisher:/Users/dhruvpatel29/humble-ros2/install/kinematics_interface_kdl:/Users/dhruvpatel29/humble-ros2/install/kdl_parser:/Users/dhruvpatel29/humble-ros2/install/joint_limits:/Users/dhruvpatel29/humble-ros2/install/urdf:/Users/dhruvpatel29/humble-ros2/install/urdfdom:/Users/dhruvpatel29/humble-ros2/install/urdf_parser_plugin:/Users/dhruvpatel29/humble-ros2/install/urdfdom_headers:/Users/dhruvpatel29/humble-ros2/install/turtlesim:/Users/dhruvpatel29/humble-ros2/install/transmission_interface:/Users/dhruvpatel29/humble-ros2/install/geometry2:/Users/dhruvpatel29/humble-ros2/install/tf2_sensor_msgs:/Users/dhruvpatel29/humble-ros2/install/test_tf2:/Users/dhruvpatel29/humble-ros2/install/tf2_kdl:/Users/dhruvpatel29/humble-ros2/install/nav_2d_utils:/Users/dhruvpatel29/humble-ros2/install/nav2_velocity_smoother:/Users/dhruvpatel29/humble-ros2/install/nav2_lifecycle_manager:/Users/dhruvpatel29/humble-ros2/install/nav2_amcl:/Users/dhruvpatel29/humble-ros2/install/nav2_util:/Users/dhruvpatel29/humble-ros2/install/tf2_geometry_msgs:/Users/dhruvpatel29/humble-ros2/install/tf2_eigen:/Users/dhruvpatel29/humble-ros2/install/tf2_bullet:/Users/dhruvpatel29/humble-ros2/install/tf2_ros:/Users/dhruvpatel29/humble-ros2/install/tf2_py:/Users/dhruvpatel29/humble-ros2/install/tf2_msgs:/Users/dhruvpatel29/humble-ros2/install/test_msgs:/Users/dhruvpatel29/humble-ros2/install/sros2_cmake:/Users/dhruvpatel29/humble-ros2/install/ros2cli_common_extensions:/Users/dhruvpatel29/humble-ros2/install/diagnostics:/Users/dhruvpatel29/humble-ros2/install/self_test:/Users/dhruvpatel29/humble-ros2/install/rqt_py_common:/Users/dhruvpatel29/humble-ros2/install/rosbag2_storage_mcap_testdata:/Users/dhruvpatel29/humble-ros2/install/ros_testing:/Users/dhruvpatel29/humble-ros2/install/ros2cli_test_interfaces:/Users/dhruvpatel29/humble-ros2/install/realtime_tools:/Users/dhruvpatel29/humble-ros2/install/quality_of_service_demo_cpp:/Users/dhruvpatel29/humble-ros2/install/nav2_common:/Users/dhruvpatel29/humble-ros2/install/image_transport:/Users/dhruvpatel29/humble-ros2/install/message_filters:/Users/dhruvpatel29/humble-ros2/install/demo_nodes_cpp:/Users/dhruvpatel29/humble-ros2/install/composition:/Users/dhruvpatel29/humble-ros2/install/laser_geometry:/Users/dhruvpatel29/humble-ros2/install/gps_tools:/Users/dhruvpatel29/humble-ros2/install/dynamixel_sdk_examples:/Users/dhruvpatel29/humble-ros2/install/diagnostic_common_diagnostics:/Users/dhruvpatel29/humble-ros2/install/diagnostic_updater:/Users/dhruvpatel29/humble-ros2/install/diagnostic_aggregator:/Users/dhruvpatel29/humble-ros2/install/rclpy:/Users/dhruvpatel29/humble-ros2/install/examples_rclcpp_minimal_action_server:/Users/dhruvpatel29/humble-ros2/install/examples_rclcpp_minimal_action_client:/Users/dhruvpatel29/humble-ros2/install/btcpp_ros2_samples:/Users/dhruvpatel29/humble-ros2/install/behaviortree_ros2:/Users/dhruvpatel29/humble-ros2/install/action_tutorials_cpp:/Users/dhruvpatel29/humble-ros2/install/rclcpp_action:/Users/dhruvpatel29/humble-ros2/install/rcl_action:/Users/dhruvpatel29/humble-ros2/install/moveit_msgs:/Users/dhruvpatel29/humble-ros2/install/object_recognition_msgs:/Users/dhruvpatel29/humble-ros2/install/nav2_msgs:/Users/dhruvpatel29/humble-ros2/install/nav2_dynamic_msgs:/Users/dhruvpatel29/humble-ros2/install/hardware_interface_testing:/Users/dhruvpatel29/humble-ros2/install/controller_interface:/Users/dhruvpatel29/humble-ros2/install/hardware_interface:/Users/dhruvpatel29/humble-ros2/install/geographic_info:/Users/dhruvpatel29/humble-ros2/install/geodesy:/Users/dhruvpatel29/humble-ros2/install/geographic_msgs:/Users/dhruvpatel29/humble-ros2/install/examples_rclcpp_wait_set:/Users/dhruvpatel29/humble-ros2/install/examples_rclcpp_minimal_service:/Users/dhruvpatel29/humble-ros2/install/examples_rclcpp_minimal_client:/Users/dhruvpatel29/humble-ros2/install/examples_rclcpp_async_client:/Users/dhruvpatel29/humble-ros2/install/example_interfaces:/Users/dhruvpatel29/humble-ros2/install/control_msgs:/Users/dhruvpatel29/humble-ros2/install/btcpp_ros2_interfaces:/Users/dhruvpatel29/humble-ros2/install/action_tutorials_interfaces:/Users/dhruvpatel29/humble-ros2/install/action_msgs:/Users/dhruvpatel29/humble-ros2/install/unique_identifier_msgs:/Users/dhruvpatel29/humble-ros2/install/ament_lint_common:/Users/dhruvpatel29/humble-ros2/install/ament_cmake_uncrustify:/Users/dhruvpatel29/humble-ros2/install/uncrustify_vendor:/Users/dhruvpatel29/humble-ros2/install/trajectory_msgs:/Users/dhruvpatel29/humble-ros2/install/topic_statistics_demo:/Users/dhruvpatel29/humble-ros2/install/test_tracetools:/Users/dhruvpatel29/humble-ros2/install/rosbag2_test_common:/Users/dhruvpatel29/humble-ros2/install/ros_ign_gazebo:/Users/dhruvpatel29/humble-ros2/install/ros_gz_sim:/Users/dhruvpatel29/humble-ros2/install/ros2lifecycle_test_fixtures:/Users/dhruvpatel29/humble-ros2/install/lifecycle:/Users/dhruvpatel29/humble-ros2/install/kinematics_interface:/Users/dhruvpatel29/humble-ros2/install/bond_core:/Users/dhruvpatel29/humble-ros2/install/bondcpp:/Users/dhruvpatel29/humble-ros2/install/rclcpp_lifecycle:/Users/dhruvpatel29/humble-ros2/install/logging_demo:/Users/dhruvpatel29/humble-ros2/install/image_tools:/Users/dhruvpatel29/humble-ros2/install/examples_rclcpp_minimal_subscriber:/Users/dhruvpatel29/humble-ros2/install/examples_rclcpp_minimal_composition:/Users/dhruvpatel29/humble-ros2/install/demo_nodes_cpp_native:/Users/dhruvpatel29/humble-ros2/install/rclcpp_components:/Users/dhruvpatel29/humble-ros2/install/nav2_voxel_grid:/Users/dhruvpatel29/humble-ros2/install/intra_process_demo:/Users/dhruvpatel29/humble-ros2/install/examples_rclcpp_multithreaded_executor:/Users/dhruvpatel29/humble-ros2/install/examples_rclcpp_minimal_timer:/Users/dhruvpatel29/humble-ros2/install/examples_rclcpp_minimal_publisher:/Users/dhruvpatel29/humble-ros2/install/examples_rclcpp_cbg_executor:/Users/dhruvpatel29/humble-ros2/install/dummy_sensors:/Users/dhruvpatel29/humble-ros2/install/dummy_map_server:/Users/dhruvpatel29/humble-ros2/install/behaviortree_cpp:/Users/dhruvpatel29/humble-ros2/install/rclcpp:/Users/dhruvpatel29/humble-ros2/install/rcl_lifecycle:/Users/dhruvpatel29/humble-ros2/install/libstatistics_collector:/Users/dhruvpatel29/humble-ros2/install/rcl:/Users/dhruvpatel29/humble-ros2/install/rmw_implementation:/Users/dhruvpatel29/humble-ros2/install/rmw_fastrtps_dynamic_cpp:/Users/dhruvpatel29/humble-ros2/install/rmw_fastrtps_cpp:/Users/dhruvpatel29/humble-ros2/install/rmw_fastrtps_shared_cpp:/Users/dhruvpatel29/humble-ros2/install/rmw_cyclonedds_cpp:/Users/dhruvpatel29/humble-ros2/install/tracetools:/Users/dhruvpatel29/humble-ros2/install/tinyxml_vendor:/Users/dhruvpatel29/humble-ros2/install/pluginlib:/Users/dhruvpatel29/humble-ros2/install/tinyxml2_vendor:/Users/dhruvpatel29/humble-ros2/install/tf2_eigen_kdl:/Users/dhruvpatel29/humble-ros2/install/tf2:/Users/dhruvpatel29/humble-ros2/install/test_security:/Users/dhruvpatel29/humble-ros2/install/test_rmw_implementation:/Users/dhruvpatel29/humble-ros2/install/test_rclcpp:/Users/dhruvpatel29/humble-ros2/install/test_quality_of_service:/Users/dhruvpatel29/humble-ros2/install/test_launch_testing:/Users/dhruvpatel29/humble-ros2/install/test_interface_files:/Users/dhruvpatel29/humble-ros2/install/test_communication:/Users/dhruvpatel29/humble-ros2/install/test_cli_remapping:/Users/dhruvpatel29/humble-ros2/install/test_cli:/Users/dhruvpatel29/humble-ros2/install/test_bond:/Users/dhruvpatel29/humble-ros2/install/qt_gui_core:/Users/dhruvpatel29/humble-ros2/install/qt_gui_app:/Users/dhruvpatel29/humble-ros2/install/qt_gui:/Users/dhruvpatel29/humble-ros2/install/tango_icons_vendor:/Users/dhruvpatel29/humble-ros2/install/stereo_msgs:/Users/dhruvpatel29/humble-ros2/install/std_srvs:/Users/dhruvpatel29/humble-ros2/install/shape_msgs:/Users/dhruvpatel29/humble-ros2/install/map_msgs:/Users/dhruvpatel29/humble-ros2/install/sensor_msgs:/Users/dhruvpatel29/humble-ros2/install/ros_ign_interfaces:/Users/dhruvpatel29/humble-ros2/install/ros_gz_interfaces:/Users/dhruvpatel29/humble-ros2/install/octomap_msgs:/Users/dhruvpatel29/humble-ros2/install/dwb_msgs:/Users/dhruvpatel29/humble-ros2/install/nav_msgs:/Users/dhruvpatel29/humble-ros2/install/nav_2d_msgs:/Users/dhruvpatel29/humble-ros2/install/graph_msgs:/Users/dhruvpatel29/humble-ros2/install/gps_msgs:/Users/dhruvpatel29/humble-ros2/install/diagnostic_msgs:/Users/dhruvpatel29/humble-ros2/install/geometry_msgs:/Users/dhruvpatel29/humble-ros2/install/bond:/Users/dhruvpatel29/humble-ros2/install/actuator_msgs:/Users/dhruvpatel29/humble-ros2/install/actionlib_msgs:/Users/dhruvpatel29/humble-ros2/install/ackermann_msgs:/Users/dhruvpatel29/humble-ros2/install/std_msgs:/Users/dhruvpatel29/humble-ros2/install/statistics_msgs:/Users/dhruvpatel29/humble-ros2/install/sqlite3_vendor:/Users/dhruvpatel29/humble-ros2/install/rcl_logging_spdlog:/Users/dhruvpatel29/humble-ros2/install/spdlog_vendor:/Users/dhruvpatel29/humble-ros2/install/smclib:/Users/dhruvpatel29/humble-ros2/install/shared_queues_vendor:/Users/dhruvpatel29/humble-ros2/install/rviz_rendering_tests:/Users/dhruvpatel29/humble-ros2/install/rviz_rendering:/Users/dhruvpatel29/humble-ros2/install/rviz_ogre_vendor:/Users/dhruvpatel29/humble-ros2/install/rviz_assimp_vendor:/Users/dhruvpatel29/humble-ros2/install/ruckig:/Users/dhruvpatel29/humble-ros2/install/rmw_connextddsmicro:/Users/dhruvpatel29/humble-ros2/install/rmw_connextdds:/Users/dhruvpatel29/humble-ros2/install/rmw_connextdds_common:/Users/dhruvpatel29/humble-ros2/install/rti_connext_dds_cmake_module:/Users/dhruvpatel29/humble-ros2/install/rosgraph_msgs:/Users/dhruvpatel29/humble-ros2/install/rosbag2_interfaces:/Users/dhruvpatel29/humble-ros2/install/rmw_dds_common:/Users/dhruvpatel29/humble-ros2/install/composition_interfaces:/Users/dhruvpatel29/humble-ros2/install/rcl_interfaces:/Users/dhruvpatel29/humble-ros2/install/pendulum_msgs:/Users/dhruvpatel29/humble-ros2/install/controller_manager_msgs:/Users/dhruvpatel29/humble-ros2/install/lifecycle_msgs:/Users/dhruvpatel29/humble-ros2/install/dynamixel_sdk_custom_interfaces:/Users/dhruvpatel29/humble-ros2/install/builtin_interfaces:/Users/dhruvpatel29/humble-ros2/install/rosidl_default_runtime:/Users/dhruvpatel29/humble-ros2/install/rosidl_default_generators:/Users/dhruvpatel29/humble-ros2/install/rosidl_generator_py:/Users/dhruvpatel29/humble-ros2/install/rosidl_typesupport_introspection_tests:/Users/dhruvpatel29/humble-ros2/install/rosidl_typesupport_cpp:/Users/dhruvpatel29/humble-ros2/install/rosidl_typesupport_introspection_cpp:/Users/dhruvpatel29/humble-ros2/install/rosidl_typesupport_c:/Users/dhruvpatel29/humble-ros2/install/rosidl_typesupport_introspection_c:/Users/dhruvpatel29/humble-ros2/install/rosidl_typesupport_fastrtps_c:/Users/dhruvpatel29/humble-ros2/install/rosidl_typesupport_fastrtps_cpp:/Users/dhruvpatel29/humble-ros2/install/rosidl_generator_cpp:/Users/dhruvpatel29/humble-ros2/install/rosidl_runtime_cpp:/Users/dhruvpatel29/humble-ros2/install/rcl_yaml_param_parser:/Users/dhruvpatel29/humble-ros2/install/rmw:/Users/dhruvpatel29/humble-ros2/install/rosidl_runtime_c:/Users/dhruvpatel29/humble-ros2/install/rosidl_generator_c:/Users/dhruvpatel29/humble-ros2/install/rosidl_typesupport_interface:/Users/dhruvpatel29/humble-ros2/install/rosidl_generator_dds_idl:/Users/dhruvpatel29/humble-ros2/install/rosidl_cmake:/Users/dhruvpatel29/humble-ros2/install/rosidl_parser:/Users/dhruvpatel29/humble-ros2/install/rosidl_adapter:/Users/dhruvpatel29/humble-ros2/install/rosbag2_tests:/Users/dhruvpatel29/humble-ros2/install/ros_environment:/Users/dhruvpatel29/humble-ros2/install/ros2_control_test_assets:/Users/dhruvpatel29/humble-ros2/install/ros2_control_cmake:/Users/dhruvpatel29/humble-ros2/install/rmw_implementation_cmake:/Users/dhruvpatel29/humble-ros2/install/resource_retriever:/Users/dhruvpatel29/humble-ros2/install/class_loader:/Users/dhruvpatel29/humble-ros2/install/rcpputils:/Users/dhruvpatel29/humble-ros2/install/rcl_logging_noop:/Users/dhruvpatel29/humble-ros2/install/rcl_logging_interface:/Users/dhruvpatel29/humble-ros2/install/rcutils:/Users/dhruvpatel29/humble-ros2/install/random_numbers:/Users/dhruvpatel29/humble-ros2/install/qt_gui_py_common:/Users/dhruvpatel29/humble-ros2/install/qt_dotgraph:/Users/dhruvpatel29/humble-ros2/install/python_qt_binding:/Users/dhruvpatel29/humble-ros2/install/python_orocos_kdl_vendor:/Users/dhruvpatel29/humble-ros2/install/launch_testing_ament_cmake:/Users/dhruvpatel29/humble-ros2/install/python_cmake_module:/Users/dhruvpatel29/humble-ros2/install/pybind11_vendor:/Users/dhruvpatel29/humble-ros2/install/performance_test_fixture:/Users/dhruvpatel29/humble-ros2/install/osrf_testing_tools_cpp:/Users/dhruvpatel29/humble-ros2/install/orocos_kdl_vendor:/Users/dhruvpatel29/humble-ros2/install/octomap-distribution:/Users/dhruvpatel29/humble-ros2/install/nav2_costmap_filters_demo:/Users/dhruvpatel29/humble-ros2/install/moveit_resources_pr2_description:/Users/dhruvpatel29/humble-ros2/install/moveit_resources_panda_description:/Users/dhruvpatel29/humble-ros2/install/moveit_resources_fanuc_description:/Users/dhruvpatel29/humble-ros2/install/moveit_common:/Users/dhruvpatel29/humble-ros2/install/mimick_vendor:/Users/dhruvpatel29/humble-ros2/install/libyaml_vendor:/Users/dhruvpatel29/humble-ros2/install/libcurl_vendor:/Users/dhruvpatel29/humble-ros2/install/keyboard_handler:/Users/dhruvpatel29/humble-ros2/install/iceoryx_introspection:/Users/dhruvpatel29/humble-ros2/install/cyclonedds:/Users/dhruvpatel29/humble-ros2/install/iceoryx_posh:/Users/dhruvpatel29/humble-ros2/install/iceoryx_hoofs:/Users/dhruvpatel29/humble-ros2/install/iceoryx_binding_c:/Users/dhruvpatel29/humble-ros2/install/gz-transport14:/Users/dhruvpatel29/humble-ros2/install/ament_cmake_ros:/Users/dhruvpatel29/humble-ros2/install/ament_cmake_auto:/Users/dhruvpatel29/humble-ros2/install/ament_cmake_gmock:/Users/dhruvpatel29/humble-ros2/install/gmock_vendor:/Users/dhruvpatel29/humble-ros2/install/ament_cmake_gtest:/Users/dhruvpatel29/humble-ros2/install/gtest_vendor:/Users/dhruvpatel29/humble-ros2/install/ament_cmake_google_benchmark:/Users/dhruvpatel29/humble-ros2/install/fastrtps:/Users/dhruvpatel29/humble-ros2/install/foonathan_memory_vendor:/Users/dhruvpatel29/humble-ros2/install/fastrtps_cmake_module:/Users/dhruvpatel29/humble-ros2/install/fastcdr:/Users/dhruvpatel29/humble-ros2/install/eigen_stl_containers:/Users/dhruvpatel29/humble-ros2/install/eigen3_cmake_module:/Users/dhruvpatel29/humble-ros2/install/dynamixel_sdk:/Users/dhruvpatel29/humble-ros2/install/diagnostic_remote_logging:/Users/dhruvpatel29/humble-ros2/install/console_bridge_vendor:/Users/dhruvpatel29/humble-ros2/install/ceres-solver:/Users/dhruvpatel29/humble-ros2/install/backward_ros:/Users/dhruvpatel29/humble-ros2/install/ament_cmake_xmllint:/Users/dhruvpatel29/humble-ros2/install/ament_cmake_pyflakes:/Users/dhruvpatel29/humble-ros2/install/ament_cmake_pycodestyle:/Users/dhruvpatel29/humble-ros2/install/ament_cmake_pep257:/Users/dhruvpatel29/humble-ros2/install/ament_cmake_pclint:/Users/dhruvpatel29/humble-ros2/install/ament_lint_auto:/Users/dhruvpatel29/humble-ros2/install/ament_cmake:/Users/dhruvpatel29/humble-ros2/install/ament_cmake_version:/Users/dhruvpatel29/humble-ros2/install/ament_cmake_vendor_package:/Users/dhruvpatel29/humble-ros2/install/ament_cmake_pytest:/Users/dhruvpatel29/humble-ros2/install/ament_cmake_nose:/Users/dhruvpatel29/humble-ros2/install/ament_cmake_mypy:/Users/dhruvpatel29/humble-ros2/install/ament_cmake_lint_cmake:/Users/dhruvpatel29/humble-ros2/install/ament_cmake_flake8:/Users/dhruvpatel29/humble-ros2/install/ament_cmake_cpplint:/Users/dhruvpatel29/humble-ros2/install/ament_cmake_cppcheck:/Users/dhruvpatel29/humble-ros2/install/ament_cmake_copyright:/Users/dhruvpatel29/humble-ros2/install/ament_cmake_clang_tidy:/Users/dhruvpatel29/humble-ros2/install/ament_cmake_clang_format:/Users/dhruvpatel29/humble-ros2/install/ament_cmake_test:/Users/dhruvpatel29/humble-ros2/install/ament_cmake_target_dependencies:/Users/dhruvpatel29/humble-ros2/install/ament_cmake_python:/Users/dhruvpatel29/humble-ros2/install/ament_cmake_export_dependencies:/Users/dhruvpatel29/humble-ros2/install/ament_cmake_libraries:/Users/dhruvpatel29/humble-ros2/install/ament_cmake_include_directories:/Users/dhruvpatel29/humble-ros2/install/ament_cmake_gen_version_h:/Users/dhruvpatel29/humble-ros2/install/ament_cmake_export_targets:/Users/dhruvpatel29/humble-ros2/install/ament_cmake_export_link_flags:/Users/dhruvpatel29/humble-ros2/install/ament_cmake_export_interfaces:/Users/dhruvpatel29/humble-ros2/install/ament_cmake_export_libraries:/Users/dhruvpatel29/humble-ros2/install/ament_cmake_export_include_directories:/Users/dhruvpatel29/humble-ros2/install/ament_cmake_export_definitions:/Users/dhruvpatel29/humble-ros2/install/ament_cmake_core:/Users/dhruvpatel29/humble-ros2/install/ament_index_cpp:/Users/dhruvpatel29/humble-ros2/install/GeographicLib:/Users/dhruvpatel29/ros2_ws/install/turtlesim_final:/Users/dhruvpatel29/ros2_ws/install/turtlecatch_bringup:/Users/dhruvpatel29/ros2_ws/install/turtlebot4_simulator:/Users/dhruvpatel29/ros2_ws/install/turtlebot4_ignition_bringup:/Users/dhruvpatel29/ros2_ws/install/turtlebot4_desktop:/Users/dhruvpatel29/ros2_ws/install/turtlebot4_viz:/Users/dhruvpatel29/ros2_ws/install/turtlebot4_node:/Users/dhruvpatel29/ros2_ws/install/turtlebot4_navigation:/Users/dhruvpatel29/ros2_ws/install/turtlebot4_ignition_toolbox:/Users/dhruvpatel29/ros2_ws/install/turtlebot4_msgs:/Users/dhruvpatel29/ros2_ws/install/turtlebot4_ignition_gui_plugins:/Users/dhruvpatel29/ros2_ws/install/turtlebot4_description:/Users/dhruvpatel29/ros2_ws/install/turtlebot3:/Users/dhruvpatel29/ros2_ws/install/turtlebot3_bringup:/Users/dhruvpatel29/ros2_ws/install/turtlebot3_node:/Users/dhruvpatel29/ros2_ws/install/turtlebot3_navigation2:/Users/dhruvpatel29/ros2_ws/install/turtlebot3_msgs:/Users/dhruvpatel29/ros2_ws/install/turtlebot3_description:/Users/dhruvpatel29/ros2_ws/install/turtlebot3_cartographer:/Users/dhruvpatel29/ros2_ws/install/robot_arm_controller:/Users/dhruvpatel29/ros2_ws/install/polygon_plugins:/Users/dhruvpatel29/ros2_ws/install/polygon_base:/Users/dhruvpatel29/ros2_ws/install/my_robot_station_bringup:/Users/dhruvpatel29/ros2_ws/install/my_robot_lifecycle_bringup:/Users/dhruvpatel29/ros2_ws/install/my_robot_bringup:/Users/dhruvpatel29/ros2_ws/install/my_cpp_pkg:/Users/dhruvpatel29/ros2_ws/install/actions_cpp:/Users/dhruvpatel29/ros2_ws/install/my_robot_interfaces:/Users/dhruvpatel29/ros2_ws/install/my_robot_bringup_gazebo:/Users/dhruvpatel29/ros2_ws/install/my_robot_description:/Users/dhruvpatel29/ros2_ws/install/moveit2_tutorials:/Users/dhruvpatel29/ros2_ws/install/lifecycle_cpp:/Users/dhruvpatel29/ros2_ws/install/irobot_create_ignition_sim:/Users/dhruvpatel29/ros2_ws/install/irobot_create_ignition_bringup:/Users/dhruvpatel29/ros2_ws/install/irobot_create_gazebo_sim:/Users/dhruvpatel29/ros2_ws/install/irobot_create_gazebo_bringup:/Users/dhruvpatel29/ros2_ws/install/irobot_create_common_bringup:/Users/dhruvpatel29/ros2_ws/install/irobot_create_nodes:/Users/dhruvpatel29/ros2_ws/install/irobot_create_ignition_toolbox:/Users/dhruvpatel29/ros2_ws/install/irobot_create_gazebo_plugins:/Users/dhruvpatel29/ros2_ws/install/irobot_create_toolbox:/Users/dhruvpatel29/ros2_ws/install/irobot_create_msgs:/Users/dhruvpatel29/ros2_ws/install/irobot_create_ignition_plugins:/Users/dhruvpatel29/ros2_ws/install/irobot_create_description:/Users/dhruvpatel29/ros2_ws/install/irobot_create_control:/Users/dhruvpatel29/ros2_ws/install/executors_cpp:/Users/dhruvpatel29/ros2_ws/install/components_cpp:/Users/dhruvpatel29/ros2_ws/install/add_two_ints_cpp:/Users/dhruvpatel29/backup_ros/humble-ros2/install/mcap_vendor:/Users/dhruvpatel29/backup_ros/humble-ros2/install/zstd_vendor:/Users/dhruvpatel29/backup_ros/humble-ros2/install/rviz_visual_testing_framework:/Users/dhruvpatel29/backup_ros/humble-ros2/install/rviz_common:/Users/dhruvpatel29/backup_ros/humble-ros2/install/rosbag2_storage:/Users/dhruvpatel29/backup_ros/humble-ros2/install/nav2_map_server:/Users/dhruvpatel29/backup_ros/humble-ros2/install/yaml_cpp_vendor:/Users/dhruvpatel29/backup_ros/humble-ros2/install/xtensor:/Users/dhruvpatel29/backup_ros/humble-ros2/install/xsimd:/Users/dhruvpatel29/backup_ros/humble-ros2/install/xtl:/Users/dhruvpatel29/backup_ros/humble-ros2/install/moveit_resources_prbt_support:/Users/dhruvpatel29/backup_ros/humble-ros2/install/moveit_resources_panda_moveit_config:/Users/dhruvpatel29/backup_ros/humble-ros2/install/moveit_resources_fanuc_moveit_config:/Users/dhruvpatel29/backup_ros/humble-ros2/install/xacro:/Users/dhruvpatel29/backup_ros/humble-ros2/install/warehouse_ros:/Users/dhruvpatel29/backup_ros/humble-ros2/install/interactive_markers:/Users/dhruvpatel29/backup_ros/humble-ros2/install/geometric_shapes:/Users/dhruvpatel29/backup_ros/humble-ros2/install/common_interfaces:/Users/dhruvpatel29/backup_ros/humble-ros2/install/visualization_msgs:/Users/dhruvpatel29/backup_ros/humble-ros2/install/vision_msgs:/Users/dhruvpatel29/backup_ros/humble-ros2/install/srdfdom:/Users/dhruvpatel29/backup_ros/humble-ros2/install/robot_state_publisher:/Users/dhruvpatel29/backup_ros/humble-ros2/install/kdl_parser:/Users/dhruvpatel29/backup_ros/humble-ros2/install/urdf:/Users/dhruvpatel29/backup_ros/humble-ros2/install/urdfdom:/Users/dhruvpatel29/backup_ros/humble-ros2/install/urdf_parser_plugin:/Users/dhruvpatel29/backup_ros/humble-ros2/install/urdfdom_headers:/Users/dhruvpatel29/backup_ros/humble-ros2/install/tf2_sensor_msgs:/Users/dhruvpatel29/backup_ros/humble-ros2/install/tf2_kdl:/Users/dhruvpatel29/backup_ros/humble-ros2/install/nav2_lifecycle_manager:/Users/dhruvpatel29/backup_ros/humble-ros2/install/nav2_util:/Users/dhruvpatel29/backup_ros/humble-ros2/install/tf2_geometry_msgs:/Users/dhruvpatel29/backup_ros/humble-ros2/install/tf2_eigen:/Users/dhruvpatel29/backup_ros/humble-ros2/install/tf2_ros:/Users/dhruvpatel29/backup_ros/humble-ros2/install/tf2_py:/Users/dhruvpatel29/backup_ros/humble-ros2/install/tf2_msgs:/Users/dhruvpatel29/backup_ros/humble-ros2/install/test_msgs:/Users/dhruvpatel29/backup_ros/humble-ros2/install/rqt_py_common:/Users/dhruvpatel29/backup_ros/humble-ros2/install/rosbag2_storage_mcap_testdata:/Users/dhruvpatel29/backup_ros/humble-ros2/install/ros_testing:/Users/dhruvpatel29/backup_ros/humble-ros2/install/controller_manager:/Users/dhruvpatel29/backup_ros/humble-ros2/install/ros2cli_test_interfaces:/Users/dhruvpatel29/backup_ros/humble-ros2/install/realtime_tools:/Users/dhruvpatel29/backup_ros/humble-ros2/install/nav2_common:/Users/dhruvpatel29/backup_ros/humble-ros2/install/image_transport:/Users/dhruvpatel29/backup_ros/humble-ros2/install/message_filters:/Users/dhruvpatel29/backup_ros/humble-ros2/install/laser_geometry:/Users/dhruvpatel29/backup_ros/humble-ros2/install/generate_parameter_library:/Users/dhruvpatel29/backup_ros/humble-ros2/install/diagnostic_updater:/Users/dhruvpatel29/backup_ros/humble-ros2/install/rclpy:/Users/dhruvpatel29/backup_ros/humble-ros2/install/rclcpp_action:/Users/dhruvpatel29/backup_ros/humble-ros2/install/rcl_action:/Users/dhruvpatel29/backup_ros/humble-ros2/install/moveit_msgs:/Users/dhruvpatel29/backup_ros/humble-ros2/install/object_recognition_msgs:/Users/dhruvpatel29/backup_ros/humble-ros2/install/nav2_msgs:/Users/dhruvpatel29/backup_ros/humble-ros2/install/hardware_interface_testing:/Users/dhruvpatel29/backup_ros/humble-ros2/install/controller_interface:/Users/dhruvpatel29/backup_ros/humble-ros2/install/hardware_interface:/Users/dhruvpatel29/backup_ros/humble-ros2/install/geographic_msgs:/Users/dhruvpatel29/backup_ros/humble-ros2/install/example_interfaces:/Users/dhruvpatel29/backup_ros/humble-ros2/install/control_msgs:/Users/dhruvpatel29/backup_ros/humble-ros2/install/btcpp_ros2_interfaces:/Users/dhruvpatel29/backup_ros/humble-ros2/install/action_tutorials_interfaces:/Users/dhruvpatel29/backup_ros/humble-ros2/install/action_msgs:/Users/dhruvpatel29/backup_ros/humble-ros2/install/unique_identifier_msgs:/Users/dhruvpatel29/backup_ros/humble-ros2/install/ament_lint_common:/Users/dhruvpatel29/backup_ros/humble-ros2/install/ament_cmake_uncrustify:/Users/dhruvpatel29/backup_ros/humble-ros2/install/uncrustify_vendor:/Users/dhruvpatel29/backup_ros/humble-ros2/install/trajectory_msgs:/Users/dhruvpatel29/backup_ros/humble-ros2/install/parameter_traits:/Users/dhruvpatel29/humble-ros2/install/rqt_bag_plugins:/Users/dhruvpatel29/humble-ros2/install/rqt_bag:/Users/dhruvpatel29/humble-ros2/install/launch_testing_examples:/Users/dhruvpatel29/humble-ros2/install/ros2bag:/Users/dhruvpatel29/humble-ros2/install/moveit_configs_utils:/Users/dhruvpatel29/humble-ros2/install/launch_param_builder:/Users/dhruvpatel29/humble-ros2/install/kf_hungarian_tracker:/Users/dhruvpatel29/humble-ros2/install/tracetools_test:/Users/dhruvpatel29/humble-ros2/install/tracetools_launch:/Users/dhruvpatel29/humble-ros2/install/topic_monitor:/Users/dhruvpatel29/humble-ros2/install/tf2_tools:/Users/dhruvpatel29/humble-ros2/install/examples_tf2_py:/Users/dhruvpatel29/humble-ros2/install/tf2_ros_py:/Users/dhruvpatel29/humble-ros2/install/sros2:/Users/dhruvpatel29/humble-ros2/install/rqt_topic:/Users/dhruvpatel29/humble-ros2/install/rqt_srv:/Users/dhruvpatel29/humble-ros2/install/rqt_shell:/Users/dhruvpatel29/humble-ros2/install/rqt_service_caller:/Users/dhruvpatel29/humble-ros2/install/rqt_reconfigure:/Users/dhruvpatel29/humble-ros2/install/rqt_py_console:/Users/dhruvpatel29/humble-ros2/install/rqt_publisher:/Users/dhruvpatel29/humble-ros2/install/rqt_plot:/Users/dhruvpatel29/humble-ros2/install/rqt_action:/Users/dhruvpatel29/humble-ros2/install/rqt_msg:/Users/dhruvpatel29/humble-ros2/install/rqt_console:/Users/dhruvpatel29/humble-ros2/install/rqt:/Users/dhruvpatel29/humble-ros2/install/rqt_joint_trajectory_controller:/Users/dhruvpatel29/humble-ros2/install/rqt_graph:/Users/dhruvpatel29/humble-ros2/install/rqt_gui_py:/Users/dhruvpatel29/humble-ros2/install/rqt_gui:/Users/dhruvpatel29/humble-ros2/install/ros2trace:/Users/dhruvpatel29/humble-ros2/install/ros2topic:/Users/dhruvpatel29/humble-ros2/install/ros2test:/Users/dhruvpatel29/humble-ros2/install/ros2component:/Users/dhruvpatel29/humble-ros2/install/ros2param:/Users/dhruvpatel29/humble-ros2/install/ros2lifecycle:/Users/dhruvpatel29/humble-ros2/install/ros2service:/Users/dhruvpatel29/humble-ros2/install/ros2run:/Users/dhruvpatel29/humble-ros2/install/ros2launch:/Users/dhruvpatel29/humble-ros2/install/ros2pkg:/Users/dhruvpatel29/humble-ros2/install/ros2node:/Users/dhruvpatel29/humble-ros2/install/ros2multicast:/Users/dhruvpatel29/humble-ros2/install/ros2interface:/Users/dhruvpatel29/humble-ros2/install/ros2doctor:/Users/dhruvpatel29/humble-ros2/install/ros2action:/Users/dhruvpatel29/humble-ros2/install/ros2cli:/Users/dhruvpatel29/humble-ros2/install/ros2_controllers_test_nodes:/Users/dhruvpatel29/humble-ros2/install/quality_of_service_demo_py:/Users/dhruvpatel29/humble-ros2/install/nav2_simple_commander:/Users/dhruvpatel29/humble-ros2/install/lifecycle_py:/Users/dhruvpatel29/humble-ros2/install/launch_testing_ros:/Users/dhruvpatel29/humble-ros2/install/launch_ros:/Users/dhruvpatel29/humble-ros2/install/examples_rclpy_pointcloud_publisher:/Users/dhruvpatel29/humble-ros2/install/examples_rclpy_minimal_subscriber:/Users/dhruvpatel29/humble-ros2/install/examples_rclpy_minimal_service:/Users/dhruvpatel29/humble-ros2/install/examples_rclpy_minimal_publisher:/Users/dhruvpatel29/humble-ros2/install/examples_rclpy_minimal_client:/Users/dhruvpatel29/humble-ros2/install/examples_rclpy_minimal_action_server:/Users/dhruvpatel29/humble-ros2/install/examples_rclpy_minimal_action_client:/Users/dhruvpatel29/humble-ros2/install/examples_rclpy_guard_conditions:/Users/dhruvpatel29/humble-ros2/install/examples_rclpy_executors:/Users/dhruvpatel29/humble-ros2/install/demo_nodes_py:/Users/dhruvpatel29/humble-ros2/install/camera_info_manager_py:/Users/dhruvpatel29/humble-ros2/install/bondpy:/Users/dhruvpatel29/humble-ros2/install/action_tutorials_py:/Users/dhruvpatel29/humble-ros2/install/ament_uncrustify:/Users/dhruvpatel29/humble-ros2/install/tracetools_trace:/Users/dhruvpatel29/humble-ros2/install/tracetools_read:/Users/dhruvpatel29/humble-ros2/install/test_tracetools_launch:/Users/dhruvpatel29/humble-ros2/install/test_launch_ros:/Users/dhruvpatel29/humble-ros2/install/sensor_msgs_py:/Users/dhruvpatel29/humble-ros2/install/rpyutils:/Users/dhruvpatel29/humble-ros2/install/rosidl_runtime_py:/Users/dhruvpatel29/humble-ros2/install/rosidl_cli:/Users/dhruvpatel29/humble-ros2/install/launch_pytest:/Users/dhruvpatel29/humble-ros2/install/launch_testing:/Users/dhruvpatel29/humble-ros2/install/launch_yaml:/Users/dhruvpatel29/humble-ros2/install/launch_xml:/Users/dhruvpatel29/humble-ros2/install/launch:/Users/dhruvpatel29/humble-ros2/install/osrf_pycommon:/Users/dhruvpatel29/humble-ros2/install/domain_coordinator:/Users/dhruvpatel29/humble-ros2/install/ament_xmllint:/Users/dhruvpatel29/humble-ros2/install/ament_pyflakes:/Users/dhruvpatel29/humble-ros2/install/ament_pycodestyle:/Users/dhruvpatel29/humble-ros2/install/ament_pep257:/Users/dhruvpatel29/humble-ros2/install/ament_pclint:/Users/dhruvpatel29/humble-ros2/install/ament_package:/Users/dhruvpatel29/humble-ros2/install/ament_mypy:/Users/dhruvpatel29/humble-ros2/install/ament_lint_cmake:/Users/dhruvpatel29/humble-ros2/install/ament_flake8:/Users/dhruvpatel29/humble-ros2/install/ament_copyright:/Users/dhruvpatel29/humble-ros2/install/ament_lint:/Users/dhruvpatel29/humble-ros2/install/ament_index_python:/Users/dhruvpatel29/humble-ros2/install/ament_cpplint:/Users/dhruvpatel29/humble-ros2/install/ament_cppcheck:/Users/dhruvpatel29/humble-ros2/install/ament_clang_tidy:/Users/dhruvpatel29/humble-ros2/install/ament_clang_format:/Users/dhruvpatel29/ros2_ws/install/turtlesim_catch_them_all:/Users/dhruvpatel29/ros2_ws/install/turtlebot3_teleop:/Users/dhruvpatel29/ros2_ws/install/turtlebot3_example:/Users/dhruvpatel29/ros2_ws/install/number_counter:/Users/dhruvpatel29/ros2_ws/install/my_py_pkg:/Users/dhruvpatel29/ros2_ws/install/actions_py:/Users/dhruvpatel29/ros2_ws/install/lifecycle_py:/Users/dhruvpatel29/ros2_ws/install/executors_py:/Users/dhruvpatel29/ros2_ws/install/components_py:/Users/dhruvpatel29/ros2_ws/install/add_two_ints:/Users/dhruvpatel29/backup_ros/humble-ros2/install/moveit_configs_utils:/Users/dhruvpatel29/backup_ros/humble-ros2/install/launch_param_builder:/Users/dhruvpatel29/backup_ros/humble-ros2/install/tf2_ros_py:/Users/dhruvpatel29/backup_ros/humble-ros2/install/rqt_gui_py:/Users/dhruvpatel29/backup_ros/humble-ros2/install/rqt_gui:/Users/dhruvpatel29/backup_ros/humble-ros2/install/ros2topic:/Users/dhruvpatel29/backup_ros/humble-ros2/install/ros2test:/Users/dhruvpatel29/backup_ros/humble-ros2/install/ros2param:/Users/dhruvpatel29/backup_ros/humble-ros2/install/ros2service:/Users/dhruvpatel29/backup_ros/humble-ros2/install/ros2run:/Users/dhruvpatel29/backup_ros/humble-ros2/install/ros2pkg:/Users/dhruvpatel29/backup_ros/humble-ros2/install/ros2node:/Users/dhruvpatel29/backup_ros/humble-ros2/install/ros2cli:/Users/dhruvpatel29/backup_ros/humble-ros2/install/launch_testing_ros:/Users/dhruvpatel29/backup_ros/humble-ros2/install/launch_ros:/Users/dhruvpatel29/backup_ros/humble-ros2/install/joint_state_publisher_gui:/Users/dhruvpatel29/backup_ros/humble-ros2/install/joint_state_publisher:/Users/dhruvpatel29/backup_ros/humble-ros2/install/ament_uncrustify:/Users/dhruvpatel29/backup_ros/humble-ros2/install/tracetools_trace:/Users/dhruvpatel29/backup_ros/humble-ros2/install/tracetools_read:/Users/dhruvpatel29/backup_ros/humble-ros2/install/sensor_msgs_py:/Users/dhruvpatel29/backup_ros/humble-ros2/install/rpyutils:/Users/dhruvpatel29/backup_ros/humble-ros2/install/rosidl_runtime_py:/Users/dhruvpatel29/backup_ros/humble-ros2/install/rosidl_cli:/Users/dhruvpatel29/backup_ros/humble-ros2/install/launch_pytest:/Users/dhruvpatel29/backup_ros/humble-ros2/install/launch_testing:/Users/dhruvpatel29/backup_ros/humble-ros2/install/launch_yaml:/Users/dhruvpatel29/backup_ros/humble-ros2/install/launch_xml:/Users/dhruvpatel29/backup_ros/humble-ros2/install/launch:/Users/dhruvpatel29/backup_ros/humble-ros2/install/osrf_pycommon:/Users/dhruvpatel29/backup_ros/humble-ros2/install/generate_parameter_library_py:/Users/dhruvpatel29/backup_ros/humble-ros2/install/domain_coordinator:/Users/dhruvpatel29/backup_ros/humble-ros2/install/ament_xmllint:/Users/dhruvpatel29/backup_ros/humble-ros2/install/ament_pyflakes:/Users/dhruvpatel29/backup_ros/humble-ros2/install/ament_pycodestyle:/Users/dhruvpatel29/backup_ros/humble-ros2/install/ament_pep257:/Users/dhruvpatel29/backup_ros/humble-ros2/install/ament_pclint:/Users/dhruvpatel29/backup_ros/humble-ros2/install/ament_package:/Users/dhruvpatel29/backup_ros/humble-ros2/install/ament_mypy:/Users/dhruvpatel29/backup_ros/humble-ros2/install/ament_lint_cmake:/Users/dhruvpatel29/backup_ros/humble-ros2/install/ament_flake8:/Users/dhruvpatel29/backup_ros/humble-ros2/install/ament_copyright:/Users/dhruvpatel29/backup_ros/humble-ros2/install/ament_lint:/Users/dhruvpatel29/backup_ros/humble-ros2/install/ament_index_python:/Users/dhruvpatel29/backup_ros/humble-ros2/install/ament_cpplint:/Users/dhruvpatel29/backup_ros/humble-ros2/install/ament_cppcheck:/Users/dhruvpatel29/backup_ros/humble-ros2/install/ament_clang_tidy:/Users/dhruvpatel29/backup_ros/humble-ros2/install/ament_clang_format:/Users/dhruvpatel29/backup_ros/humble-ros2/install/rsl:/Users/dhruvpatel29/backup_ros/humble-ros2/install/rosbag2_test_common:/Users/dhruvpatel29/backup_ros/humble-ros2/install/bondcpp:/Users/dhruvpatel29/backup_ros/humble-ros2/install/rclcpp_lifecycle:/Users/dhruvpatel29/backup_ros/humble-ros2/install/rclcpp_components:/Users/dhruvpatel29/backup_ros/humble-ros2/install/nav2_voxel_grid:/Users/dhruvpatel29/backup_ros/humble-ros2/install/rclcpp:/Users/dhruvpatel29/backup_ros/humble-ros2/install/rcl_lifecycle:/Users/dhruvpatel29/backup_ros/humble-ros2/install/libstatistics_collector:/Users/dhruvpatel29/backup_ros/humble-ros2/install/rcl:/Users/dhruvpatel29/backup_ros/humble-ros2/install/rmw_implementation:/Users/dhruvpatel29/backup_ros/humble-ros2/install/rmw_fastrtps_dynamic_cpp:/Users/dhruvpatel29/backup_ros/humble-ros2/install/rmw_fastrtps_cpp:/Users/dhruvpatel29/backup_ros/humble-ros2/install/rmw_fastrtps_shared_cpp:/Users/dhruvpatel29/backup_ros/humble-ros2/install/rmw_cyclonedds_cpp:/Users/dhruvpatel29/backup_ros/humble-ros2/install/tracetools:/Users/dhruvpatel29/backup_ros/humble-ros2/install/tl_expected:/Users/dhruvpatel29/backup_ros/humble-ros2/install/tinyxml_vendor:/Users/dhruvpatel29/backup_ros/humble-ros2/install/pluginlib:/Users/dhruvpatel29/backup_ros/humble-ros2/install/tinyxml2_vendor:/Users/dhruvpatel29/backup_ros/humble-ros2/install/tf2_eigen_kdl:/Users/dhruvpatel29/backup_ros/humble-ros2/install/tf2:/Users/dhruvpatel29/backup_ros/humble-ros2/install/test_rmw_implementation:/Users/dhruvpatel29/backup_ros/humble-ros2/install/test_launch_testing:/Users/dhruvpatel29/backup_ros/humble-ros2/install/test_interface_files:/Users/dhruvpatel29/backup_ros/humble-ros2/install/tcb_span:/Users/dhruvpatel29/backup_ros/humble-ros2/install/qt_gui_core:/Users/dhruvpatel29/backup_ros/humble-ros2/install/qt_gui_app:/Users/dhruvpatel29/backup_ros/humble-ros2/install/qt_gui:/Users/dhruvpatel29/backup_ros/humble-ros2/install/tango_icons_vendor:/Users/dhruvpatel29/backup_ros/humble-ros2/install/stereo_msgs:/Users/dhruvpatel29/backup_ros/humble-ros2/install/std_srvs:/Users/dhruvpatel29/backup_ros/humble-ros2/install/shape_msgs:/Users/dhruvpatel29/backup_ros/humble-ros2/install/map_msgs:/Users/dhruvpatel29/backup_ros/humble-ros2/install/cv_bridge:/Users/dhruvpatel29/backup_ros/humble-ros2/install/sensor_msgs:/Users/dhruvpatel29/backup_ros/humble-ros2/install/ros_gz_interfaces:/Users/dhruvpatel29/backup_ros/humble-ros2/install/octomap_msgs:/Users/dhruvpatel29/backup_ros/humble-ros2/install/nav_msgs:/Users/dhruvpatel29/backup_ros/humble-ros2/install/nav_2d_msgs:/Users/dhruvpatel29/backup_ros/humble-ros2/install/graph_msgs:/Users/dhruvpatel29/backup_ros/humble-ros2/install/gps_msgs:/Users/dhruvpatel29/backup_ros/humble-ros2/install/diagnostic_msgs:/Users/dhruvpatel29/backup_ros/humble-ros2/install/geometry_msgs:/Users/dhruvpatel29/backup_ros/humble-ros2/install/bond:/Users/dhruvpatel29/backup_ros/humble-ros2/install/actuator_msgs:/Users/dhruvpatel29/backup_ros/humble-ros2/install/actionlib_msgs:/Users/dhruvpatel29/backup_ros/humble-ros2/install/ackermann_msgs:/Users/dhruvpatel29/backup_ros/humble-ros2/install/std_msgs:/Users/dhruvpatel29/backup_ros/humble-ros2/install/statistics_msgs:/Users/dhruvpatel29/backup_ros/humble-ros2/install/sqlite3_vendor:/Users/dhruvpatel29/backup_ros/humble-ros2/install/rcl_logging_spdlog:/Users/dhruvpatel29/backup_ros/humble-ros2/install/spdlog_vendor:/Users/dhruvpatel29/backup_ros/humble-ros2/install/smclib:/Users/dhruvpatel29/backup_ros/humble-ros2/install/shared_queues_vendor:/Users/dhruvpatel29/backup_ros/humble-ros2/install/rviz_rendering_tests:/Users/dhruvpatel29/backup_ros/humble-ros2/install/rviz_rendering:/Users/dhruvpatel29/backup_ros/humble-ros2/install/rviz_ogre_vendor:/Users/dhruvpatel29/backup_ros/humble-ros2/install/rviz_assimp_vendor:/Users/dhruvpatel29/backup_ros/humble-ros2/install/ruckig:/Users/dhruvpatel29/backup_ros/humble-ros2/install/rmw_connextddsmicro:/Users/dhruvpatel29/backup_ros/humble-ros2/install/rmw_connextdds:/Users/dhruvpatel29/backup_ros/humble-ros2/install/rmw_connextdds_common:/Users/dhruvpatel29/backup_ros/humble-ros2/install/rti_connext_dds_cmake_module:/Users/dhruvpatel29/backup_ros/humble-ros2/install/rosgraph_msgs:/Users/dhruvpatel29/backup_ros/humble-ros2/install/rosbag2_interfaces:/Users/dhruvpatel29/backup_ros/humble-ros2/install/rmw_dds_common:/Users/dhruvpatel29/backup_ros/humble-ros2/install/composition_interfaces:/Users/dhruvpatel29/backup_ros/humble-ros2/install/rcl_interfaces:/Users/dhruvpatel29/backup_ros/humble-ros2/install/pendulum_msgs:/Users/dhruvpatel29/backup_ros/humble-ros2/install/controller_manager_msgs:/Users/dhruvpatel29/backup_ros/humble-ros2/install/lifecycle_msgs:/Users/dhruvpatel29/backup_ros/humble-ros2/install/dynamixel_sdk_custom_interfaces:/Users/dhruvpatel29/backup_ros/humble-ros2/install/builtin_interfaces:/Users/dhruvpatel29/backup_ros/humble-ros2/install/rosidl_default_runtime:/Users/dhruvpatel29/backup_ros/humble-ros2/install/rosidl_default_generators:/Users/dhruvpatel29/backup_ros/humble-ros2/install/rosidl_generator_py:/Users/dhruvpatel29/backup_ros/humble-ros2/install/rosidl_typesupport_introspection_tests:/Users/dhruvpatel29/backup_ros/humble-ros2/install/rosidl_typesupport_cpp:/Users/dhruvpatel29/backup_ros/humble-ros2/install/rosidl_typesupport_introspection_cpp:/Users/dhruvpatel29/backup_ros/humble-ros2/install/rosidl_typesupport_c:/Users/dhruvpatel29/backup_ros/humble-ros2/install/rosidl_typesupport_introspection_c:/Users/dhruvpatel29/backup_ros/humble-ros2/install/rosidl_typesupport_fastrtps_c:/Users/dhruvpatel29/backup_ros/humble-ros2/install/rosidl_typesupport_fastrtps_cpp:/Users/dhruvpatel29/backup_ros/humble-ros2/install/rosidl_generator_cpp:/Users/dhruvpatel29/backup_ros/humble-ros2/install/rosidl_runtime_cpp:/Users/dhruvpatel29/backup_ros/humble-ros2/install/rcl_yaml_param_parser:/Users/dhruvpatel29/backup_ros/humble-ros2/install/rmw:/Users/dhruvpatel29/backup_ros/humble-ros2/install/rosidl_runtime_c:/Users/dhruvpatel29/backup_ros/humble-ros2/install/rosidl_generator_c:/Users/dhruvpatel29/backup_ros/humble-ros2/install/rosidl_typesupport_interface:/Users/dhruvpatel29/backup_ros/humble-ros2/install/rosidl_generator_dds_idl:/Users/dhruvpatel29/backup_ros/humble-ros2/install/rosidl_cmake:/Users/dhruvpatel29/backup_ros/humble-ros2/install/rosidl_parser:/Users/dhruvpatel29/backup_ros/humble-ros2/install/rosidl_adapter:/Users/dhruvpatel29/backup_ros/humble-ros2/install/ros_environment:/Users/dhruvpatel29/backup_ros/humble-ros2/install/ros2_control_test_assets:/Users/dhruvpatel29/backup_ros/humble-ros2/install/ros2_control_cmake:/Users/dhruvpatel29/backup_ros/humble-ros2/install/rmw_implementation_cmake:/Users/dhruvpatel29/backup_ros/humble-ros2/install/resource_retriever:/Users/dhruvpatel29/backup_ros/humble-ros2/install/class_loader:/Users/dhruvpatel29/backup_ros/humble-ros2/install/rcpputils:/Users/dhruvpatel29/backup_ros/humble-ros2/install/rcl_logging_noop:/Users/dhruvpatel29/backup_ros/humble-ros2/install/rcl_logging_interface:/Users/dhruvpatel29/backup_ros/humble-ros2/install/rcutils:/Users/dhruvpatel29/backup_ros/humble-ros2/install/random_numbers:/Users/dhruvpatel29/backup_ros/humble-ros2/install/qt_gui_py_common:/Users/dhruvpatel29/backup_ros/humble-ros2/install/qt_dotgraph:/Users/dhruvpatel29/backup_ros/humble-ros2/install/python_qt_binding:/Users/dhruvpatel29/backup_ros/humble-ros2/install/python_orocos_kdl_vendor:/Users/dhruvpatel29/backup_ros/humble-ros2/install/launch_testing_ament_cmake:/Users/dhruvpatel29/backup_ros/humble-ros2/install/python_cmake_module:/Users/dhruvpatel29/backup_ros/humble-ros2/install/pybind11_vendor:/Users/dhruvpatel29/backup_ros/humble-ros2/install/performance_test_fixture:/Users/dhruvpatel29/backup_ros/humble-ros2/install/osrf_testing_tools_cpp:/Users/dhruvpatel29/backup_ros/humble-ros2/install/orocos_kdl_vendor:/Users/dhruvpatel29/backup_ros/humble-ros2/install/dynamic_edt_3d:/Users/dhruvpatel29/backup_ros/humble-ros2/install/octomap:/Users/dhruvpatel29/backup_ros/humble-ros2/install/nav2_costmap_filters_demo:/Users/dhruvpatel29/backup_ros/humble-ros2/install/moveit_resources_pr2_description:/Users/dhruvpatel29/backup_ros/humble-ros2/install/moveit_resources_panda_description:/Users/dhruvpatel29/backup_ros/humble-ros2/install/moveit_resources_fanuc_description:/Users/dhruvpatel29/backup_ros/humble-ros2/install/moveit_common:/Users/dhruvpatel29/backup_ros/humble-ros2/install/mimick_vendor:/Users/dhruvpatel29/backup_ros/humble-ros2/install/libyaml_vendor:/Users/dhruvpatel29/backup_ros/humble-ros2/install/libcurl_vendor:/Users/dhruvpatel29/backup_ros/humble-ros2/install/keyboard_handler:/Users/dhruvpatel29/backup_ros/humble-ros2/install/ignition-transport11:/Users/dhruvpatel29/backup_ros/humble-ros2/install/iceoryx_introspection:/Users/dhruvpatel29/backup_ros/humble-ros2/install/cyclonedds:/Users/dhruvpatel29/backup_ros/humble-ros2/install/iceoryx_posh:/Users/dhruvpatel29/backup_ros/humble-ros2/install/iceoryx_hoofs:/Users/dhruvpatel29/backup_ros/humble-ros2/install/iceoryx_binding_c:/Users/dhruvpatel29/backup_ros/humble-ros2/install/ament_cmake_ros:/Users/dhruvpatel29/backup_ros/humble-ros2/install/ament_cmake_auto:/Users/dhruvpatel29/backup_ros/humble-ros2/install/ament_cmake_gmock:/Users/dhruvpatel29/backup_ros/humble-ros2/install/gmock_vendor:/Users/dhruvpatel29/backup_ros/humble-ros2/install/ament_cmake_gtest:/Users/dhruvpatel29/backup_ros/humble-ros2/install/gtest_vendor:/Users/dhruvpatel29/backup_ros/humble-ros2/install/ament_cmake_google_benchmark:/Users/dhruvpatel29/backup_ros/humble-ros2/install/fastrtps:/Users/dhruvpatel29/backup_ros/humble-ros2/install/foonathan_memory_vendor:/Users/dhruvpatel29/backup_ros/humble-ros2/install/fastrtps_cmake_module:/Users/dhruvpatel29/backup_ros/humble-ros2/install/fastcdr:/Users/dhruvpatel29/backup_ros/humble-ros2/install/eigen_stl_containers:/Users/dhruvpatel29/backup_ros/humble-ros2/install/eigen3_cmake_module:/Users/dhruvpatel29/backup_ros/humble-ros2/install/dynamixel_sdk:/Users/dhruvpatel29/backup_ros/humble-ros2/install/console_bridge_vendor:/Users/dhruvpatel29/backup_ros/humble-ros2/install/ceres-solver-vendor:/Users/dhruvpatel29/backup_ros/humble-ros2/install/backward_ros:/Users/dhruvpatel29/backup_ros/humble-ros2/install/angles:/Users/dhruvpatel29/backup_ros/humble-ros2/install/ament_cmake_xmllint:/Users/dhruvpatel29/backup_ros/humble-ros2/install/ament_cmake_pyflakes:/Users/dhruvpatel29/backup_ros/humble-ros2/install/ament_cmake_pycodestyle:/Users/dhruvpatel29/backup_ros/humble-ros2/install/ament_cmake_pep257:/Users/dhruvpatel29/backup_ros/humble-ros2/install/ament_cmake_pclint:/Users/dhruvpatel29/backup_ros/humble-ros2/install/ament_lint_auto:/Users/dhruvpatel29/backup_ros/humble-ros2/install/ament_cmake:/Users/dhruvpatel29/backup_ros/humble-ros2/install/ament_cmake_version:/Users/dhruvpatel29/backup_ros/humble-ros2/install/ament_cmake_vendor_package:/Users/dhruvpatel29/backup_ros/humble-ros2/install/ament_cmake_pytest:/Users/dhruvpatel29/backup_ros/humble-ros2/install/ament_cmake_nose:/Users/dhruvpatel29/backup_ros/humble-ros2/install/ament_cmake_mypy:/Users/dhruvpatel29/backup_ros/humble-ros2/install/ament_cmake_lint_cmake:/Users/dhruvpatel29/backup_ros/humble-ros2/install/ament_cmake_flake8:/Users/dhruvpatel29/backup_ros/humble-ros2/install/ament_cmake_cpplint:/Users/dhruvpatel29/backup_ros/humble-ros2/install/ament_cmake_cppcheck:/Users/dhruvpatel29/backup_ros/humble-ros2/install/ament_cmake_copyright:/Users/dhruvpatel29/backup_ros/humble-ros2/install/ament_cmake_clang_tidy:/Users/dhruvpatel29/backup_ros/humble-ros2/install/ament_cmake_clang_format:/Users/dhruvpatel29/backup_ros/humble-ros2/install/ament_cmake_test:/Users/dhruvpatel29/backup_ros/humble-ros2/install/ament_cmake_target_dependencies:/Users/dhruvpatel29/backup_ros/humble-ros2/install/ament_cmake_python:/Users/dhruvpatel29/backup_ros/humble-ros2/install/ament_cmake_export_dependencies:/Users/dhruvpatel29/backup_ros/humble-ros2/install/ament_cmake_libraries:/Users/dhruvpatel29/backup_ros/humble-ros2/install/ament_cmake_include_directories:/Users/dhruvpatel29/backup_ros/humble-ros2/install/ament_cmake_gen_version_h:/Users/dhruvpatel29/backup_ros/humble-ros2/install/ament_cmake_export_targets:/Users/dhruvpatel29/backup_ros/humble-ros2/install/ament_cmake_export_link_flags:/Users/dhruvpatel29/backup_ros/humble-ros2/install/ament_cmake_export_interfaces:/Users/dhruvpatel29/backup_ros/humble-ros2/install/ament_cmake_export_libraries:/Users/dhruvpatel29/backup_ros/humble-ros2/install/ament_cmake_export_include_directories:/Users/dhruvpatel29/backup_ros/humble-ros2/install/ament_cmake_export_definitions:/Users/dhruvpatel29/backup_ros/humble-ros2/install/ament_cmake_core:/Users/dhruvpatel29/backup_ros/humble-ros2/install/ament_index_cpp:/Users/dhruvpatel29/backup_ros/humble-ros2/install/GeographicLib:/opt/homebrew/Cellar/google-benchmark/1.9.4:/Users/dhruvpatel29/humble-ros2/src/ros-commondep/boost-1.74.0/:/opt/homebrew/opt/qt@5:/opt/homebrew/opt/qt@5 DYLD_LIBRARY_PATH=/Users/dhruvpatel29/humble-ros2/src/ros2_control/install/filters/lib:${DYLD_LIBRARY_PATH} SHLVL=2 _=/usr/bin/env /opt/homebrew/bin/cmake --build /Users/dhruvpatel29/humble-ros2/src/ros2_control/build/control_toolbox -- -j8 -l8
[193.322s] DEBUG:colcon.colcon_core.event_handler.log_command:Invoked command in '/Users/dhruvpatel29/humble-ros2/src/ros2_control/build/control_toolbox' returned '0': AMENT_PREFIX_PATH=/Users/dhruvpatel29/humble-ros2/src/ros2_control/install/filters:${AMENT_PREFIX_PATH} CMAKE_PREFIX_PATH=/Users/dhruvpatel29/humble-ros2/src/ros2_control/install/filters:/opt/homebrew/Cellar/google-benchmark/1.9.4:/Users/dhruvpatel29/humble-ros2/src/ros-commondep/boost:/Users/dhruvpatel29/humble-ros2/install/rosbag2_storage_mcap:/Users/dhruvpatel29/humble-ros2/install/rosbag2:/Users/dhruvpatel29/humble-ros2/install/rosbag2_compression_zstd:/Users/dhruvpatel29/humble-ros2/install/mcap_vendor:/Users/dhruvpatel29/humble-ros2/install/zstd_vendor:/Users/dhruvpatel29/humble-ros2/install/vision_msgs_rviz_plugins:/Users/dhruvpatel29/humble-ros2/install/test_ros_gz_bridge:/Users/dhruvpatel29/humble-ros2/install/sam_bot_description:/Users/dhruvpatel29/humble-ros2/install/rviz_visual_testing_framework:/Users/dhruvpatel29/humble-ros2/install/ros_ign:/Users/dhruvpatel29/humble-ros2/install/ros_ign_gazebo_demos:/Users/dhruvpatel29/humble-ros2/install/ros_gz:/Users/dhruvpatel29/humble-ros2/install/ros_gz_sim_demos:/Users/dhruvpatel29/humble-ros2/install/rviz2:/Users/dhruvpatel29/humble-ros2/install/nav2_rviz_plugins:/Users/dhruvpatel29/humble-ros2/install/rviz_default_plugins:/Users/dhruvpatel29/humble-ros2/install/rviz_common:/Users/dhruvpatel29/humble-ros2/install/rosbag2_py:/Users/dhruvpatel29/humble-ros2/install/rosbag2_transport:/Users/dhruvpatel29/humble-ros2/install/rosbag2_storage_default_plugins:/Users/dhruvpatel29/humble-ros2/install/rosbag2_performance_benchmarking:/Users/dhruvpatel29/humble-ros2/install/rosbag2_compression:/Users/dhruvpatel29/humble-ros2/install/rosbag2_cpp:/Users/dhruvpatel29/humble-ros2/install/rosbag2_storage:/Users/dhruvpatel29/humble-ros2/install/ros_ign_image:/Users/dhruvpatel29/humble-ros2/install/ros_ign_bridge:/Users/dhruvpatel29/humble-ros2/install/ros_gz_image:/Users/dhruvpatel29/humble-ros2/install/ros_gz_bridge:/Users/dhruvpatel29/humble-ros2/install/robot_localization:/Users/dhruvpatel29/humble-ros2/install/nav2_map_server:/Users/dhruvpatel29/humble-ros2/install/image_common:/Users/dhruvpatel29/humble-ros2/install/camera_info_manager:/Users/dhruvpatel29/humble-ros2/install/camera_calibration_parsers:/Users/dhruvpatel29/humble-ros2/install/yaml_cpp_vendor:/Users/dhruvpatel29/humble-ros2/install/moveit_resources_prbt_support:/Users/dhruvpatel29/humble-ros2/install/moveit_resources:/Users/dhruvpatel29/humble-ros2/install/moveit_resources_panda_moveit_config:/Users/dhruvpatel29/humble-ros2/install/moveit_resources_fanuc_moveit_config:/Users/dhruvpatel29/humble-ros2/install/xacro:/Users/dhruvpatel29/humble-ros2/install/warehouse_ros:/Users/dhruvpatel29/humble-ros2/install/moveit_task_constructor_msgs:/Users/dhruvpatel29/humble-ros2/install/interactive_markers:/Users/dhruvpatel29/humble-ros2/install/geometric_shapes:/Users/dhruvpatel29/humble-ros2/install/common_interfaces:/Users/dhruvpatel29/humble-ros2/install/visualization_msgs:/Users/dhruvpatel29/humble-ros2/install/vision_msgs:/Users/dhruvpatel29/humble-ros2/install/srdfdom:/Users/dhruvpatel29/humble-ros2/install/dummy_robot_bringup:/Users/dhruvpatel29/humble-ros2/install/robot_state_publisher:/Users/dhruvpatel29/humble-ros2/install/kinematics_interface_kdl:/Users/dhruvpatel29/humble-ros2/install/kdl_parser:/Users/dhruvpatel29/humble-ros2/install/joint_limits:/Users/dhruvpatel29/humble-ros2/install/urdf:/Users/dhruvpatel29/humble-ros2/install/urdfdom:/Users/dhruvpatel29/humble-ros2/install/urdf_parser_plugin:/Users/dhruvpatel29/humble-ros2/install/urdfdom_headers:/Users/dhruvpatel29/humble-ros2/install/turtlesim:/Users/dhruvpatel29/humble-ros2/install/transmission_interface:/Users/dhruvpatel29/humble-ros2/install/geometry2:/Users/dhruvpatel29/humble-ros2/install/tf2_sensor_msgs:/Users/dhruvpatel29/humble-ros2/install/test_tf2:/Users/dhruvpatel29/humble-ros2/install/tf2_kdl:/Users/dhruvpatel29/humble-ros2/install/nav_2d_utils:/Users/dhruvpatel29/humble-ros2/install/nav2_velocity_smoother:/Users/dhruvpatel29/humble-ros2/install/nav2_lifecycle_manager:/Users/dhruvpatel29/humble-ros2/install/nav2_amcl:/Users/dhruvpatel29/humble-ros2/install/nav2_util:/Users/dhruvpatel29/humble-ros2/install/tf2_geometry_msgs:/Users/dhruvpatel29/humble-ros2/install/tf2_eigen:/Users/dhruvpatel29/humble-ros2/install/tf2_bullet:/Users/dhruvpatel29/humble-ros2/install/tf2_ros:/Users/dhruvpatel29/humble-ros2/install/tf2_py:/Users/dhruvpatel29/humble-ros2/install/tf2_msgs:/Users/dhruvpatel29/humble-ros2/install/test_msgs:/Users/dhruvpatel29/humble-ros2/install/sros2_cmake:/Users/dhruvpatel29/humble-ros2/install/ros2cli_common_extensions:/Users/dhruvpatel29/humble-ros2/install/diagnostics:/Users/dhruvpatel29/humble-ros2/install/self_test:/Users/dhruvpatel29/humble-ros2/install/rqt_py_common:/Users/dhruvpatel29/humble-ros2/install/rosbag2_storage_mcap_testdata:/Users/dhruvpatel29/humble-ros2/install/ros_testing:/Users/dhruvpatel29/humble-ros2/install/ros2cli_test_interfaces:/Users/dhruvpatel29/humble-ros2/install/realtime_tools:/Users/dhruvpatel29/humble-ros2/install/quality_of_service_demo_cpp:/Users/dhruvpatel29/humble-ros2/install/nav2_common:/Users/dhruvpatel29/humble-ros2/install/image_transport:/Users/dhruvpatel29/humble-ros2/install/message_filters:/Users/dhruvpatel29/humble-ros2/install/demo_nodes_cpp:/Users/dhruvpatel29/humble-ros2/install/composition:/Users/dhruvpatel29/humble-ros2/install/laser_geometry:/Users/dhruvpatel29/humble-ros2/install/gps_tools:/Users/dhruvpatel29/humble-ros2/install/dynamixel_sdk_examples:/Users/dhruvpatel29/humble-ros2/install/diagnostic_common_diagnostics:/Users/dhruvpatel29/humble-ros2/install/diagnostic_updater:/Users/dhruvpatel29/humble-ros2/install/diagnostic_aggregator:/Users/dhruvpatel29/humble-ros2/install/rclpy:/Users/dhruvpatel29/humble-ros2/install/examples_rclcpp_minimal_action_server:/Users/dhruvpatel29/humble-ros2/install/examples_rclcpp_minimal_action_client:/Users/dhruvpatel29/humble-ros2/install/btcpp_ros2_samples:/Users/dhruvpatel29/humble-ros2/install/behaviortree_ros2:/Users/dhruvpatel29/humble-ros2/install/action_tutorials_cpp:/Users/dhruvpatel29/humble-ros2/install/rclcpp_action:/Users/dhruvpatel29/humble-ros2/install/rcl_action:/Users/dhruvpatel29/humble-ros2/install/moveit_msgs:/Users/dhruvpatel29/humble-ros2/install/object_recognition_msgs:/Users/dhruvpatel29/humble-ros2/install/nav2_msgs:/Users/dhruvpatel29/humble-ros2/install/nav2_dynamic_msgs:/Users/dhruvpatel29/humble-ros2/install/hardware_interface_testing:/Users/dhruvpatel29/humble-ros2/install/controller_interface:/Users/dhruvpatel29/humble-ros2/install/hardware_interface:/Users/dhruvpatel29/humble-ros2/install/geographic_info:/Users/dhruvpatel29/humble-ros2/install/geodesy:/Users/dhruvpatel29/humble-ros2/install/geographic_msgs:/Users/dhruvpatel29/humble-ros2/install/examples_rclcpp_wait_set:/Users/dhruvpatel29/humble-ros2/install/examples_rclcpp_minimal_service:/Users/dhruvpatel29/humble-ros2/install/examples_rclcpp_minimal_client:/Users/dhruvpatel29/humble-ros2/install/examples_rclcpp_async_client:/Users/dhruvpatel29/humble-ros2/install/example_interfaces:/Users/dhruvpatel29/humble-ros2/install/control_msgs:/Users/dhruvpatel29/humble-ros2/install/btcpp_ros2_interfaces:/Users/dhruvpatel29/humble-ros2/install/action_tutorials_interfaces:/Users/dhruvpatel29/humble-ros2/install/action_msgs:/Users/dhruvpatel29/humble-ros2/install/unique_identifier_msgs:/Users/dhruvpatel29/humble-ros2/install/ament_lint_common:/Users/dhruvpatel29/humble-ros2/install/ament_cmake_uncrustify:/Users/dhruvpatel29/humble-ros2/install/uncrustify_vendor:/Users/dhruvpatel29/humble-ros2/install/trajectory_msgs:/Users/dhruvpatel29/humble-ros2/install/topic_statistics_demo:/Users/dhruvpatel29/humble-ros2/install/test_tracetools:/Users/dhruvpatel29/humble-ros2/install/rosbag2_test_common:/Users/dhruvpatel29/humble-ros2/install/ros_ign_gazebo:/Users/dhruvpatel29/humble-ros2/install/ros_gz_sim:/Users/dhruvpatel29/humble-ros2/install/ros2lifecycle_test_fixtures:/Users/dhruvpatel29/humble-ros2/install/lifecycle:/Users/dhruvpatel29/humble-ros2/install/kinematics_interface:/Users/dhruvpatel29/humble-ros2/install/bond_core:/Users/dhruvpatel29/humble-ros2/install/bondcpp:/Users/dhruvpatel29/humble-ros2/install/rclcpp_lifecycle:/Users/dhruvpatel29/humble-ros2/install/logging_demo:/Users/dhruvpatel29/humble-ros2/install/image_tools:/Users/dhruvpatel29/humble-ros2/install/examples_rclcpp_minimal_subscriber:/Users/dhruvpatel29/humble-ros2/install/examples_rclcpp_minimal_composition:/Users/dhruvpatel29/humble-ros2/install/demo_nodes_cpp_native:/Users/dhruvpatel29/humble-ros2/install/rclcpp_components:/Users/dhruvpatel29/humble-ros2/install/nav2_voxel_grid:/Users/dhruvpatel29/humble-ros2/install/intra_process_demo:/Users/dhruvpatel29/humble-ros2/install/examples_rclcpp_multithreaded_executor:/Users/dhruvpatel29/humble-ros2/install/examples_rclcpp_minimal_timer:/Users/dhruvpatel29/humble-ros2/install/examples_rclcpp_minimal_publisher:/Users/dhruvpatel29/humble-ros2/install/examples_rclcpp_cbg_executor:/Users/dhruvpatel29/humble-ros2/install/dummy_sensors:/Users/dhruvpatel29/humble-ros2/install/dummy_map_server:/Users/dhruvpatel29/humble-ros2/install/behaviortree_cpp:/Users/dhruvpatel29/humble-ros2/install/rclcpp:/Users/dhruvpatel29/humble-ros2/install/rcl_lifecycle:/Users/dhruvpatel29/humble-ros2/install/libstatistics_collector:/Users/dhruvpatel29/humble-ros2/install/rcl:/Users/dhruvpatel29/humble-ros2/install/rmw_implementation:/Users/dhruvpatel29/humble-ros2/install/rmw_fastrtps_dynamic_cpp:/Users/dhruvpatel29/humble-ros2/install/rmw_fastrtps_cpp:/Users/dhruvpatel29/humble-ros2/install/rmw_fastrtps_shared_cpp:/Users/dhruvpatel29/humble-ros2/install/rmw_cyclonedds_cpp:/Users/dhruvpatel29/humble-ros2/install/tracetools:/Users/dhruvpatel29/humble-ros2/install/tinyxml_vendor:/Users/dhruvpatel29/humble-ros2/install/pluginlib:/Users/dhruvpatel29/humble-ros2/install/tinyxml2_vendor:/Users/dhruvpatel29/humble-ros2/install/tf2_eigen_kdl:/Users/dhruvpatel29/humble-ros2/install/tf2:/Users/dhruvpatel29/humble-ros2/install/test_security:/Users/dhruvpatel29/humble-ros2/install/test_rmw_implementation:/Users/dhruvpatel29/humble-ros2/install/test_rclcpp:/Users/dhruvpatel29/humble-ros2/install/test_quality_of_service:/Users/dhruvpatel29/humble-ros2/install/test_launch_testing:/Users/dhruvpatel29/humble-ros2/install/test_interface_files:/Users/dhruvpatel29/humble-ros2/install/test_communication:/Users/dhruvpatel29/humble-ros2/install/test_cli_remapping:/Users/dhruvpatel29/humble-ros2/install/test_cli:/Users/dhruvpatel29/humble-ros2/install/test_bond:/Users/dhruvpatel29/humble-ros2/install/qt_gui_core:/Users/dhruvpatel29/humble-ros2/install/qt_gui_app:/Users/dhruvpatel29/humble-ros2/install/qt_gui:/Users/dhruvpatel29/humble-ros2/install/tango_icons_vendor:/Users/dhruvpatel29/humble-ros2/install/stereo_msgs:/Users/dhruvpatel29/humble-ros2/install/std_srvs:/Users/dhruvpatel29/humble-ros2/install/shape_msgs:/Users/dhruvpatel29/humble-ros2/install/map_msgs:/Users/dhruvpatel29/humble-ros2/install/sensor_msgs:/Users/dhruvpatel29/humble-ros2/install/ros_ign_interfaces:/Users/dhruvpatel29/humble-ros2/install/ros_gz_interfaces:/Users/dhruvpatel29/humble-ros2/install/octomap_msgs:/Users/dhruvpatel29/humble-ros2/install/dwb_msgs:/Users/dhruvpatel29/humble-ros2/install/nav_msgs:/Users/dhruvpatel29/humble-ros2/install/nav_2d_msgs:/Users/dhruvpatel29/humble-ros2/install/graph_msgs:/Users/dhruvpatel29/humble-ros2/install/gps_msgs:/Users/dhruvpatel29/humble-ros2/install/diagnostic_msgs:/Users/dhruvpatel29/humble-ros2/install/geometry_msgs:/Users/dhruvpatel29/humble-ros2/install/bond:/Users/dhruvpatel29/humble-ros2/install/actuator_msgs:/Users/dhruvpatel29/humble-ros2/install/actionlib_msgs:/Users/dhruvpatel29/humble-ros2/install/ackermann_msgs:/Users/dhruvpatel29/humble-ros2/install/std_msgs:/Users/dhruvpatel29/humble-ros2/install/statistics_msgs:/Users/dhruvpatel29/humble-ros2/install/sqlite3_vendor:/Users/dhruvpatel29/humble-ros2/install/rcl_logging_spdlog:/Users/dhruvpatel29/humble-ros2/install/spdlog_vendor:/Users/dhruvpatel29/humble-ros2/install/smclib:/Users/dhruvpatel29/humble-ros2/install/shared_queues_vendor:/Users/dhruvpatel29/humble-ros2/install/rviz_rendering_tests:/Users/dhruvpatel29/humble-ros2/install/rviz_rendering:/Users/dhruvpatel29/humble-ros2/install/rviz_ogre_vendor:/Users/dhruvpatel29/humble-ros2/install/rviz_assimp_vendor:/Users/dhruvpatel29/humble-ros2/install/ruckig:/Users/dhruvpatel29/humble-ros2/install/rmw_connextddsmicro:/Users/dhruvpatel29/humble-ros2/install/rmw_connextdds:/Users/dhruvpatel29/humble-ros2/install/rmw_connextdds_common:/Users/dhruvpatel29/humble-ros2/install/rti_connext_dds_cmake_module:/Users/dhruvpatel29/humble-ros2/install/rosgraph_msgs:/Users/dhruvpatel29/humble-ros2/install/rosbag2_interfaces:/Users/dhruvpatel29/humble-ros2/install/rmw_dds_common:/Users/dhruvpatel29/humble-ros2/install/composition_interfaces:/Users/dhruvpatel29/humble-ros2/install/rcl_interfaces:/Users/dhruvpatel29/humble-ros2/install/pendulum_msgs:/Users/dhruvpatel29/humble-ros2/install/controller_manager_msgs:/Users/dhruvpatel29/humble-ros2/install/lifecycle_msgs:/Users/dhruvpatel29/humble-ros2/install/dynamixel_sdk_custom_interfaces:/Users/dhruvpatel29/humble-ros2/install/builtin_interfaces:/Users/dhruvpatel29/humble-ros2/install/rosidl_default_runtime:/Users/dhruvpatel29/humble-ros2/install/rosidl_default_generators:/Users/dhruvpatel29/humble-ros2/install/rosidl_generator_py:/Users/dhruvpatel29/humble-ros2/install/rosidl_typesupport_introspection_tests:/Users/dhruvpatel29/humble-ros2/install/rosidl_typesupport_cpp:/Users/dhruvpatel29/humble-ros2/install/rosidl_typesupport_introspection_cpp:/Users/dhruvpatel29/humble-ros2/install/rosidl_typesupport_c:/Users/dhruvpatel29/humble-ros2/install/rosidl_typesupport_introspection_c:/Users/dhruvpatel29/humble-ros2/install/rosidl_typesupport_fastrtps_c:/Users/dhruvpatel29/humble-ros2/install/rosidl_typesupport_fastrtps_cpp:/Users/dhruvpatel29/humble-ros2/install/rosidl_generator_cpp:/Users/dhruvpatel29/humble-ros2/install/rosidl_runtime_cpp:/Users/dhruvpatel29/humble-ros2/install/rcl_yaml_param_parser:/Users/dhruvpatel29/humble-ros2/install/rmw:/Users/dhruvpatel29/humble-ros2/install/rosidl_runtime_c:/Users/dhruvpatel29/humble-ros2/install/rosidl_generator_c:/Users/dhruvpatel29/humble-ros2/install/rosidl_typesupport_interface:/Users/dhruvpatel29/humble-ros2/install/rosidl_generator_dds_idl:/Users/dhruvpatel29/humble-ros2/install/rosidl_cmake:/Users/dhruvpatel29/humble-ros2/install/rosidl_parser:/Users/dhruvpatel29/humble-ros2/install/rosidl_adapter:/Users/dhruvpatel29/humble-ros2/install/rosbag2_tests:/Users/dhruvpatel29/humble-ros2/install/ros_environment:/Users/dhruvpatel29/humble-ros2/install/ros2_control_test_assets:/Users/dhruvpatel29/humble-ros2/install/ros2_control_cmake:/Users/dhruvpatel29/humble-ros2/install/rmw_implementation_cmake:/Users/dhruvpatel29/humble-ros2/install/resource_retriever:/Users/dhruvpatel29/humble-ros2/install/class_loader:/Users/dhruvpatel29/humble-ros2/install/rcpputils:/Users/dhruvpatel29/humble-ros2/install/rcl_logging_noop:/Users/dhruvpatel29/humble-ros2/install/rcl_logging_interface:/Users/dhruvpatel29/humble-ros2/install/rcutils:/Users/dhruvpatel29/humble-ros2/install/random_numbers:/Users/dhruvpatel29/humble-ros2/install/qt_gui_py_common:/Users/dhruvpatel29/humble-ros2/install/qt_dotgraph:/Users/dhruvpatel29/humble-ros2/install/python_qt_binding:/Users/dhruvpatel29/humble-ros2/install/python_orocos_kdl_vendor:/Users/dhruvpatel29/humble-ros2/install/launch_testing_ament_cmake:/Users/dhruvpatel29/humble-ros2/install/python_cmake_module:/Users/dhruvpatel29/humble-ros2/install/pybind11_vendor:/Users/dhruvpatel29/humble-ros2/install/performance_test_fixture:/Users/dhruvpatel29/humble-ros2/install/osrf_testing_tools_cpp:/Users/dhruvpatel29/humble-ros2/install/orocos_kdl_vendor:/Users/dhruvpatel29/humble-ros2/install/octomap-distribution:/Users/dhruvpatel29/humble-ros2/install/nav2_costmap_filters_demo:/Users/dhruvpatel29/humble-ros2/install/moveit_resources_pr2_description:/Users/dhruvpatel29/humble-ros2/install/moveit_resources_panda_description:/Users/dhruvpatel29/humble-ros2/install/moveit_resources_fanuc_description:/Users/dhruvpatel29/humble-ros2/install/moveit_common:/Users/dhruvpatel29/humble-ros2/install/mimick_vendor:/Users/dhruvpatel29/humble-ros2/install/libyaml_vendor:/Users/dhruvpatel29/humble-ros2/install/libcurl_vendor:/Users/dhruvpatel29/humble-ros2/install/keyboard_handler:/Users/dhruvpatel29/humble-ros2/install/iceoryx_introspection:/Users/dhruvpatel29/humble-ros2/install/cyclonedds:/Users/dhruvpatel29/humble-ros2/install/iceoryx_posh:/Users/dhruvpatel29/humble-ros2/install/iceoryx_hoofs:/Users/dhruvpatel29/humble-ros2/install/iceoryx_binding_c:/Users/dhruvpatel29/humble-ros2/install/gz-transport14:/Users/dhruvpatel29/humble-ros2/install/ament_cmake_ros:/Users/dhruvpatel29/humble-ros2/install/ament_cmake_auto:/Users/dhruvpatel29/humble-ros2/install/ament_cmake_gmock:/Users/dhruvpatel29/humble-ros2/install/gmock_vendor:/Users/dhruvpatel29/humble-ros2/install/ament_cmake_gtest:/Users/dhruvpatel29/humble-ros2/install/gtest_vendor:/Users/dhruvpatel29/humble-ros2/install/ament_cmake_google_benchmark:/Users/dhruvpatel29/humble-ros2/install/fastrtps:/Users/dhruvpatel29/humble-ros2/install/foonathan_memory_vendor:/Users/dhruvpatel29/humble-ros2/install/fastrtps_cmake_module:/Users/dhruvpatel29/humble-ros2/install/fastcdr:/Users/dhruvpatel29/humble-ros2/install/eigen_stl_containers:/Users/dhruvpatel29/humble-ros2/install/eigen3_cmake_module:/Users/dhruvpatel29/humble-ros2/install/dynamixel_sdk:/Users/dhruvpatel29/humble-ros2/install/diagnostic_remote_logging:/Users/dhruvpatel29/humble-ros2/install/console_bridge_vendor:/Users/dhruvpatel29/humble-ros2/install/ceres-solver:/Users/dhruvpatel29/humble-ros2/install/backward_ros:/Users/dhruvpatel29/humble-ros2/install/ament_cmake_xmllint:/Users/dhruvpatel29/humble-ros2/install/ament_cmake_pyflakes:/Users/dhruvpatel29/humble-ros2/install/ament_cmake_pycodestyle:/Users/dhruvpatel29/humble-ros2/install/ament_cmake_pep257:/Users/dhruvpatel29/humble-ros2/install/ament_cmake_pclint:/Users/dhruvpatel29/humble-ros2/install/ament_lint_auto:/Users/dhruvpatel29/humble-ros2/install/ament_cmake:/Users/dhruvpatel29/humble-ros2/install/ament_cmake_version:/Users/dhruvpatel29/humble-ros2/install/ament_cmake_vendor_package:/Users/dhruvpatel29/humble-ros2/install/ament_cmake_pytest:/Users/dhruvpatel29/humble-ros2/install/ament_cmake_nose:/Users/dhruvpatel29/humble-ros2/install/ament_cmake_mypy:/Users/dhruvpatel29/humble-ros2/install/ament_cmake_lint_cmake:/Users/dhruvpatel29/humble-ros2/install/ament_cmake_flake8:/Users/dhruvpatel29/humble-ros2/install/ament_cmake_cpplint:/Users/dhruvpatel29/humble-ros2/install/ament_cmake_cppcheck:/Users/dhruvpatel29/humble-ros2/install/ament_cmake_copyright:/Users/dhruvpatel29/humble-ros2/install/ament_cmake_clang_tidy:/Users/dhruvpatel29/humble-ros2/install/ament_cmake_clang_format:/Users/dhruvpatel29/humble-ros2/install/ament_cmake_test:/Users/dhruvpatel29/humble-ros2/install/ament_cmake_target_dependencies:/Users/dhruvpatel29/humble-ros2/install/ament_cmake_python:/Users/dhruvpatel29/humble-ros2/install/ament_cmake_export_dependencies:/Users/dhruvpatel29/humble-ros2/install/ament_cmake_libraries:/Users/dhruvpatel29/humble-ros2/install/ament_cmake_include_directories:/Users/dhruvpatel29/humble-ros2/install/ament_cmake_gen_version_h:/Users/dhruvpatel29/humble-ros2/install/ament_cmake_export_targets:/Users/dhruvpatel29/humble-ros2/install/ament_cmake_export_link_flags:/Users/dhruvpatel29/humble-ros2/install/ament_cmake_export_interfaces:/Users/dhruvpatel29/humble-ros2/install/ament_cmake_export_libraries:/Users/dhruvpatel29/humble-ros2/install/ament_cmake_export_include_directories:/Users/dhruvpatel29/humble-ros2/install/ament_cmake_export_definitions:/Users/dhruvpatel29/humble-ros2/install/ament_cmake_core:/Users/dhruvpatel29/humble-ros2/install/ament_index_cpp:/Users/dhruvpatel29/humble-ros2/install/GeographicLib:/Users/dhruvpatel29/ros2_ws/install/turtlesim_final:/Users/dhruvpatel29/ros2_ws/install/turtlecatch_bringup:/Users/dhruvpatel29/ros2_ws/install/turtlebot4_simulator:/Users/dhruvpatel29/ros2_ws/install/turtlebot4_ignition_bringup:/Users/dhruvpatel29/ros2_ws/install/turtlebot4_desktop:/Users/dhruvpatel29/ros2_ws/install/turtlebot4_viz:/Users/dhruvpatel29/ros2_ws/install/turtlebot4_node:/Users/dhruvpatel29/ros2_ws/install/turtlebot4_navigation:/Users/dhruvpatel29/ros2_ws/install/turtlebot4_ignition_toolbox:/Users/dhruvpatel29/ros2_ws/install/turtlebot4_msgs:/Users/dhruvpatel29/ros2_ws/install/turtlebot4_ignition_gui_plugins:/Users/dhruvpatel29/ros2_ws/install/turtlebot4_description:/Users/dhruvpatel29/ros2_ws/install/turtlebot3:/Users/dhruvpatel29/ros2_ws/install/turtlebot3_bringup:/Users/dhruvpatel29/ros2_ws/install/turtlebot3_node:/Users/dhruvpatel29/ros2_ws/install/turtlebot3_navigation2:/Users/dhruvpatel29/ros2_ws/install/turtlebot3_msgs:/Users/dhruvpatel29/ros2_ws/install/turtlebot3_description:/Users/dhruvpatel29/ros2_ws/install/turtlebot3_cartographer:/Users/dhruvpatel29/ros2_ws/install/robot_arm_controller:/Users/dhruvpatel29/ros2_ws/install/polygon_plugins:/Users/dhruvpatel29/ros2_ws/install/polygon_base:/Users/dhruvpatel29/ros2_ws/install/my_robot_station_bringup:/Users/dhruvpatel29/ros2_ws/install/my_robot_lifecycle_bringup:/Users/dhruvpatel29/ros2_ws/install/my_robot_bringup:/Users/dhruvpatel29/ros2_ws/install/my_cpp_pkg:/Users/dhruvpatel29/ros2_ws/install/actions_cpp:/Users/dhruvpatel29/ros2_ws/install/my_robot_interfaces:/Users/dhruvpatel29/ros2_ws/install/my_robot_bringup_gazebo:/Users/dhruvpatel29/ros2_ws/install/my_robot_description:/Users/dhruvpatel29/ros2_ws/install/moveit2_tutorials:/Users/dhruvpatel29/ros2_ws/install/lifecycle_cpp:/Users/dhruvpatel29/ros2_ws/install/irobot_create_ignition_sim:/Users/dhruvpatel29/ros2_ws/install/irobot_create_ignition_bringup:/Users/dhruvpatel29/ros2_ws/install/irobot_create_gazebo_sim:/Users/dhruvpatel29/ros2_ws/install/irobot_create_gazebo_bringup:/Users/dhruvpatel29/ros2_ws/install/irobot_create_common_bringup:/Users/dhruvpatel29/ros2_ws/install/irobot_create_nodes:/Users/dhruvpatel29/ros2_ws/install/irobot_create_ignition_toolbox:/Users/dhruvpatel29/ros2_ws/install/irobot_create_gazebo_plugins:/Users/dhruvpatel29/ros2_ws/install/irobot_create_toolbox:/Users/dhruvpatel29/ros2_ws/install/irobot_create_msgs:/Users/dhruvpatel29/ros2_ws/install/irobot_create_ignition_plugins:/Users/dhruvpatel29/ros2_ws/install/irobot_create_description:/Users/dhruvpatel29/ros2_ws/install/irobot_create_control:/Users/dhruvpatel29/ros2_ws/install/executors_cpp:/Users/dhruvpatel29/ros2_ws/install/components_cpp:/Users/dhruvpatel29/ros2_ws/install/add_two_ints_cpp:/Users/dhruvpatel29/backup_ros/humble-ros2/install/mcap_vendor:/Users/dhruvpatel29/backup_ros/humble-ros2/install/zstd_vendor:/Users/dhruvpatel29/backup_ros/humble-ros2/install/rviz_visual_testing_framework:/Users/dhruvpatel29/backup_ros/humble-ros2/install/rviz_common:/Users/dhruvpatel29/backup_ros/humble-ros2/install/rosbag2_storage:/Users/dhruvpatel29/backup_ros/humble-ros2/install/nav2_map_server:/Users/dhruvpatel29/backup_ros/humble-ros2/install/yaml_cpp_vendor:/Users/dhruvpatel29/backup_ros/humble-ros2/install/xtensor:/Users/dhruvpatel29/backup_ros/humble-ros2/install/xsimd:/Users/dhruvpatel29/backup_ros/humble-ros2/install/xtl:/Users/dhruvpatel29/backup_ros/humble-ros2/install/moveit_resources_prbt_support:/Users/dhruvpatel29/backup_ros/humble-ros2/install/moveit_resources_panda_moveit_config:/Users/dhruvpatel29/backup_ros/humble-ros2/install/moveit_resources_fanuc_moveit_config:/Users/dhruvpatel29/backup_ros/humble-ros2/install/xacro:/Users/dhruvpatel29/backup_ros/humble-ros2/install/warehouse_ros:/Users/dhruvpatel29/backup_ros/humble-ros2/install/interactive_markers:/Users/dhruvpatel29/backup_ros/humble-ros2/install/geometric_shapes:/Users/dhruvpatel29/backup_ros/humble-ros2/install/common_interfaces:/Users/dhruvpatel29/backup_ros/humble-ros2/install/visualization_msgs:/Users/dhruvpatel29/backup_ros/humble-ros2/install/vision_msgs:/Users/dhruvpatel29/backup_ros/humble-ros2/install/srdfdom:/Users/dhruvpatel29/backup_ros/humble-ros2/install/robot_state_publisher:/Users/dhruvpatel29/backup_ros/humble-ros2/install/kdl_parser:/Users/dhruvpatel29/backup_ros/humble-ros2/install/urdf:/Users/dhruvpatel29/backup_ros/humble-ros2/install/urdfdom:/Users/dhruvpatel29/backup_ros/humble-ros2/install/urdf_parser_plugin:/Users/dhruvpatel29/backup_ros/humble-ros2/install/urdfdom_headers:/Users/dhruvpatel29/backup_ros/humble-ros2/install/tf2_sensor_msgs:/Users/dhruvpatel29/backup_ros/humble-ros2/install/tf2_kdl:/Users/dhruvpatel29/backup_ros/humble-ros2/install/nav2_lifecycle_manager:/Users/dhruvpatel29/backup_ros/humble-ros2/install/nav2_util:/Users/dhruvpatel29/backup_ros/humble-ros2/install/tf2_geometry_msgs:/Users/dhruvpatel29/backup_ros/humble-ros2/install/tf2_eigen:/Users/dhruvpatel29/backup_ros/humble-ros2/install/tf2_ros:/Users/dhruvpatel29/backup_ros/humble-ros2/install/tf2_py:/Users/dhruvpatel29/backup_ros/humble-ros2/install/tf2_msgs:/Users/dhruvpatel29/backup_ros/humble-ros2/install/test_msgs:/Users/dhruvpatel29/backup_ros/humble-ros2/install/rqt_py_common:/Users/dhruvpatel29/backup_ros/humble-ros2/install/rosbag2_storage_mcap_testdata:/Users/dhruvpatel29/backup_ros/humble-ros2/install/ros_testing:/Users/dhruvpatel29/backup_ros/humble-ros2/install/controller_manager:/Users/dhruvpatel29/backup_ros/humble-ros2/install/ros2cli_test_interfaces:/Users/dhruvpatel29/backup_ros/humble-ros2/install/realtime_tools:/Users/dhruvpatel29/backup_ros/humble-ros2/install/nav2_common:/Users/dhruvpatel29/backup_ros/humble-ros2/install/image_transport:/Users/dhruvpatel29/backup_ros/humble-ros2/install/message_filters:/Users/dhruvpatel29/backup_ros/humble-ros2/install/laser_geometry:/Users/dhruvpatel29/backup_ros/humble-ros2/install/generate_parameter_library:/Users/dhruvpatel29/backup_ros/humble-ros2/install/diagnostic_updater:/Users/dhruvpatel29/backup_ros/humble-ros2/install/rclpy:/Users/dhruvpatel29/backup_ros/humble-ros2/install/rclcpp_action:/Users/dhruvpatel29/backup_ros/humble-ros2/install/rcl_action:/Users/dhruvpatel29/backup_ros/humble-ros2/install/moveit_msgs:/Users/dhruvpatel29/backup_ros/humble-ros2/install/object_recognition_msgs:/Users/dhruvpatel29/backup_ros/humble-ros2/install/nav2_msgs:/Users/dhruvpatel29/backup_ros/humble-ros2/install/hardware_interface_testing:/Users/dhruvpatel29/backup_ros/humble-ros2/install/controller_interface:/Users/dhruvpatel29/backup_ros/humble-ros2/install/hardware_interface:/Users/dhruvpatel29/backup_ros/humble-ros2/install/geographic_msgs:/Users/dhruvpatel29/backup_ros/humble-ros2/install/example_interfaces:/Users/dhruvpatel29/backup_ros/humble-ros2/install/control_msgs:/Users/dhruvpatel29/backup_ros/humble-ros2/install/btcpp_ros2_interfaces:/Users/dhruvpatel29/backup_ros/humble-ros2/install/action_tutorials_interfaces:/Users/dhruvpatel29/backup_ros/humble-ros2/install/action_msgs:/Users/dhruvpatel29/backup_ros/humble-ros2/install/unique_identifier_msgs:/Users/dhruvpatel29/backup_ros/humble-ros2/install/ament_lint_common:/Users/dhruvpatel29/backup_ros/humble-ros2/install/ament_cmake_uncrustify:/Users/dhruvpatel29/backup_ros/humble-ros2/install/uncrustify_vendor:/Users/dhruvpatel29/backup_ros/humble-ros2/install/trajectory_msgs:/Users/dhruvpatel29/backup_ros/humble-ros2/install/parameter_traits:/Users/dhruvpatel29/humble-ros2/install/rqt_bag_plugins:/Users/dhruvpatel29/humble-ros2/install/rqt_bag:/Users/dhruvpatel29/humble-ros2/install/launch_testing_examples:/Users/dhruvpatel29/humble-ros2/install/ros2bag:/Users/dhruvpatel29/humble-ros2/install/moveit_configs_utils:/Users/dhruvpatel29/humble-ros2/install/launch_param_builder:/Users/dhruvpatel29/humble-ros2/install/kf_hungarian_tracker:/Users/dhruvpatel29/humble-ros2/install/tracetools_test:/Users/dhruvpatel29/humble-ros2/install/tracetools_launch:/Users/dhruvpatel29/humble-ros2/install/topic_monitor:/Users/dhruvpatel29/humble-ros2/install/tf2_tools:/Users/dhruvpatel29/humble-ros2/install/examples_tf2_py:/Users/dhruvpatel29/humble-ros2/install/tf2_ros_py:/Users/dhruvpatel29/humble-ros2/install/sros2:/Users/dhruvpatel29/humble-ros2/install/rqt_topic:/Users/dhruvpatel29/humble-ros2/install/rqt_srv:/Users/dhruvpatel29/humble-ros2/install/rqt_shell:/Users/dhruvpatel29/humble-ros2/install/rqt_service_caller:/Users/dhruvpatel29/humble-ros2/install/rqt_reconfigure:/Users/dhruvpatel29/humble-ros2/install/rqt_py_console:/Users/dhruvpatel29/humble-ros2/install/rqt_publisher:/Users/dhruvpatel29/humble-ros2/install/rqt_plot:/Users/dhruvpatel29/humble-ros2/install/rqt_action:/Users/dhruvpatel29/humble-ros2/install/rqt_msg:/Users/dhruvpatel29/humble-ros2/install/rqt_console:/Users/dhruvpatel29/humble-ros2/install/rqt:/Users/dhruvpatel29/humble-ros2/install/rqt_joint_trajectory_controller:/Users/dhruvpatel29/humble-ros2/install/rqt_graph:/Users/dhruvpatel29/humble-ros2/install/rqt_gui_py:/Users/dhruvpatel29/humble-ros2/install/rqt_gui:/Users/dhruvpatel29/humble-ros2/install/ros2trace:/Users/dhruvpatel29/humble-ros2/install/ros2topic:/Users/dhruvpatel29/humble-ros2/install/ros2test:/Users/dhruvpatel29/humble-ros2/install/ros2component:/Users/dhruvpatel29/humble-ros2/install/ros2param:/Users/dhruvpatel29/humble-ros2/install/ros2lifecycle:/Users/dhruvpatel29/humble-ros2/install/ros2service:/Users/dhruvpatel29/humble-ros2/install/ros2run:/Users/dhruvpatel29/humble-ros2/install/ros2launch:/Users/dhruvpatel29/humble-ros2/install/ros2pkg:/Users/dhruvpatel29/humble-ros2/install/ros2node:/Users/dhruvpatel29/humble-ros2/install/ros2multicast:/Users/dhruvpatel29/humble-ros2/install/ros2interface:/Users/dhruvpatel29/humble-ros2/install/ros2doctor:/Users/dhruvpatel29/humble-ros2/install/ros2action:/Users/dhruvpatel29/humble-ros2/install/ros2cli:/Users/dhruvpatel29/humble-ros2/install/ros2_controllers_test_nodes:/Users/dhruvpatel29/humble-ros2/install/quality_of_service_demo_py:/Users/dhruvpatel29/humble-ros2/install/nav2_simple_commander:/Users/dhruvpatel29/humble-ros2/install/lifecycle_py:/Users/dhruvpatel29/humble-ros2/install/launch_testing_ros:/Users/dhruvpatel29/humble-ros2/install/launch_ros:/Users/dhruvpatel29/humble-ros2/install/examples_rclpy_pointcloud_publisher:/Users/dhruvpatel29/humble-ros2/install/examples_rclpy_minimal_subscriber:/Users/dhruvpatel29/humble-ros2/install/examples_rclpy_minimal_service:/Users/dhruvpatel29/humble-ros2/install/examples_rclpy_minimal_publisher:/Users/dhruvpatel29/humble-ros2/install/examples_rclpy_minimal_client:/Users/dhruvpatel29/humble-ros2/install/examples_rclpy_minimal_action_server:/Users/dhruvpatel29/humble-ros2/install/examples_rclpy_minimal_action_client:/Users/dhruvpatel29/humble-ros2/install/examples_rclpy_guard_conditions:/Users/dhruvpatel29/humble-ros2/install/examples_rclpy_executors:/Users/dhruvpatel29/humble-ros2/install/demo_nodes_py:/Users/dhruvpatel29/humble-ros2/install/camera_info_manager_py:/Users/dhruvpatel29/humble-ros2/install/bondpy:/Users/dhruvpatel29/humble-ros2/install/action_tutorials_py:/Users/dhruvpatel29/humble-ros2/install/ament_uncrustify:/Users/dhruvpatel29/humble-ros2/install/tracetools_trace:/Users/dhruvpatel29/humble-ros2/install/tracetools_read:/Users/dhruvpatel29/humble-ros2/install/test_tracetools_launch:/Users/dhruvpatel29/humble-ros2/install/test_launch_ros:/Users/dhruvpatel29/humble-ros2/install/sensor_msgs_py:/Users/dhruvpatel29/humble-ros2/install/rpyutils:/Users/dhruvpatel29/humble-ros2/install/rosidl_runtime_py:/Users/dhruvpatel29/humble-ros2/install/rosidl_cli:/Users/dhruvpatel29/humble-ros2/install/launch_pytest:/Users/dhruvpatel29/humble-ros2/install/launch_testing:/Users/dhruvpatel29/humble-ros2/install/launch_yaml:/Users/dhruvpatel29/humble-ros2/install/launch_xml:/Users/dhruvpatel29/humble-ros2/install/launch:/Users/dhruvpatel29/humble-ros2/install/osrf_pycommon:/Users/dhruvpatel29/humble-ros2/install/domain_coordinator:/Users/dhruvpatel29/humble-ros2/install/ament_xmllint:/Users/dhruvpatel29/humble-ros2/install/ament_pyflakes:/Users/dhruvpatel29/humble-ros2/install/ament_pycodestyle:/Users/dhruvpatel29/humble-ros2/install/ament_pep257:/Users/dhruvpatel29/humble-ros2/install/ament_pclint:/Users/dhruvpatel29/humble-ros2/install/ament_package:/Users/dhruvpatel29/humble-ros2/install/ament_mypy:/Users/dhruvpatel29/humble-ros2/install/ament_lint_cmake:/Users/dhruvpatel29/humble-ros2/install/ament_flake8:/Users/dhruvpatel29/humble-ros2/install/ament_copyright:/Users/dhruvpatel29/humble-ros2/install/ament_lint:/Users/dhruvpatel29/humble-ros2/install/ament_index_python:/Users/dhruvpatel29/humble-ros2/install/ament_cpplint:/Users/dhruvpatel29/humble-ros2/install/ament_cppcheck:/Users/dhruvpatel29/humble-ros2/install/ament_clang_tidy:/Users/dhruvpatel29/humble-ros2/install/ament_clang_format:/Users/dhruvpatel29/ros2_ws/install/turtlesim_catch_them_all:/Users/dhruvpatel29/ros2_ws/install/turtlebot3_teleop:/Users/dhruvpatel29/ros2_ws/install/turtlebot3_example:/Users/dhruvpatel29/ros2_ws/install/number_counter:/Users/dhruvpatel29/ros2_ws/install/my_py_pkg:/Users/dhruvpatel29/ros2_ws/install/actions_py:/Users/dhruvpatel29/ros2_ws/install/lifecycle_py:/Users/dhruvpatel29/ros2_ws/install/executors_py:/Users/dhruvpatel29/ros2_ws/install/components_py:/Users/dhruvpatel29/ros2_ws/install/add_two_ints:/Users/dhruvpatel29/backup_ros/humble-ros2/install/moveit_configs_utils:/Users/dhruvpatel29/backup_ros/humble-ros2/install/launch_param_builder:/Users/dhruvpatel29/backup_ros/humble-ros2/install/tf2_ros_py:/Users/dhruvpatel29/backup_ros/humble-ros2/install/rqt_gui_py:/Users/dhruvpatel29/backup_ros/humble-ros2/install/rqt_gui:/Users/dhruvpatel29/backup_ros/humble-ros2/install/ros2topic:/Users/dhruvpatel29/backup_ros/humble-ros2/install/ros2test:/Users/dhruvpatel29/backup_ros/humble-ros2/install/ros2param:/Users/dhruvpatel29/backup_ros/humble-ros2/install/ros2service:/Users/dhruvpatel29/backup_ros/humble-ros2/install/ros2run:/Users/dhruvpatel29/backup_ros/humble-ros2/install/ros2pkg:/Users/dhruvpatel29/backup_ros/humble-ros2/install/ros2node:/Users/dhruvpatel29/backup_ros/humble-ros2/install/ros2cli:/Users/dhruvpatel29/backup_ros/humble-ros2/install/launch_testing_ros:/Users/dhruvpatel29/backup_ros/humble-ros2/install/launch_ros:/Users/dhruvpatel29/backup_ros/humble-ros2/install/joint_state_publisher_gui:/Users/dhruvpatel29/backup_ros/humble-ros2/install/joint_state_publisher:/Users/dhruvpatel29/backup_ros/humble-ros2/install/ament_uncrustify:/Users/dhruvpatel29/backup_ros/humble-ros2/install/tracetools_trace:/Users/dhruvpatel29/backup_ros/humble-ros2/install/tracetools_read:/Users/dhruvpatel29/backup_ros/humble-ros2/install/sensor_msgs_py:/Users/dhruvpatel29/backup_ros/humble-ros2/install/rpyutils:/Users/dhruvpatel29/backup_ros/humble-ros2/install/rosidl_runtime_py:/Users/dhruvpatel29/backup_ros/humble-ros2/install/rosidl_cli:/Users/dhruvpatel29/backup_ros/humble-ros2/install/launch_pytest:/Users/dhruvpatel29/backup_ros/humble-ros2/install/launch_testing:/Users/dhruvpatel29/backup_ros/humble-ros2/install/launch_yaml:/Users/dhruvpatel29/backup_ros/humble-ros2/install/launch_xml:/Users/dhruvpatel29/backup_ros/humble-ros2/install/launch:/Users/dhruvpatel29/backup_ros/humble-ros2/install/osrf_pycommon:/Users/dhruvpatel29/backup_ros/humble-ros2/install/generate_parameter_library_py:/Users/dhruvpatel29/backup_ros/humble-ros2/install/domain_coordinator:/Users/dhruvpatel29/backup_ros/humble-ros2/install/ament_xmllint:/Users/dhruvpatel29/backup_ros/humble-ros2/install/ament_pyflakes:/Users/dhruvpatel29/backup_ros/humble-ros2/install/ament_pycodestyle:/Users/dhruvpatel29/backup_ros/humble-ros2/install/ament_pep257:/Users/dhruvpatel29/backup_ros/humble-ros2/install/ament_pclint:/Users/dhruvpatel29/backup_ros/humble-ros2/install/ament_package:/Users/dhruvpatel29/backup_ros/humble-ros2/install/ament_mypy:/Users/dhruvpatel29/backup_ros/humble-ros2/install/ament_lint_cmake:/Users/dhruvpatel29/backup_ros/humble-ros2/install/ament_flake8:/Users/dhruvpatel29/backup_ros/humble-ros2/install/ament_copyright:/Users/dhruvpatel29/backup_ros/humble-ros2/install/ament_lint:/Users/dhruvpatel29/backup_ros/humble-ros2/install/ament_index_python:/Users/dhruvpatel29/backup_ros/humble-ros2/install/ament_cpplint:/Users/dhruvpatel29/backup_ros/humble-ros2/install/ament_cppcheck:/Users/dhruvpatel29/backup_ros/humble-ros2/install/ament_clang_tidy:/Users/dhruvpatel29/backup_ros/humble-ros2/install/ament_clang_format:/Users/dhruvpatel29/backup_ros/humble-ros2/install/rsl:/Users/dhruvpatel29/backup_ros/humble-ros2/install/rosbag2_test_common:/Users/dhruvpatel29/backup_ros/humble-ros2/install/bondcpp:/Users/dhruvpatel29/backup_ros/humble-ros2/install/rclcpp_lifecycle:/Users/dhruvpatel29/backup_ros/humble-ros2/install/rclcpp_components:/Users/dhruvpatel29/backup_ros/humble-ros2/install/nav2_voxel_grid:/Users/dhruvpatel29/backup_ros/humble-ros2/install/rclcpp:/Users/dhruvpatel29/backup_ros/humble-ros2/install/rcl_lifecycle:/Users/dhruvpatel29/backup_ros/humble-ros2/install/libstatistics_collector:/Users/dhruvpatel29/backup_ros/humble-ros2/install/rcl:/Users/dhruvpatel29/backup_ros/humble-ros2/install/rmw_implementation:/Users/dhruvpatel29/backup_ros/humble-ros2/install/rmw_fastrtps_dynamic_cpp:/Users/dhruvpatel29/backup_ros/humble-ros2/install/rmw_fastrtps_cpp:/Users/dhruvpatel29/backup_ros/humble-ros2/install/rmw_fastrtps_shared_cpp:/Users/dhruvpatel29/backup_ros/humble-ros2/install/rmw_cyclonedds_cpp:/Users/dhruvpatel29/backup_ros/humble-ros2/install/tracetools:/Users/dhruvpatel29/backup_ros/humble-ros2/install/tl_expected:/Users/dhruvpatel29/backup_ros/humble-ros2/install/tinyxml_vendor:/Users/dhruvpatel29/backup_ros/humble-ros2/install/pluginlib:/Users/dhruvpatel29/backup_ros/humble-ros2/install/tinyxml2_vendor:/Users/dhruvpatel29/backup_ros/humble-ros2/install/tf2_eigen_kdl:/Users/dhruvpatel29/backup_ros/humble-ros2/install/tf2:/Users/dhruvpatel29/backup_ros/humble-ros2/install/test_rmw_implementation:/Users/dhruvpatel29/backup_ros/humble-ros2/install/test_launch_testing:/Users/dhruvpatel29/backup_ros/humble-ros2/install/test_interface_files:/Users/dhruvpatel29/backup_ros/humble-ros2/install/tcb_span:/Users/dhruvpatel29/backup_ros/humble-ros2/install/qt_gui_core:/Users/dhruvpatel29/backup_ros/humble-ros2/install/qt_gui_app:/Users/dhruvpatel29/backup_ros/humble-ros2/install/qt_gui:/Users/dhruvpatel29/backup_ros/humble-ros2/install/tango_icons_vendor:/Users/dhruvpatel29/backup_ros/humble-ros2/install/stereo_msgs:/Users/dhruvpatel29/backup_ros/humble-ros2/install/std_srvs:/Users/dhruvpatel29/backup_ros/humble-ros2/install/shape_msgs:/Users/dhruvpatel29/backup_ros/humble-ros2/install/map_msgs:/Users/dhruvpatel29/backup_ros/humble-ros2/install/cv_bridge:/Users/dhruvpatel29/backup_ros/humble-ros2/install/sensor_msgs:/Users/dhruvpatel29/backup_ros/humble-ros2/install/ros_gz_interfaces:/Users/dhruvpatel29/backup_ros/humble-ros2/install/octomap_msgs:/Users/dhruvpatel29/backup_ros/humble-ros2/install/nav_msgs:/Users/dhruvpatel29/backup_ros/humble-ros2/install/nav_2d_msgs:/Users/dhruvpatel29/backup_ros/humble-ros2/install/graph_msgs:/Users/dhruvpatel29/backup_ros/humble-ros2/install/gps_msgs:/Users/dhruvpatel29/backup_ros/humble-ros2/install/diagnostic_msgs:/Users/dhruvpatel29/backup_ros/humble-ros2/install/geometry_msgs:/Users/dhruvpatel29/backup_ros/humble-ros2/install/bond:/Users/dhruvpatel29/backup_ros/humble-ros2/install/actuator_msgs:/Users/dhruvpatel29/backup_ros/humble-ros2/install/actionlib_msgs:/Users/dhruvpatel29/backup_ros/humble-ros2/install/ackermann_msgs:/Users/dhruvpatel29/backup_ros/humble-ros2/install/std_msgs:/Users/dhruvpatel29/backup_ros/humble-ros2/install/statistics_msgs:/Users/dhruvpatel29/backup_ros/humble-ros2/install/sqlite3_vendor:/Users/dhruvpatel29/backup_ros/humble-ros2/install/rcl_logging_spdlog:/Users/dhruvpatel29/backup_ros/humble-ros2/install/spdlog_vendor:/Users/dhruvpatel29/backup_ros/humble-ros2/install/smclib:/Users/dhruvpatel29/backup_ros/humble-ros2/install/shared_queues_vendor:/Users/dhruvpatel29/backup_ros/humble-ros2/install/rviz_rendering_tests:/Users/dhruvpatel29/backup_ros/humble-ros2/install/rviz_rendering:/Users/dhruvpatel29/backup_ros/humble-ros2/install/rviz_ogre_vendor:/Users/dhruvpatel29/backup_ros/humble-ros2/install/rviz_assimp_vendor:/Users/dhruvpatel29/backup_ros/humble-ros2/install/ruckig:/Users/dhruvpatel29/backup_ros/humble-ros2/install/rmw_connextddsmicro:/Users/dhruvpatel29/backup_ros/humble-ros2/install/rmw_connextdds:/Users/dhruvpatel29/backup_ros/humble-ros2/install/rmw_connextdds_common:/Users/dhruvpatel29/backup_ros/humble-ros2/install/rti_connext_dds_cmake_module:/Users/dhruvpatel29/backup_ros/humble-ros2/install/rosgraph_msgs:/Users/dhruvpatel29/backup_ros/humble-ros2/install/rosbag2_interfaces:/Users/dhruvpatel29/backup_ros/humble-ros2/install/rmw_dds_common:/Users/dhruvpatel29/backup_ros/humble-ros2/install/composition_interfaces:/Users/dhruvpatel29/backup_ros/humble-ros2/install/rcl_interfaces:/Users/dhruvpatel29/backup_ros/humble-ros2/install/pendulum_msgs:/Users/dhruvpatel29/backup_ros/humble-ros2/install/controller_manager_msgs:/Users/dhruvpatel29/backup_ros/humble-ros2/install/lifecycle_msgs:/Users/dhruvpatel29/backup_ros/humble-ros2/install/dynamixel_sdk_custom_interfaces:/Users/dhruvpatel29/backup_ros/humble-ros2/install/builtin_interfaces:/Users/dhruvpatel29/backup_ros/humble-ros2/install/rosidl_default_runtime:/Users/dhruvpatel29/backup_ros/humble-ros2/install/rosidl_default_generators:/Users/dhruvpatel29/backup_ros/humble-ros2/install/rosidl_generator_py:/Users/dhruvpatel29/backup_ros/humble-ros2/install/rosidl_typesupport_introspection_tests:/Users/dhruvpatel29/backup_ros/humble-ros2/install/rosidl_typesupport_cpp:/Users/dhruvpatel29/backup_ros/humble-ros2/install/rosidl_typesupport_introspection_cpp:/Users/dhruvpatel29/backup_ros/humble-ros2/install/rosidl_typesupport_c:/Users/dhruvpatel29/backup_ros/humble-ros2/install/rosidl_typesupport_introspection_c:/Users/dhruvpatel29/backup_ros/humble-ros2/install/rosidl_typesupport_fastrtps_c:/Users/dhruvpatel29/backup_ros/humble-ros2/install/rosidl_typesupport_fastrtps_cpp:/Users/dhruvpatel29/backup_ros/humble-ros2/install/rosidl_generator_cpp:/Users/dhruvpatel29/backup_ros/humble-ros2/install/rosidl_runtime_cpp:/Users/dhruvpatel29/backup_ros/humble-ros2/install/rcl_yaml_param_parser:/Users/dhruvpatel29/backup_ros/humble-ros2/install/rmw:/Users/dhruvpatel29/backup_ros/humble-ros2/install/rosidl_runtime_c:/Users/dhruvpatel29/backup_ros/humble-ros2/install/rosidl_generator_c:/Users/dhruvpatel29/backup_ros/humble-ros2/install/rosidl_typesupport_interface:/Users/dhruvpatel29/backup_ros/humble-ros2/install/rosidl_generator_dds_idl:/Users/dhruvpatel29/backup_ros/humble-ros2/install/rosidl_cmake:/Users/dhruvpatel29/backup_ros/humble-ros2/install/rosidl_parser:/Users/dhruvpatel29/backup_ros/humble-ros2/install/rosidl_adapter:/Users/dhruvpatel29/backup_ros/humble-ros2/install/ros_environment:/Users/dhruvpatel29/backup_ros/humble-ros2/install/ros2_control_test_assets:/Users/dhruvpatel29/backup_ros/humble-ros2/install/ros2_control_cmake:/Users/dhruvpatel29/backup_ros/humble-ros2/install/rmw_implementation_cmake:/Users/dhruvpatel29/backup_ros/humble-ros2/install/resource_retriever:/Users/dhruvpatel29/backup_ros/humble-ros2/install/class_loader:/Users/dhruvpatel29/backup_ros/humble-ros2/install/rcpputils:/Users/dhruvpatel29/backup_ros/humble-ros2/install/rcl_logging_noop:/Users/dhruvpatel29/backup_ros/humble-ros2/install/rcl_logging_interface:/Users/dhruvpatel29/backup_ros/humble-ros2/install/rcutils:/Users/dhruvpatel29/backup_ros/humble-ros2/install/random_numbers:/Users/dhruvpatel29/backup_ros/humble-ros2/install/qt_gui_py_common:/Users/dhruvpatel29/backup_ros/humble-ros2/install/qt_dotgraph:/Users/dhruvpatel29/backup_ros/humble-ros2/install/python_qt_binding:/Users/dhruvpatel29/backup_ros/humble-ros2/install/python_orocos_kdl_vendor:/Users/dhruvpatel29/backup_ros/humble-ros2/install/launch_testing_ament_cmake:/Users/dhruvpatel29/backup_ros/humble-ros2/install/python_cmake_module:/Users/dhruvpatel29/backup_ros/humble-ros2/install/pybind11_vendor:/Users/dhruvpatel29/backup_ros/humble-ros2/install/performance_test_fixture:/Users/dhruvpatel29/backup_ros/humble-ros2/install/osrf_testing_tools_cpp:/Users/dhruvpatel29/backup_ros/humble-ros2/install/orocos_kdl_vendor:/Users/dhruvpatel29/backup_ros/humble-ros2/install/dynamic_edt_3d:/Users/dhruvpatel29/backup_ros/humble-ros2/install/octomap:/Users/dhruvpatel29/backup_ros/humble-ros2/install/nav2_costmap_filters_demo:/Users/dhruvpatel29/backup_ros/humble-ros2/install/moveit_resources_pr2_description:/Users/dhruvpatel29/backup_ros/humble-ros2/install/moveit_resources_panda_description:/Users/dhruvpatel29/backup_ros/humble-ros2/install/moveit_resources_fanuc_description:/Users/dhruvpatel29/backup_ros/humble-ros2/install/moveit_common:/Users/dhruvpatel29/backup_ros/humble-ros2/install/mimick_vendor:/Users/dhruvpatel29/backup_ros/humble-ros2/install/libyaml_vendor:/Users/dhruvpatel29/backup_ros/humble-ros2/install/libcurl_vendor:/Users/dhruvpatel29/backup_ros/humble-ros2/install/keyboard_handler:/Users/dhruvpatel29/backup_ros/humble-ros2/install/ignition-transport11:/Users/dhruvpatel29/backup_ros/humble-ros2/install/iceoryx_introspection:/Users/dhruvpatel29/backup_ros/humble-ros2/install/cyclonedds:/Users/dhruvpatel29/backup_ros/humble-ros2/install/iceoryx_posh:/Users/dhruvpatel29/backup_ros/humble-ros2/install/iceoryx_hoofs:/Users/dhruvpatel29/backup_ros/humble-ros2/install/iceoryx_binding_c:/Users/dhruvpatel29/backup_ros/humble-ros2/install/ament_cmake_ros:/Users/dhruvpatel29/backup_ros/humble-ros2/install/ament_cmake_auto:/Users/dhruvpatel29/backup_ros/humble-ros2/install/ament_cmake_gmock:/Users/dhruvpatel29/backup_ros/humble-ros2/install/gmock_vendor:/Users/dhruvpatel29/backup_ros/humble-ros2/install/ament_cmake_gtest:/Users/dhruvpatel29/backup_ros/humble-ros2/install/gtest_vendor:/Users/dhruvpatel29/backup_ros/humble-ros2/install/ament_cmake_google_benchmark:/Users/dhruvpatel29/backup_ros/humble-ros2/install/fastrtps:/Users/dhruvpatel29/backup_ros/humble-ros2/install/foonathan_memory_vendor:/Users/dhruvpatel29/backup_ros/humble-ros2/install/fastrtps_cmake_module:/Users/dhruvpatel29/backup_ros/humble-ros2/install/fastcdr:/Users/dhruvpatel29/backup_ros/humble-ros2/install/eigen_stl_containers:/Users/dhruvpatel29/backup_ros/humble-ros2/install/eigen3_cmake_module:/Users/dhruvpatel29/backup_ros/humble-ros2/install/dynamixel_sdk:/Users/dhruvpatel29/backup_ros/humble-ros2/install/console_bridge_vendor:/Users/dhruvpatel29/backup_ros/humble-ros2/install/ceres-solver-vendor:/Users/dhruvpatel29/backup_ros/humble-ros2/install/backward_ros:/Users/dhruvpatel29/backup_ros/humble-ros2/install/angles:/Users/dhruvpatel29/backup_ros/humble-ros2/install/ament_cmake_xmllint:/Users/dhruvpatel29/backup_ros/humble-ros2/install/ament_cmake_pyflakes:/Users/dhruvpatel29/backup_ros/humble-ros2/install/ament_cmake_pycodestyle:/Users/dhruvpatel29/backup_ros/humble-ros2/install/ament_cmake_pep257:/Users/dhruvpatel29/backup_ros/humble-ros2/install/ament_cmake_pclint:/Users/dhruvpatel29/backup_ros/humble-ros2/install/ament_lint_auto:/Users/dhruvpatel29/backup_ros/humble-ros2/install/ament_cmake:/Users/dhruvpatel29/backup_ros/humble-ros2/install/ament_cmake_version:/Users/dhruvpatel29/backup_ros/humble-ros2/install/ament_cmake_vendor_package:/Users/dhruvpatel29/backup_ros/humble-ros2/install/ament_cmake_pytest:/Users/dhruvpatel29/backup_ros/humble-ros2/install/ament_cmake_nose:/Users/dhruvpatel29/backup_ros/humble-ros2/install/ament_cmake_mypy:/Users/dhruvpatel29/backup_ros/humble-ros2/install/ament_cmake_lint_cmake:/Users/dhruvpatel29/backup_ros/humble-ros2/install/ament_cmake_flake8:/Users/dhruvpatel29/backup_ros/humble-ros2/install/ament_cmake_cpplint:/Users/dhruvpatel29/backup_ros/humble-ros2/install/ament_cmake_cppcheck:/Users/dhruvpatel29/backup_ros/humble-ros2/install/ament_cmake_copyright:/Users/dhruvpatel29/backup_ros/humble-ros2/install/ament_cmake_clang_tidy:/Users/dhruvpatel29/backup_ros/humble-ros2/install/ament_cmake_clang_format:/Users/dhruvpatel29/backup_ros/humble-ros2/install/ament_cmake_test:/Users/dhruvpatel29/backup_ros/humble-ros2/install/ament_cmake_target_dependencies:/Users/dhruvpatel29/backup_ros/humble-ros2/install/ament_cmake_python:/Users/dhruvpatel29/backup_ros/humble-ros2/install/ament_cmake_export_dependencies:/Users/dhruvpatel29/backup_ros/humble-ros2/install/ament_cmake_libraries:/Users/dhruvpatel29/backup_ros/humble-ros2/install/ament_cmake_include_directories:/Users/dhruvpatel29/backup_ros/humble-ros2/install/ament_cmake_gen_version_h:/Users/dhruvpatel29/backup_ros/humble-ros2/install/ament_cmake_export_targets:/Users/dhruvpatel29/backup_ros/humble-ros2/install/ament_cmake_export_link_flags:/Users/dhruvpatel29/backup_ros/humble-ros2/install/ament_cmake_export_interfaces:/Users/dhruvpatel29/backup_ros/humble-ros2/install/ament_cmake_export_libraries:/Users/dhruvpatel29/backup_ros/humble-ros2/install/ament_cmake_export_include_directories:/Users/dhruvpatel29/backup_ros/humble-ros2/install/ament_cmake_export_definitions:/Users/dhruvpatel29/backup_ros/humble-ros2/install/ament_cmake_core:/Users/dhruvpatel29/backup_ros/humble-ros2/install/ament_index_cpp:/Users/dhruvpatel29/backup_ros/humble-ros2/install/GeographicLib:/opt/homebrew/Cellar/google-benchmark/1.9.4:/Users/dhruvpatel29/humble-ros2/src/ros-commondep/boost-1.74.0/:/opt/homebrew/opt/qt@5:/opt/homebrew/opt/qt@5 DYLD_LIBRARY_PATH=/Users/dhruvpatel29/humble-ros2/src/ros2_control/install/filters/lib:${DYLD_LIBRARY_PATH} SHLVL=2 _=/usr/bin/env /opt/homebrew/bin/cmake --build /Users/dhruvpatel29/humble-ros2/src/ros2_control/build/control_toolbox -- -j8 -l8
[193.325s] DEBUG:colcon.colcon_core.event_handler.log_command:Invoking command in '/Users/dhruvpatel29/humble-ros2/src/ros2_control/build/control_toolbox': AMENT_PREFIX_PATH=/Users/dhruvpatel29/humble-ros2/src/ros2_control/install/filters:${AMENT_PREFIX_PATH} CMAKE_PREFIX_PATH=/Users/dhruvpatel29/humble-ros2/src/ros2_control/install/filters:/opt/homebrew/Cellar/google-benchmark/1.9.4:/Users/dhruvpatel29/humble-ros2/src/ros-commondep/boost:/Users/dhruvpatel29/humble-ros2/install/rosbag2_storage_mcap:/Users/dhruvpatel29/humble-ros2/install/rosbag2:/Users/dhruvpatel29/humble-ros2/install/rosbag2_compression_zstd:/Users/dhruvpatel29/humble-ros2/install/mcap_vendor:/Users/dhruvpatel29/humble-ros2/install/zstd_vendor:/Users/dhruvpatel29/humble-ros2/install/vision_msgs_rviz_plugins:/Users/dhruvpatel29/humble-ros2/install/test_ros_gz_bridge:/Users/dhruvpatel29/humble-ros2/install/sam_bot_description:/Users/dhruvpatel29/humble-ros2/install/rviz_visual_testing_framework:/Users/dhruvpatel29/humble-ros2/install/ros_ign:/Users/dhruvpatel29/humble-ros2/install/ros_ign_gazebo_demos:/Users/dhruvpatel29/humble-ros2/install/ros_gz:/Users/dhruvpatel29/humble-ros2/install/ros_gz_sim_demos:/Users/dhruvpatel29/humble-ros2/install/rviz2:/Users/dhruvpatel29/humble-ros2/install/nav2_rviz_plugins:/Users/dhruvpatel29/humble-ros2/install/rviz_default_plugins:/Users/dhruvpatel29/humble-ros2/install/rviz_common:/Users/dhruvpatel29/humble-ros2/install/rosbag2_py:/Users/dhruvpatel29/humble-ros2/install/rosbag2_transport:/Users/dhruvpatel29/humble-ros2/install/rosbag2_storage_default_plugins:/Users/dhruvpatel29/humble-ros2/install/rosbag2_performance_benchmarking:/Users/dhruvpatel29/humble-ros2/install/rosbag2_compression:/Users/dhruvpatel29/humble-ros2/install/rosbag2_cpp:/Users/dhruvpatel29/humble-ros2/install/rosbag2_storage:/Users/dhruvpatel29/humble-ros2/install/ros_ign_image:/Users/dhruvpatel29/humble-ros2/install/ros_ign_bridge:/Users/dhruvpatel29/humble-ros2/install/ros_gz_image:/Users/dhruvpatel29/humble-ros2/install/ros_gz_bridge:/Users/dhruvpatel29/humble-ros2/install/robot_localization:/Users/dhruvpatel29/humble-ros2/install/nav2_map_server:/Users/dhruvpatel29/humble-ros2/install/image_common:/Users/dhruvpatel29/humble-ros2/install/camera_info_manager:/Users/dhruvpatel29/humble-ros2/install/camera_calibration_parsers:/Users/dhruvpatel29/humble-ros2/install/yaml_cpp_vendor:/Users/dhruvpatel29/humble-ros2/install/moveit_resources_prbt_support:/Users/dhruvpatel29/humble-ros2/install/moveit_resources:/Users/dhruvpatel29/humble-ros2/install/moveit_resources_panda_moveit_config:/Users/dhruvpatel29/humble-ros2/install/moveit_resources_fanuc_moveit_config:/Users/dhruvpatel29/humble-ros2/install/xacro:/Users/dhruvpatel29/humble-ros2/install/warehouse_ros:/Users/dhruvpatel29/humble-ros2/install/moveit_task_constructor_msgs:/Users/dhruvpatel29/humble-ros2/install/interactive_markers:/Users/dhruvpatel29/humble-ros2/install/geometric_shapes:/Users/dhruvpatel29/humble-ros2/install/common_interfaces:/Users/dhruvpatel29/humble-ros2/install/visualization_msgs:/Users/dhruvpatel29/humble-ros2/install/vision_msgs:/Users/dhruvpatel29/humble-ros2/install/srdfdom:/Users/dhruvpatel29/humble-ros2/install/dummy_robot_bringup:/Users/dhruvpatel29/humble-ros2/install/robot_state_publisher:/Users/dhruvpatel29/humble-ros2/install/kinematics_interface_kdl:/Users/dhruvpatel29/humble-ros2/install/kdl_parser:/Users/dhruvpatel29/humble-ros2/install/joint_limits:/Users/dhruvpatel29/humble-ros2/install/urdf:/Users/dhruvpatel29/humble-ros2/install/urdfdom:/Users/dhruvpatel29/humble-ros2/install/urdf_parser_plugin:/Users/dhruvpatel29/humble-ros2/install/urdfdom_headers:/Users/dhruvpatel29/humble-ros2/install/turtlesim:/Users/dhruvpatel29/humble-ros2/install/transmission_interface:/Users/dhruvpatel29/humble-ros2/install/geometry2:/Users/dhruvpatel29/humble-ros2/install/tf2_sensor_msgs:/Users/dhruvpatel29/humble-ros2/install/test_tf2:/Users/dhruvpatel29/humble-ros2/install/tf2_kdl:/Users/dhruvpatel29/humble-ros2/install/nav_2d_utils:/Users/dhruvpatel29/humble-ros2/install/nav2_velocity_smoother:/Users/dhruvpatel29/humble-ros2/install/nav2_lifecycle_manager:/Users/dhruvpatel29/humble-ros2/install/nav2_amcl:/Users/dhruvpatel29/humble-ros2/install/nav2_util:/Users/dhruvpatel29/humble-ros2/install/tf2_geometry_msgs:/Users/dhruvpatel29/humble-ros2/install/tf2_eigen:/Users/dhruvpatel29/humble-ros2/install/tf2_bullet:/Users/dhruvpatel29/humble-ros2/install/tf2_ros:/Users/dhruvpatel29/humble-ros2/install/tf2_py:/Users/dhruvpatel29/humble-ros2/install/tf2_msgs:/Users/dhruvpatel29/humble-ros2/install/test_msgs:/Users/dhruvpatel29/humble-ros2/install/sros2_cmake:/Users/dhruvpatel29/humble-ros2/install/ros2cli_common_extensions:/Users/dhruvpatel29/humble-ros2/install/diagnostics:/Users/dhruvpatel29/humble-ros2/install/self_test:/Users/dhruvpatel29/humble-ros2/install/rqt_py_common:/Users/dhruvpatel29/humble-ros2/install/rosbag2_storage_mcap_testdata:/Users/dhruvpatel29/humble-ros2/install/ros_testing:/Users/dhruvpatel29/humble-ros2/install/ros2cli_test_interfaces:/Users/dhruvpatel29/humble-ros2/install/realtime_tools:/Users/dhruvpatel29/humble-ros2/install/quality_of_service_demo_cpp:/Users/dhruvpatel29/humble-ros2/install/nav2_common:/Users/dhruvpatel29/humble-ros2/install/image_transport:/Users/dhruvpatel29/humble-ros2/install/message_filters:/Users/dhruvpatel29/humble-ros2/install/demo_nodes_cpp:/Users/dhruvpatel29/humble-ros2/install/composition:/Users/dhruvpatel29/humble-ros2/install/laser_geometry:/Users/dhruvpatel29/humble-ros2/install/gps_tools:/Users/dhruvpatel29/humble-ros2/install/dynamixel_sdk_examples:/Users/dhruvpatel29/humble-ros2/install/diagnostic_common_diagnostics:/Users/dhruvpatel29/humble-ros2/install/diagnostic_updater:/Users/dhruvpatel29/humble-ros2/install/diagnostic_aggregator:/Users/dhruvpatel29/humble-ros2/install/rclpy:/Users/dhruvpatel29/humble-ros2/install/examples_rclcpp_minimal_action_server:/Users/dhruvpatel29/humble-ros2/install/examples_rclcpp_minimal_action_client:/Users/dhruvpatel29/humble-ros2/install/btcpp_ros2_samples:/Users/dhruvpatel29/humble-ros2/install/behaviortree_ros2:/Users/dhruvpatel29/humble-ros2/install/action_tutorials_cpp:/Users/dhruvpatel29/humble-ros2/install/rclcpp_action:/Users/dhruvpatel29/humble-ros2/install/rcl_action:/Users/dhruvpatel29/humble-ros2/install/moveit_msgs:/Users/dhruvpatel29/humble-ros2/install/object_recognition_msgs:/Users/dhruvpatel29/humble-ros2/install/nav2_msgs:/Users/dhruvpatel29/humble-ros2/install/nav2_dynamic_msgs:/Users/dhruvpatel29/humble-ros2/install/hardware_interface_testing:/Users/dhruvpatel29/humble-ros2/install/controller_interface:/Users/dhruvpatel29/humble-ros2/install/hardware_interface:/Users/dhruvpatel29/humble-ros2/install/geographic_info:/Users/dhruvpatel29/humble-ros2/install/geodesy:/Users/dhruvpatel29/humble-ros2/install/geographic_msgs:/Users/dhruvpatel29/humble-ros2/install/examples_rclcpp_wait_set:/Users/dhruvpatel29/humble-ros2/install/examples_rclcpp_minimal_service:/Users/dhruvpatel29/humble-ros2/install/examples_rclcpp_minimal_client:/Users/dhruvpatel29/humble-ros2/install/examples_rclcpp_async_client:/Users/dhruvpatel29/humble-ros2/install/example_interfaces:/Users/dhruvpatel29/humble-ros2/install/control_msgs:/Users/dhruvpatel29/humble-ros2/install/btcpp_ros2_interfaces:/Users/dhruvpatel29/humble-ros2/install/action_tutorials_interfaces:/Users/dhruvpatel29/humble-ros2/install/action_msgs:/Users/dhruvpatel29/humble-ros2/install/unique_identifier_msgs:/Users/dhruvpatel29/humble-ros2/install/ament_lint_common:/Users/dhruvpatel29/humble-ros2/install/ament_cmake_uncrustify:/Users/dhruvpatel29/humble-ros2/install/uncrustify_vendor:/Users/dhruvpatel29/humble-ros2/install/trajectory_msgs:/Users/dhruvpatel29/humble-ros2/install/topic_statistics_demo:/Users/dhruvpatel29/humble-ros2/install/test_tracetools:/Users/dhruvpatel29/humble-ros2/install/rosbag2_test_common:/Users/dhruvpatel29/humble-ros2/install/ros_ign_gazebo:/Users/dhruvpatel29/humble-ros2/install/ros_gz_sim:/Users/dhruvpatel29/humble-ros2/install/ros2lifecycle_test_fixtures:/Users/dhruvpatel29/humble-ros2/install/lifecycle:/Users/dhruvpatel29/humble-ros2/install/kinematics_interface:/Users/dhruvpatel29/humble-ros2/install/bond_core:/Users/dhruvpatel29/humble-ros2/install/bondcpp:/Users/dhruvpatel29/humble-ros2/install/rclcpp_lifecycle:/Users/dhruvpatel29/humble-ros2/install/logging_demo:/Users/dhruvpatel29/humble-ros2/install/image_tools:/Users/dhruvpatel29/humble-ros2/install/examples_rclcpp_minimal_subscriber:/Users/dhruvpatel29/humble-ros2/install/examples_rclcpp_minimal_composition:/Users/dhruvpatel29/humble-ros2/install/demo_nodes_cpp_native:/Users/dhruvpatel29/humble-ros2/install/rclcpp_components:/Users/dhruvpatel29/humble-ros2/install/nav2_voxel_grid:/Users/dhruvpatel29/humble-ros2/install/intra_process_demo:/Users/dhruvpatel29/humble-ros2/install/examples_rclcpp_multithreaded_executor:/Users/dhruvpatel29/humble-ros2/install/examples_rclcpp_minimal_timer:/Users/dhruvpatel29/humble-ros2/install/examples_rclcpp_minimal_publisher:/Users/dhruvpatel29/humble-ros2/install/examples_rclcpp_cbg_executor:/Users/dhruvpatel29/humble-ros2/install/dummy_sensors:/Users/dhruvpatel29/humble-ros2/install/dummy_map_server:/Users/dhruvpatel29/humble-ros2/install/behaviortree_cpp:/Users/dhruvpatel29/humble-ros2/install/rclcpp:/Users/dhruvpatel29/humble-ros2/install/rcl_lifecycle:/Users/dhruvpatel29/humble-ros2/install/libstatistics_collector:/Users/dhruvpatel29/humble-ros2/install/rcl:/Users/dhruvpatel29/humble-ros2/install/rmw_implementation:/Users/dhruvpatel29/humble-ros2/install/rmw_fastrtps_dynamic_cpp:/Users/dhruvpatel29/humble-ros2/install/rmw_fastrtps_cpp:/Users/dhruvpatel29/humble-ros2/install/rmw_fastrtps_shared_cpp:/Users/dhruvpatel29/humble-ros2/install/rmw_cyclonedds_cpp:/Users/dhruvpatel29/humble-ros2/install/tracetools:/Users/dhruvpatel29/humble-ros2/install/tinyxml_vendor:/Users/dhruvpatel29/humble-ros2/install/pluginlib:/Users/dhruvpatel29/humble-ros2/install/tinyxml2_vendor:/Users/dhruvpatel29/humble-ros2/install/tf2_eigen_kdl:/Users/dhruvpatel29/humble-ros2/install/tf2:/Users/dhruvpatel29/humble-ros2/install/test_security:/Users/dhruvpatel29/humble-ros2/install/test_rmw_implementation:/Users/dhruvpatel29/humble-ros2/install/test_rclcpp:/Users/dhruvpatel29/humble-ros2/install/test_quality_of_service:/Users/dhruvpatel29/humble-ros2/install/test_launch_testing:/Users/dhruvpatel29/humble-ros2/install/test_interface_files:/Users/dhruvpatel29/humble-ros2/install/test_communication:/Users/dhruvpatel29/humble-ros2/install/test_cli_remapping:/Users/dhruvpatel29/humble-ros2/install/test_cli:/Users/dhruvpatel29/humble-ros2/install/test_bond:/Users/dhruvpatel29/humble-ros2/install/qt_gui_core:/Users/dhruvpatel29/humble-ros2/install/qt_gui_app:/Users/dhruvpatel29/humble-ros2/install/qt_gui:/Users/dhruvpatel29/humble-ros2/install/tango_icons_vendor:/Users/dhruvpatel29/humble-ros2/install/stereo_msgs:/Users/dhruvpatel29/humble-ros2/install/std_srvs:/Users/dhruvpatel29/humble-ros2/install/shape_msgs:/Users/dhruvpatel29/humble-ros2/install/map_msgs:/Users/dhruvpatel29/humble-ros2/install/sensor_msgs:/Users/dhruvpatel29/humble-ros2/install/ros_ign_interfaces:/Users/dhruvpatel29/humble-ros2/install/ros_gz_interfaces:/Users/dhruvpatel29/humble-ros2/install/octomap_msgs:/Users/dhruvpatel29/humble-ros2/install/dwb_msgs:/Users/dhruvpatel29/humble-ros2/install/nav_msgs:/Users/dhruvpatel29/humble-ros2/install/nav_2d_msgs:/Users/dhruvpatel29/humble-ros2/install/graph_msgs:/Users/dhruvpatel29/humble-ros2/install/gps_msgs:/Users/dhruvpatel29/humble-ros2/install/diagnostic_msgs:/Users/dhruvpatel29/humble-ros2/install/geometry_msgs:/Users/dhruvpatel29/humble-ros2/install/bond:/Users/dhruvpatel29/humble-ros2/install/actuator_msgs:/Users/dhruvpatel29/humble-ros2/install/actionlib_msgs:/Users/dhruvpatel29/humble-ros2/install/ackermann_msgs:/Users/dhruvpatel29/humble-ros2/install/std_msgs:/Users/dhruvpatel29/humble-ros2/install/statistics_msgs:/Users/dhruvpatel29/humble-ros2/install/sqlite3_vendor:/Users/dhruvpatel29/humble-ros2/install/rcl_logging_spdlog:/Users/dhruvpatel29/humble-ros2/install/spdlog_vendor:/Users/dhruvpatel29/humble-ros2/install/smclib:/Users/dhruvpatel29/humble-ros2/install/shared_queues_vendor:/Users/dhruvpatel29/humble-ros2/install/rviz_rendering_tests:/Users/dhruvpatel29/humble-ros2/install/rviz_rendering:/Users/dhruvpatel29/humble-ros2/install/rviz_ogre_vendor:/Users/dhruvpatel29/humble-ros2/install/rviz_assimp_vendor:/Users/dhruvpatel29/humble-ros2/install/ruckig:/Users/dhruvpatel29/humble-ros2/install/rmw_connextddsmicro:/Users/dhruvpatel29/humble-ros2/install/rmw_connextdds:/Users/dhruvpatel29/humble-ros2/install/rmw_connextdds_common:/Users/dhruvpatel29/humble-ros2/install/rti_connext_dds_cmake_module:/Users/dhruvpatel29/humble-ros2/install/rosgraph_msgs:/Users/dhruvpatel29/humble-ros2/install/rosbag2_interfaces:/Users/dhruvpatel29/humble-ros2/install/rmw_dds_common:/Users/dhruvpatel29/humble-ros2/install/composition_interfaces:/Users/dhruvpatel29/humble-ros2/install/rcl_interfaces:/Users/dhruvpatel29/humble-ros2/install/pendulum_msgs:/Users/dhruvpatel29/humble-ros2/install/controller_manager_msgs:/Users/dhruvpatel29/humble-ros2/install/lifecycle_msgs:/Users/dhruvpatel29/humble-ros2/install/dynamixel_sdk_custom_interfaces:/Users/dhruvpatel29/humble-ros2/install/builtin_interfaces:/Users/dhruvpatel29/humble-ros2/install/rosidl_default_runtime:/Users/dhruvpatel29/humble-ros2/install/rosidl_default_generators:/Users/dhruvpatel29/humble-ros2/install/rosidl_generator_py:/Users/dhruvpatel29/humble-ros2/install/rosidl_typesupport_introspection_tests:/Users/dhruvpatel29/humble-ros2/install/rosidl_typesupport_cpp:/Users/dhruvpatel29/humble-ros2/install/rosidl_typesupport_introspection_cpp:/Users/dhruvpatel29/humble-ros2/install/rosidl_typesupport_c:/Users/dhruvpatel29/humble-ros2/install/rosidl_typesupport_introspection_c:/Users/dhruvpatel29/humble-ros2/install/rosidl_typesupport_fastrtps_c:/Users/dhruvpatel29/humble-ros2/install/rosidl_typesupport_fastrtps_cpp:/Users/dhruvpatel29/humble-ros2/install/rosidl_generator_cpp:/Users/dhruvpatel29/humble-ros2/install/rosidl_runtime_cpp:/Users/dhruvpatel29/humble-ros2/install/rcl_yaml_param_parser:/Users/dhruvpatel29/humble-ros2/install/rmw:/Users/dhruvpatel29/humble-ros2/install/rosidl_runtime_c:/Users/dhruvpatel29/humble-ros2/install/rosidl_generator_c:/Users/dhruvpatel29/humble-ros2/install/rosidl_typesupport_interface:/Users/dhruvpatel29/humble-ros2/install/rosidl_generator_dds_idl:/Users/dhruvpatel29/humble-ros2/install/rosidl_cmake:/Users/dhruvpatel29/humble-ros2/install/rosidl_parser:/Users/dhruvpatel29/humble-ros2/install/rosidl_adapter:/Users/dhruvpatel29/humble-ros2/install/rosbag2_tests:/Users/dhruvpatel29/humble-ros2/install/ros_environment:/Users/dhruvpatel29/humble-ros2/install/ros2_control_test_assets:/Users/dhruvpatel29/humble-ros2/install/ros2_control_cmake:/Users/dhruvpatel29/humble-ros2/install/rmw_implementation_cmake:/Users/dhruvpatel29/humble-ros2/install/resource_retriever:/Users/dhruvpatel29/humble-ros2/install/class_loader:/Users/dhruvpatel29/humble-ros2/install/rcpputils:/Users/dhruvpatel29/humble-ros2/install/rcl_logging_noop:/Users/dhruvpatel29/humble-ros2/install/rcl_logging_interface:/Users/dhruvpatel29/humble-ros2/install/rcutils:/Users/dhruvpatel29/humble-ros2/install/random_numbers:/Users/dhruvpatel29/humble-ros2/install/qt_gui_py_common:/Users/dhruvpatel29/humble-ros2/install/qt_dotgraph:/Users/dhruvpatel29/humble-ros2/install/python_qt_binding:/Users/dhruvpatel29/humble-ros2/install/python_orocos_kdl_vendor:/Users/dhruvpatel29/humble-ros2/install/launch_testing_ament_cmake:/Users/dhruvpatel29/humble-ros2/install/python_cmake_module:/Users/dhruvpatel29/humble-ros2/install/pybind11_vendor:/Users/dhruvpatel29/humble-ros2/install/performance_test_fixture:/Users/dhruvpatel29/humble-ros2/install/osrf_testing_tools_cpp:/Users/dhruvpatel29/humble-ros2/install/orocos_kdl_vendor:/Users/dhruvpatel29/humble-ros2/install/octomap-distribution:/Users/dhruvpatel29/humble-ros2/install/nav2_costmap_filters_demo:/Users/dhruvpatel29/humble-ros2/install/moveit_resources_pr2_description:/Users/dhruvpatel29/humble-ros2/install/moveit_resources_panda_description:/Users/dhruvpatel29/humble-ros2/install/moveit_resources_fanuc_description:/Users/dhruvpatel29/humble-ros2/install/moveit_common:/Users/dhruvpatel29/humble-ros2/install/mimick_vendor:/Users/dhruvpatel29/humble-ros2/install/libyaml_vendor:/Users/dhruvpatel29/humble-ros2/install/libcurl_vendor:/Users/dhruvpatel29/humble-ros2/install/keyboard_handler:/Users/dhruvpatel29/humble-ros2/install/iceoryx_introspection:/Users/dhruvpatel29/humble-ros2/install/cyclonedds:/Users/dhruvpatel29/humble-ros2/install/iceoryx_posh:/Users/dhruvpatel29/humble-ros2/install/iceoryx_hoofs:/Users/dhruvpatel29/humble-ros2/install/iceoryx_binding_c:/Users/dhruvpatel29/humble-ros2/install/gz-transport14:/Users/dhruvpatel29/humble-ros2/install/ament_cmake_ros:/Users/dhruvpatel29/humble-ros2/install/ament_cmake_auto:/Users/dhruvpatel29/humble-ros2/install/ament_cmake_gmock:/Users/dhruvpatel29/humble-ros2/install/gmock_vendor:/Users/dhruvpatel29/humble-ros2/install/ament_cmake_gtest:/Users/dhruvpatel29/humble-ros2/install/gtest_vendor:/Users/dhruvpatel29/humble-ros2/install/ament_cmake_google_benchmark:/Users/dhruvpatel29/humble-ros2/install/fastrtps:/Users/dhruvpatel29/humble-ros2/install/foonathan_memory_vendor:/Users/dhruvpatel29/humble-ros2/install/fastrtps_cmake_module:/Users/dhruvpatel29/humble-ros2/install/fastcdr:/Users/dhruvpatel29/humble-ros2/install/eigen_stl_containers:/Users/dhruvpatel29/humble-ros2/install/eigen3_cmake_module:/Users/dhruvpatel29/humble-ros2/install/dynamixel_sdk:/Users/dhruvpatel29/humble-ros2/install/diagnostic_remote_logging:/Users/dhruvpatel29/humble-ros2/install/console_bridge_vendor:/Users/dhruvpatel29/humble-ros2/install/ceres-solver:/Users/dhruvpatel29/humble-ros2/install/backward_ros:/Users/dhruvpatel29/humble-ros2/install/ament_cmake_xmllint:/Users/dhruvpatel29/humble-ros2/install/ament_cmake_pyflakes:/Users/dhruvpatel29/humble-ros2/install/ament_cmake_pycodestyle:/Users/dhruvpatel29/humble-ros2/install/ament_cmake_pep257:/Users/dhruvpatel29/humble-ros2/install/ament_cmake_pclint:/Users/dhruvpatel29/humble-ros2/install/ament_lint_auto:/Users/dhruvpatel29/humble-ros2/install/ament_cmake:/Users/dhruvpatel29/humble-ros2/install/ament_cmake_version:/Users/dhruvpatel29/humble-ros2/install/ament_cmake_vendor_package:/Users/dhruvpatel29/humble-ros2/install/ament_cmake_pytest:/Users/dhruvpatel29/humble-ros2/install/ament_cmake_nose:/Users/dhruvpatel29/humble-ros2/install/ament_cmake_mypy:/Users/dhruvpatel29/humble-ros2/install/ament_cmake_lint_cmake:/Users/dhruvpatel29/humble-ros2/install/ament_cmake_flake8:/Users/dhruvpatel29/humble-ros2/install/ament_cmake_cpplint:/Users/dhruvpatel29/humble-ros2/install/ament_cmake_cppcheck:/Users/dhruvpatel29/humble-ros2/install/ament_cmake_copyright:/Users/dhruvpatel29/humble-ros2/install/ament_cmake_clang_tidy:/Users/dhruvpatel29/humble-ros2/install/ament_cmake_clang_format:/Users/dhruvpatel29/humble-ros2/install/ament_cmake_test:/Users/dhruvpatel29/humble-ros2/install/ament_cmake_target_dependencies:/Users/dhruvpatel29/humble-ros2/install/ament_cmake_python:/Users/dhruvpatel29/humble-ros2/install/ament_cmake_export_dependencies:/Users/dhruvpatel29/humble-ros2/install/ament_cmake_libraries:/Users/dhruvpatel29/humble-ros2/install/ament_cmake_include_directories:/Users/dhruvpatel29/humble-ros2/install/ament_cmake_gen_version_h:/Users/dhruvpatel29/humble-ros2/install/ament_cmake_export_targets:/Users/dhruvpatel29/humble-ros2/install/ament_cmake_export_link_flags:/Users/dhruvpatel29/humble-ros2/install/ament_cmake_export_interfaces:/Users/dhruvpatel29/humble-ros2/install/ament_cmake_export_libraries:/Users/dhruvpatel29/humble-ros2/install/ament_cmake_export_include_directories:/Users/dhruvpatel29/humble-ros2/install/ament_cmake_export_definitions:/Users/dhruvpatel29/humble-ros2/install/ament_cmake_core:/Users/dhruvpatel29/humble-ros2/install/ament_index_cpp:/Users/dhruvpatel29/humble-ros2/install/GeographicLib:/Users/dhruvpatel29/ros2_ws/install/turtlesim_final:/Users/dhruvpatel29/ros2_ws/install/turtlecatch_bringup:/Users/dhruvpatel29/ros2_ws/install/turtlebot4_simulator:/Users/dhruvpatel29/ros2_ws/install/turtlebot4_ignition_bringup:/Users/dhruvpatel29/ros2_ws/install/turtlebot4_desktop:/Users/dhruvpatel29/ros2_ws/install/turtlebot4_viz:/Users/dhruvpatel29/ros2_ws/install/turtlebot4_node:/Users/dhruvpatel29/ros2_ws/install/turtlebot4_navigation:/Users/dhruvpatel29/ros2_ws/install/turtlebot4_ignition_toolbox:/Users/dhruvpatel29/ros2_ws/install/turtlebot4_msgs:/Users/dhruvpatel29/ros2_ws/install/turtlebot4_ignition_gui_plugins:/Users/dhruvpatel29/ros2_ws/install/turtlebot4_description:/Users/dhruvpatel29/ros2_ws/install/turtlebot3:/Users/dhruvpatel29/ros2_ws/install/turtlebot3_bringup:/Users/dhruvpatel29/ros2_ws/install/turtlebot3_node:/Users/dhruvpatel29/ros2_ws/install/turtlebot3_navigation2:/Users/dhruvpatel29/ros2_ws/install/turtlebot3_msgs:/Users/dhruvpatel29/ros2_ws/install/turtlebot3_description:/Users/dhruvpatel29/ros2_ws/install/turtlebot3_cartographer:/Users/dhruvpatel29/ros2_ws/install/robot_arm_controller:/Users/dhruvpatel29/ros2_ws/install/polygon_plugins:/Users/dhruvpatel29/ros2_ws/install/polygon_base:/Users/dhruvpatel29/ros2_ws/install/my_robot_station_bringup:/Users/dhruvpatel29/ros2_ws/install/my_robot_lifecycle_bringup:/Users/dhruvpatel29/ros2_ws/install/my_robot_bringup:/Users/dhruvpatel29/ros2_ws/install/my_cpp_pkg:/Users/dhruvpatel29/ros2_ws/install/actions_cpp:/Users/dhruvpatel29/ros2_ws/install/my_robot_interfaces:/Users/dhruvpatel29/ros2_ws/install/my_robot_bringup_gazebo:/Users/dhruvpatel29/ros2_ws/install/my_robot_description:/Users/dhruvpatel29/ros2_ws/install/moveit2_tutorials:/Users/dhruvpatel29/ros2_ws/install/lifecycle_cpp:/Users/dhruvpatel29/ros2_ws/install/irobot_create_ignition_sim:/Users/dhruvpatel29/ros2_ws/install/irobot_create_ignition_bringup:/Users/dhruvpatel29/ros2_ws/install/irobot_create_gazebo_sim:/Users/dhruvpatel29/ros2_ws/install/irobot_create_gazebo_bringup:/Users/dhruvpatel29/ros2_ws/install/irobot_create_common_bringup:/Users/dhruvpatel29/ros2_ws/install/irobot_create_nodes:/Users/dhruvpatel29/ros2_ws/install/irobot_create_ignition_toolbox:/Users/dhruvpatel29/ros2_ws/install/irobot_create_gazebo_plugins:/Users/dhruvpatel29/ros2_ws/install/irobot_create_toolbox:/Users/dhruvpatel29/ros2_ws/install/irobot_create_msgs:/Users/dhruvpatel29/ros2_ws/install/irobot_create_ignition_plugins:/Users/dhruvpatel29/ros2_ws/install/irobot_create_description:/Users/dhruvpatel29/ros2_ws/install/irobot_create_control:/Users/dhruvpatel29/ros2_ws/install/executors_cpp:/Users/dhruvpatel29/ros2_ws/install/components_cpp:/Users/dhruvpatel29/ros2_ws/install/add_two_ints_cpp:/Users/dhruvpatel29/backup_ros/humble-ros2/install/mcap_vendor:/Users/dhruvpatel29/backup_ros/humble-ros2/install/zstd_vendor:/Users/dhruvpatel29/backup_ros/humble-ros2/install/rviz_visual_testing_framework:/Users/dhruvpatel29/backup_ros/humble-ros2/install/rviz_common:/Users/dhruvpatel29/backup_ros/humble-ros2/install/rosbag2_storage:/Users/dhruvpatel29/backup_ros/humble-ros2/install/nav2_map_server:/Users/dhruvpatel29/backup_ros/humble-ros2/install/yaml_cpp_vendor:/Users/dhruvpatel29/backup_ros/humble-ros2/install/xtensor:/Users/dhruvpatel29/backup_ros/humble-ros2/install/xsimd:/Users/dhruvpatel29/backup_ros/humble-ros2/install/xtl:/Users/dhruvpatel29/backup_ros/humble-ros2/install/moveit_resources_prbt_support:/Users/dhruvpatel29/backup_ros/humble-ros2/install/moveit_resources_panda_moveit_config:/Users/dhruvpatel29/backup_ros/humble-ros2/install/moveit_resources_fanuc_moveit_config:/Users/dhruvpatel29/backup_ros/humble-ros2/install/xacro:/Users/dhruvpatel29/backup_ros/humble-ros2/install/warehouse_ros:/Users/dhruvpatel29/backup_ros/humble-ros2/install/interactive_markers:/Users/dhruvpatel29/backup_ros/humble-ros2/install/geometric_shapes:/Users/dhruvpatel29/backup_ros/humble-ros2/install/common_interfaces:/Users/dhruvpatel29/backup_ros/humble-ros2/install/visualization_msgs:/Users/dhruvpatel29/backup_ros/humble-ros2/install/vision_msgs:/Users/dhruvpatel29/backup_ros/humble-ros2/install/srdfdom:/Users/dhruvpatel29/backup_ros/humble-ros2/install/robot_state_publisher:/Users/dhruvpatel29/backup_ros/humble-ros2/install/kdl_parser:/Users/dhruvpatel29/backup_ros/humble-ros2/install/urdf:/Users/dhruvpatel29/backup_ros/humble-ros2/install/urdfdom:/Users/dhruvpatel29/backup_ros/humble-ros2/install/urdf_parser_plugin:/Users/dhruvpatel29/backup_ros/humble-ros2/install/urdfdom_headers:/Users/dhruvpatel29/backup_ros/humble-ros2/install/tf2_sensor_msgs:/Users/dhruvpatel29/backup_ros/humble-ros2/install/tf2_kdl:/Users/dhruvpatel29/backup_ros/humble-ros2/install/nav2_lifecycle_manager:/Users/dhruvpatel29/backup_ros/humble-ros2/install/nav2_util:/Users/dhruvpatel29/backup_ros/humble-ros2/install/tf2_geometry_msgs:/Users/dhruvpatel29/backup_ros/humble-ros2/install/tf2_eigen:/Users/dhruvpatel29/backup_ros/humble-ros2/install/tf2_ros:/Users/dhruvpatel29/backup_ros/humble-ros2/install/tf2_py:/Users/dhruvpatel29/backup_ros/humble-ros2/install/tf2_msgs:/Users/dhruvpatel29/backup_ros/humble-ros2/install/test_msgs:/Users/dhruvpatel29/backup_ros/humble-ros2/install/rqt_py_common:/Users/dhruvpatel29/backup_ros/humble-ros2/install/rosbag2_storage_mcap_testdata:/Users/dhruvpatel29/backup_ros/humble-ros2/install/ros_testing:/Users/dhruvpatel29/backup_ros/humble-ros2/install/controller_manager:/Users/dhruvpatel29/backup_ros/humble-ros2/install/ros2cli_test_interfaces:/Users/dhruvpatel29/backup_ros/humble-ros2/install/realtime_tools:/Users/dhruvpatel29/backup_ros/humble-ros2/install/nav2_common:/Users/dhruvpatel29/backup_ros/humble-ros2/install/image_transport:/Users/dhruvpatel29/backup_ros/humble-ros2/install/message_filters:/Users/dhruvpatel29/backup_ros/humble-ros2/install/laser_geometry:/Users/dhruvpatel29/backup_ros/humble-ros2/install/generate_parameter_library:/Users/dhruvpatel29/backup_ros/humble-ros2/install/diagnostic_updater:/Users/dhruvpatel29/backup_ros/humble-ros2/install/rclpy:/Users/dhruvpatel29/backup_ros/humble-ros2/install/rclcpp_action:/Users/dhruvpatel29/backup_ros/humble-ros2/install/rcl_action:/Users/dhruvpatel29/backup_ros/humble-ros2/install/moveit_msgs:/Users/dhruvpatel29/backup_ros/humble-ros2/install/object_recognition_msgs:/Users/dhruvpatel29/backup_ros/humble-ros2/install/nav2_msgs:/Users/dhruvpatel29/backup_ros/humble-ros2/install/hardware_interface_testing:/Users/dhruvpatel29/backup_ros/humble-ros2/install/controller_interface:/Users/dhruvpatel29/backup_ros/humble-ros2/install/hardware_interface:/Users/dhruvpatel29/backup_ros/humble-ros2/install/geographic_msgs:/Users/dhruvpatel29/backup_ros/humble-ros2/install/example_interfaces:/Users/dhruvpatel29/backup_ros/humble-ros2/install/control_msgs:/Users/dhruvpatel29/backup_ros/humble-ros2/install/btcpp_ros2_interfaces:/Users/dhruvpatel29/backup_ros/humble-ros2/install/action_tutorials_interfaces:/Users/dhruvpatel29/backup_ros/humble-ros2/install/action_msgs:/Users/dhruvpatel29/backup_ros/humble-ros2/install/unique_identifier_msgs:/Users/dhruvpatel29/backup_ros/humble-ros2/install/ament_lint_common:/Users/dhruvpatel29/backup_ros/humble-ros2/install/ament_cmake_uncrustify:/Users/dhruvpatel29/backup_ros/humble-ros2/install/uncrustify_vendor:/Users/dhruvpatel29/backup_ros/humble-ros2/install/trajectory_msgs:/Users/dhruvpatel29/backup_ros/humble-ros2/install/parameter_traits:/Users/dhruvpatel29/humble-ros2/install/rqt_bag_plugins:/Users/dhruvpatel29/humble-ros2/install/rqt_bag:/Users/dhruvpatel29/humble-ros2/install/launch_testing_examples:/Users/dhruvpatel29/humble-ros2/install/ros2bag:/Users/dhruvpatel29/humble-ros2/install/moveit_configs_utils:/Users/dhruvpatel29/humble-ros2/install/launch_param_builder:/Users/dhruvpatel29/humble-ros2/install/kf_hungarian_tracker:/Users/dhruvpatel29/humble-ros2/install/tracetools_test:/Users/dhruvpatel29/humble-ros2/install/tracetools_launch:/Users/dhruvpatel29/humble-ros2/install/topic_monitor:/Users/dhruvpatel29/humble-ros2/install/tf2_tools:/Users/dhruvpatel29/humble-ros2/install/examples_tf2_py:/Users/dhruvpatel29/humble-ros2/install/tf2_ros_py:/Users/dhruvpatel29/humble-ros2/install/sros2:/Users/dhruvpatel29/humble-ros2/install/rqt_topic:/Users/dhruvpatel29/humble-ros2/install/rqt_srv:/Users/dhruvpatel29/humble-ros2/install/rqt_shell:/Users/dhruvpatel29/humble-ros2/install/rqt_service_caller:/Users/dhruvpatel29/humble-ros2/install/rqt_reconfigure:/Users/dhruvpatel29/humble-ros2/install/rqt_py_console:/Users/dhruvpatel29/humble-ros2/install/rqt_publisher:/Users/dhruvpatel29/humble-ros2/install/rqt_plot:/Users/dhruvpatel29/humble-ros2/install/rqt_action:/Users/dhruvpatel29/humble-ros2/install/rqt_msg:/Users/dhruvpatel29/humble-ros2/install/rqt_console:/Users/dhruvpatel29/humble-ros2/install/rqt:/Users/dhruvpatel29/humble-ros2/install/rqt_joint_trajectory_controller:/Users/dhruvpatel29/humble-ros2/install/rqt_graph:/Users/dhruvpatel29/humble-ros2/install/rqt_gui_py:/Users/dhruvpatel29/humble-ros2/install/rqt_gui:/Users/dhruvpatel29/humble-ros2/install/ros2trace:/Users/dhruvpatel29/humble-ros2/install/ros2topic:/Users/dhruvpatel29/humble-ros2/install/ros2test:/Users/dhruvpatel29/humble-ros2/install/ros2component:/Users/dhruvpatel29/humble-ros2/install/ros2param:/Users/dhruvpatel29/humble-ros2/install/ros2lifecycle:/Users/dhruvpatel29/humble-ros2/install/ros2service:/Users/dhruvpatel29/humble-ros2/install/ros2run:/Users/dhruvpatel29/humble-ros2/install/ros2launch:/Users/dhruvpatel29/humble-ros2/install/ros2pkg:/Users/dhruvpatel29/humble-ros2/install/ros2node:/Users/dhruvpatel29/humble-ros2/install/ros2multicast:/Users/dhruvpatel29/humble-ros2/install/ros2interface:/Users/dhruvpatel29/humble-ros2/install/ros2doctor:/Users/dhruvpatel29/humble-ros2/install/ros2action:/Users/dhruvpatel29/humble-ros2/install/ros2cli:/Users/dhruvpatel29/humble-ros2/install/ros2_controllers_test_nodes:/Users/dhruvpatel29/humble-ros2/install/quality_of_service_demo_py:/Users/dhruvpatel29/humble-ros2/install/nav2_simple_commander:/Users/dhruvpatel29/humble-ros2/install/lifecycle_py:/Users/dhruvpatel29/humble-ros2/install/launch_testing_ros:/Users/dhruvpatel29/humble-ros2/install/launch_ros:/Users/dhruvpatel29/humble-ros2/install/examples_rclpy_pointcloud_publisher:/Users/dhruvpatel29/humble-ros2/install/examples_rclpy_minimal_subscriber:/Users/dhruvpatel29/humble-ros2/install/examples_rclpy_minimal_service:/Users/dhruvpatel29/humble-ros2/install/examples_rclpy_minimal_publisher:/Users/dhruvpatel29/humble-ros2/install/examples_rclpy_minimal_client:/Users/dhruvpatel29/humble-ros2/install/examples_rclpy_minimal_action_server:/Users/dhruvpatel29/humble-ros2/install/examples_rclpy_minimal_action_client:/Users/dhruvpatel29/humble-ros2/install/examples_rclpy_guard_conditions:/Users/dhruvpatel29/humble-ros2/install/examples_rclpy_executors:/Users/dhruvpatel29/humble-ros2/install/demo_nodes_py:/Users/dhruvpatel29/humble-ros2/install/camera_info_manager_py:/Users/dhruvpatel29/humble-ros2/install/bondpy:/Users/dhruvpatel29/humble-ros2/install/action_tutorials_py:/Users/dhruvpatel29/humble-ros2/install/ament_uncrustify:/Users/dhruvpatel29/humble-ros2/install/tracetools_trace:/Users/dhruvpatel29/humble-ros2/install/tracetools_read:/Users/dhruvpatel29/humble-ros2/install/test_tracetools_launch:/Users/dhruvpatel29/humble-ros2/install/test_launch_ros:/Users/dhruvpatel29/humble-ros2/install/sensor_msgs_py:/Users/dhruvpatel29/humble-ros2/install/rpyutils:/Users/dhruvpatel29/humble-ros2/install/rosidl_runtime_py:/Users/dhruvpatel29/humble-ros2/install/rosidl_cli:/Users/dhruvpatel29/humble-ros2/install/launch_pytest:/Users/dhruvpatel29/humble-ros2/install/launch_testing:/Users/dhruvpatel29/humble-ros2/install/launch_yaml:/Users/dhruvpatel29/humble-ros2/install/launch_xml:/Users/dhruvpatel29/humble-ros2/install/launch:/Users/dhruvpatel29/humble-ros2/install/osrf_pycommon:/Users/dhruvpatel29/humble-ros2/install/domain_coordinator:/Users/dhruvpatel29/humble-ros2/install/ament_xmllint:/Users/dhruvpatel29/humble-ros2/install/ament_pyflakes:/Users/dhruvpatel29/humble-ros2/install/ament_pycodestyle:/Users/dhruvpatel29/humble-ros2/install/ament_pep257:/Users/dhruvpatel29/humble-ros2/install/ament_pclint:/Users/dhruvpatel29/humble-ros2/install/ament_package:/Users/dhruvpatel29/humble-ros2/install/ament_mypy:/Users/dhruvpatel29/humble-ros2/install/ament_lint_cmake:/Users/dhruvpatel29/humble-ros2/install/ament_flake8:/Users/dhruvpatel29/humble-ros2/install/ament_copyright:/Users/dhruvpatel29/humble-ros2/install/ament_lint:/Users/dhruvpatel29/humble-ros2/install/ament_index_python:/Users/dhruvpatel29/humble-ros2/install/ament_cpplint:/Users/dhruvpatel29/humble-ros2/install/ament_cppcheck:/Users/dhruvpatel29/humble-ros2/install/ament_clang_tidy:/Users/dhruvpatel29/humble-ros2/install/ament_clang_format:/Users/dhruvpatel29/ros2_ws/install/turtlesim_catch_them_all:/Users/dhruvpatel29/ros2_ws/install/turtlebot3_teleop:/Users/dhruvpatel29/ros2_ws/install/turtlebot3_example:/Users/dhruvpatel29/ros2_ws/install/number_counter:/Users/dhruvpatel29/ros2_ws/install/my_py_pkg:/Users/dhruvpatel29/ros2_ws/install/actions_py:/Users/dhruvpatel29/ros2_ws/install/lifecycle_py:/Users/dhruvpatel29/ros2_ws/install/executors_py:/Users/dhruvpatel29/ros2_ws/install/components_py:/Users/dhruvpatel29/ros2_ws/install/add_two_ints:/Users/dhruvpatel29/backup_ros/humble-ros2/install/moveit_configs_utils:/Users/dhruvpatel29/backup_ros/humble-ros2/install/launch_param_builder:/Users/dhruvpatel29/backup_ros/humble-ros2/install/tf2_ros_py:/Users/dhruvpatel29/backup_ros/humble-ros2/install/rqt_gui_py:/Users/dhruvpatel29/backup_ros/humble-ros2/install/rqt_gui:/Users/dhruvpatel29/backup_ros/humble-ros2/install/ros2topic:/Users/dhruvpatel29/backup_ros/humble-ros2/install/ros2test:/Users/dhruvpatel29/backup_ros/humble-ros2/install/ros2param:/Users/dhruvpatel29/backup_ros/humble-ros2/install/ros2service:/Users/dhruvpatel29/backup_ros/humble-ros2/install/ros2run:/Users/dhruvpatel29/backup_ros/humble-ros2/install/ros2pkg:/Users/dhruvpatel29/backup_ros/humble-ros2/install/ros2node:/Users/dhruvpatel29/backup_ros/humble-ros2/install/ros2cli:/Users/dhruvpatel29/backup_ros/humble-ros2/install/launch_testing_ros:/Users/dhruvpatel29/backup_ros/humble-ros2/install/launch_ros:/Users/dhruvpatel29/backup_ros/humble-ros2/install/joint_state_publisher_gui:/Users/dhruvpatel29/backup_ros/humble-ros2/install/joint_state_publisher:/Users/dhruvpatel29/backup_ros/humble-ros2/install/ament_uncrustify:/Users/dhruvpatel29/backup_ros/humble-ros2/install/tracetools_trace:/Users/dhruvpatel29/backup_ros/humble-ros2/install/tracetools_read:/Users/dhruvpatel29/backup_ros/humble-ros2/install/sensor_msgs_py:/Users/dhruvpatel29/backup_ros/humble-ros2/install/rpyutils:/Users/dhruvpatel29/backup_ros/humble-ros2/install/rosidl_runtime_py:/Users/dhruvpatel29/backup_ros/humble-ros2/install/rosidl_cli:/Users/dhruvpatel29/backup_ros/humble-ros2/install/launch_pytest:/Users/dhruvpatel29/backup_ros/humble-ros2/install/launch_testing:/Users/dhruvpatel29/backup_ros/humble-ros2/install/launch_yaml:/Users/dhruvpatel29/backup_ros/humble-ros2/install/launch_xml:/Users/dhruvpatel29/backup_ros/humble-ros2/install/launch:/Users/dhruvpatel29/backup_ros/humble-ros2/install/osrf_pycommon:/Users/dhruvpatel29/backup_ros/humble-ros2/install/generate_parameter_library_py:/Users/dhruvpatel29/backup_ros/humble-ros2/install/domain_coordinator:/Users/dhruvpatel29/backup_ros/humble-ros2/install/ament_xmllint:/Users/dhruvpatel29/backup_ros/humble-ros2/install/ament_pyflakes:/Users/dhruvpatel29/backup_ros/humble-ros2/install/ament_pycodestyle:/Users/dhruvpatel29/backup_ros/humble-ros2/install/ament_pep257:/Users/dhruvpatel29/backup_ros/humble-ros2/install/ament_pclint:/Users/dhruvpatel29/backup_ros/humble-ros2/install/ament_package:/Users/dhruvpatel29/backup_ros/humble-ros2/install/ament_mypy:/Users/dhruvpatel29/backup_ros/humble-ros2/install/ament_lint_cmake:/Users/dhruvpatel29/backup_ros/humble-ros2/install/ament_flake8:/Users/dhruvpatel29/backup_ros/humble-ros2/install/ament_copyright:/Users/dhruvpatel29/backup_ros/humble-ros2/install/ament_lint:/Users/dhruvpatel29/backup_ros/humble-ros2/install/ament_index_python:/Users/dhruvpatel29/backup_ros/humble-ros2/install/ament_cpplint:/Users/dhruvpatel29/backup_ros/humble-ros2/install/ament_cppcheck:/Users/dhruvpatel29/backup_ros/humble-ros2/install/ament_clang_tidy:/Users/dhruvpatel29/backup_ros/humble-ros2/install/ament_clang_format:/Users/dhruvpatel29/backup_ros/humble-ros2/install/rsl:/Users/dhruvpatel29/backup_ros/humble-ros2/install/rosbag2_test_common:/Users/dhruvpatel29/backup_ros/humble-ros2/install/bondcpp:/Users/dhruvpatel29/backup_ros/humble-ros2/install/rclcpp_lifecycle:/Users/dhruvpatel29/backup_ros/humble-ros2/install/rclcpp_components:/Users/dhruvpatel29/backup_ros/humble-ros2/install/nav2_voxel_grid:/Users/dhruvpatel29/backup_ros/humble-ros2/install/rclcpp:/Users/dhruvpatel29/backup_ros/humble-ros2/install/rcl_lifecycle:/Users/dhruvpatel29/backup_ros/humble-ros2/install/libstatistics_collector:/Users/dhruvpatel29/backup_ros/humble-ros2/install/rcl:/Users/dhruvpatel29/backup_ros/humble-ros2/install/rmw_implementation:/Users/dhruvpatel29/backup_ros/humble-ros2/install/rmw_fastrtps_dynamic_cpp:/Users/dhruvpatel29/backup_ros/humble-ros2/install/rmw_fastrtps_cpp:/Users/dhruvpatel29/backup_ros/humble-ros2/install/rmw_fastrtps_shared_cpp:/Users/dhruvpatel29/backup_ros/humble-ros2/install/rmw_cyclonedds_cpp:/Users/dhruvpatel29/backup_ros/humble-ros2/install/tracetools:/Users/dhruvpatel29/backup_ros/humble-ros2/install/tl_expected:/Users/dhruvpatel29/backup_ros/humble-ros2/install/tinyxml_vendor:/Users/dhruvpatel29/backup_ros/humble-ros2/install/pluginlib:/Users/dhruvpatel29/backup_ros/humble-ros2/install/tinyxml2_vendor:/Users/dhruvpatel29/backup_ros/humble-ros2/install/tf2_eigen_kdl:/Users/dhruvpatel29/backup_ros/humble-ros2/install/tf2:/Users/dhruvpatel29/backup_ros/humble-ros2/install/test_rmw_implementation:/Users/dhruvpatel29/backup_ros/humble-ros2/install/test_launch_testing:/Users/dhruvpatel29/backup_ros/humble-ros2/install/test_interface_files:/Users/dhruvpatel29/backup_ros/humble-ros2/install/tcb_span:/Users/dhruvpatel29/backup_ros/humble-ros2/install/qt_gui_core:/Users/dhruvpatel29/backup_ros/humble-ros2/install/qt_gui_app:/Users/dhruvpatel29/backup_ros/humble-ros2/install/qt_gui:/Users/dhruvpatel29/backup_ros/humble-ros2/install/tango_icons_vendor:/Users/dhruvpatel29/backup_ros/humble-ros2/install/stereo_msgs:/Users/dhruvpatel29/backup_ros/humble-ros2/install/std_srvs:/Users/dhruvpatel29/backup_ros/humble-ros2/install/shape_msgs:/Users/dhruvpatel29/backup_ros/humble-ros2/install/map_msgs:/Users/dhruvpatel29/backup_ros/humble-ros2/install/cv_bridge:/Users/dhruvpatel29/backup_ros/humble-ros2/install/sensor_msgs:/Users/dhruvpatel29/backup_ros/humble-ros2/install/ros_gz_interfaces:/Users/dhruvpatel29/backup_ros/humble-ros2/install/octomap_msgs:/Users/dhruvpatel29/backup_ros/humble-ros2/install/nav_msgs:/Users/dhruvpatel29/backup_ros/humble-ros2/install/nav_2d_msgs:/Users/dhruvpatel29/backup_ros/humble-ros2/install/graph_msgs:/Users/dhruvpatel29/backup_ros/humble-ros2/install/gps_msgs:/Users/dhruvpatel29/backup_ros/humble-ros2/install/diagnostic_msgs:/Users/dhruvpatel29/backup_ros/humble-ros2/install/geometry_msgs:/Users/dhruvpatel29/backup_ros/humble-ros2/install/bond:/Users/dhruvpatel29/backup_ros/humble-ros2/install/actuator_msgs:/Users/dhruvpatel29/backup_ros/humble-ros2/install/actionlib_msgs:/Users/dhruvpatel29/backup_ros/humble-ros2/install/ackermann_msgs:/Users/dhruvpatel29/backup_ros/humble-ros2/install/std_msgs:/Users/dhruvpatel29/backup_ros/humble-ros2/install/statistics_msgs:/Users/dhruvpatel29/backup_ros/humble-ros2/install/sqlite3_vendor:/Users/dhruvpatel29/backup_ros/humble-ros2/install/rcl_logging_spdlog:/Users/dhruvpatel29/backup_ros/humble-ros2/install/spdlog_vendor:/Users/dhruvpatel29/backup_ros/humble-ros2/install/smclib:/Users/dhruvpatel29/backup_ros/humble-ros2/install/shared_queues_vendor:/Users/dhruvpatel29/backup_ros/humble-ros2/install/rviz_rendering_tests:/Users/dhruvpatel29/backup_ros/humble-ros2/install/rviz_rendering:/Users/dhruvpatel29/backup_ros/humble-ros2/install/rviz_ogre_vendor:/Users/dhruvpatel29/backup_ros/humble-ros2/install/rviz_assimp_vendor:/Users/dhruvpatel29/backup_ros/humble-ros2/install/ruckig:/Users/dhruvpatel29/backup_ros/humble-ros2/install/rmw_connextddsmicro:/Users/dhruvpatel29/backup_ros/humble-ros2/install/rmw_connextdds:/Users/dhruvpatel29/backup_ros/humble-ros2/install/rmw_connextdds_common:/Users/dhruvpatel29/backup_ros/humble-ros2/install/rti_connext_dds_cmake_module:/Users/dhruvpatel29/backup_ros/humble-ros2/install/rosgraph_msgs:/Users/dhruvpatel29/backup_ros/humble-ros2/install/rosbag2_interfaces:/Users/dhruvpatel29/backup_ros/humble-ros2/install/rmw_dds_common:/Users/dhruvpatel29/backup_ros/humble-ros2/install/composition_interfaces:/Users/dhruvpatel29/backup_ros/humble-ros2/install/rcl_interfaces:/Users/dhruvpatel29/backup_ros/humble-ros2/install/pendulum_msgs:/Users/dhruvpatel29/backup_ros/humble-ros2/install/controller_manager_msgs:/Users/dhruvpatel29/backup_ros/humble-ros2/install/lifecycle_msgs:/Users/dhruvpatel29/backup_ros/humble-ros2/install/dynamixel_sdk_custom_interfaces:/Users/dhruvpatel29/backup_ros/humble-ros2/install/builtin_interfaces:/Users/dhruvpatel29/backup_ros/humble-ros2/install/rosidl_default_runtime:/Users/dhruvpatel29/backup_ros/humble-ros2/install/rosidl_default_generators:/Users/dhruvpatel29/backup_ros/humble-ros2/install/rosidl_generator_py:/Users/dhruvpatel29/backup_ros/humble-ros2/install/rosidl_typesupport_introspection_tests:/Users/dhruvpatel29/backup_ros/humble-ros2/install/rosidl_typesupport_cpp:/Users/dhruvpatel29/backup_ros/humble-ros2/install/rosidl_typesupport_introspection_cpp:/Users/dhruvpatel29/backup_ros/humble-ros2/install/rosidl_typesupport_c:/Users/dhruvpatel29/backup_ros/humble-ros2/install/rosidl_typesupport_introspection_c:/Users/dhruvpatel29/backup_ros/humble-ros2/install/rosidl_typesupport_fastrtps_c:/Users/dhruvpatel29/backup_ros/humble-ros2/install/rosidl_typesupport_fastrtps_cpp:/Users/dhruvpatel29/backup_ros/humble-ros2/install/rosidl_generator_cpp:/Users/dhruvpatel29/backup_ros/humble-ros2/install/rosidl_runtime_cpp:/Users/dhruvpatel29/backup_ros/humble-ros2/install/rcl_yaml_param_parser:/Users/dhruvpatel29/backup_ros/humble-ros2/install/rmw:/Users/dhruvpatel29/backup_ros/humble-ros2/install/rosidl_runtime_c:/Users/dhruvpatel29/backup_ros/humble-ros2/install/rosidl_generator_c:/Users/dhruvpatel29/backup_ros/humble-ros2/install/rosidl_typesupport_interface:/Users/dhruvpatel29/backup_ros/humble-ros2/install/rosidl_generator_dds_idl:/Users/dhruvpatel29/backup_ros/humble-ros2/install/rosidl_cmake:/Users/dhruvpatel29/backup_ros/humble-ros2/install/rosidl_parser:/Users/dhruvpatel29/backup_ros/humble-ros2/install/rosidl_adapter:/Users/dhruvpatel29/backup_ros/humble-ros2/install/ros_environment:/Users/dhruvpatel29/backup_ros/humble-ros2/install/ros2_control_test_assets:/Users/dhruvpatel29/backup_ros/humble-ros2/install/ros2_control_cmake:/Users/dhruvpatel29/backup_ros/humble-ros2/install/rmw_implementation_cmake:/Users/dhruvpatel29/backup_ros/humble-ros2/install/resource_retriever:/Users/dhruvpatel29/backup_ros/humble-ros2/install/class_loader:/Users/dhruvpatel29/backup_ros/humble-ros2/install/rcpputils:/Users/dhruvpatel29/backup_ros/humble-ros2/install/rcl_logging_noop:/Users/dhruvpatel29/backup_ros/humble-ros2/install/rcl_logging_interface:/Users/dhruvpatel29/backup_ros/humble-ros2/install/rcutils:/Users/dhruvpatel29/backup_ros/humble-ros2/install/random_numbers:/Users/dhruvpatel29/backup_ros/humble-ros2/install/qt_gui_py_common:/Users/dhruvpatel29/backup_ros/humble-ros2/install/qt_dotgraph:/Users/dhruvpatel29/backup_ros/humble-ros2/install/python_qt_binding:/Users/dhruvpatel29/backup_ros/humble-ros2/install/python_orocos_kdl_vendor:/Users/dhruvpatel29/backup_ros/humble-ros2/install/launch_testing_ament_cmake:/Users/dhruvpatel29/backup_ros/humble-ros2/install/python_cmake_module:/Users/dhruvpatel29/backup_ros/humble-ros2/install/pybind11_vendor:/Users/dhruvpatel29/backup_ros/humble-ros2/install/performance_test_fixture:/Users/dhruvpatel29/backup_ros/humble-ros2/install/osrf_testing_tools_cpp:/Users/dhruvpatel29/backup_ros/humble-ros2/install/orocos_kdl_vendor:/Users/dhruvpatel29/backup_ros/humble-ros2/install/dynamic_edt_3d:/Users/dhruvpatel29/backup_ros/humble-ros2/install/octomap:/Users/dhruvpatel29/backup_ros/humble-ros2/install/nav2_costmap_filters_demo:/Users/dhruvpatel29/backup_ros/humble-ros2/install/moveit_resources_pr2_description:/Users/dhruvpatel29/backup_ros/humble-ros2/install/moveit_resources_panda_description:/Users/dhruvpatel29/backup_ros/humble-ros2/install/moveit_resources_fanuc_description:/Users/dhruvpatel29/backup_ros/humble-ros2/install/moveit_common:/Users/dhruvpatel29/backup_ros/humble-ros2/install/mimick_vendor:/Users/dhruvpatel29/backup_ros/humble-ros2/install/libyaml_vendor:/Users/dhruvpatel29/backup_ros/humble-ros2/install/libcurl_vendor:/Users/dhruvpatel29/backup_ros/humble-ros2/install/keyboard_handler:/Users/dhruvpatel29/backup_ros/humble-ros2/install/ignition-transport11:/Users/dhruvpatel29/backup_ros/humble-ros2/install/iceoryx_introspection:/Users/dhruvpatel29/backup_ros/humble-ros2/install/cyclonedds:/Users/dhruvpatel29/backup_ros/humble-ros2/install/iceoryx_posh:/Users/dhruvpatel29/backup_ros/humble-ros2/install/iceoryx_hoofs:/Users/dhruvpatel29/backup_ros/humble-ros2/install/iceoryx_binding_c:/Users/dhruvpatel29/backup_ros/humble-ros2/install/ament_cmake_ros:/Users/dhruvpatel29/backup_ros/humble-ros2/install/ament_cmake_auto:/Users/dhruvpatel29/backup_ros/humble-ros2/install/ament_cmake_gmock:/Users/dhruvpatel29/backup_ros/humble-ros2/install/gmock_vendor:/Users/dhruvpatel29/backup_ros/humble-ros2/install/ament_cmake_gtest:/Users/dhruvpatel29/backup_ros/humble-ros2/install/gtest_vendor:/Users/dhruvpatel29/backup_ros/humble-ros2/install/ament_cmake_google_benchmark:/Users/dhruvpatel29/backup_ros/humble-ros2/install/fastrtps:/Users/dhruvpatel29/backup_ros/humble-ros2/install/foonathan_memory_vendor:/Users/dhruvpatel29/backup_ros/humble-ros2/install/fastrtps_cmake_module:/Users/dhruvpatel29/backup_ros/humble-ros2/install/fastcdr:/Users/dhruvpatel29/backup_ros/humble-ros2/install/eigen_stl_containers:/Users/dhruvpatel29/backup_ros/humble-ros2/install/eigen3_cmake_module:/Users/dhruvpatel29/backup_ros/humble-ros2/install/dynamixel_sdk:/Users/dhruvpatel29/backup_ros/humble-ros2/install/console_bridge_vendor:/Users/dhruvpatel29/backup_ros/humble-ros2/install/ceres-solver-vendor:/Users/dhruvpatel29/backup_ros/humble-ros2/install/backward_ros:/Users/dhruvpatel29/backup_ros/humble-ros2/install/angles:/Users/dhruvpatel29/backup_ros/humble-ros2/install/ament_cmake_xmllint:/Users/dhruvpatel29/backup_ros/humble-ros2/install/ament_cmake_pyflakes:/Users/dhruvpatel29/backup_ros/humble-ros2/install/ament_cmake_pycodestyle:/Users/dhruvpatel29/backup_ros/humble-ros2/install/ament_cmake_pep257:/Users/dhruvpatel29/backup_ros/humble-ros2/install/ament_cmake_pclint:/Users/dhruvpatel29/backup_ros/humble-ros2/install/ament_lint_auto:/Users/dhruvpatel29/backup_ros/humble-ros2/install/ament_cmake:/Users/dhruvpatel29/backup_ros/humble-ros2/install/ament_cmake_version:/Users/dhruvpatel29/backup_ros/humble-ros2/install/ament_cmake_vendor_package:/Users/dhruvpatel29/backup_ros/humble-ros2/install/ament_cmake_pytest:/Users/dhruvpatel29/backup_ros/humble-ros2/install/ament_cmake_nose:/Users/dhruvpatel29/backup_ros/humble-ros2/install/ament_cmake_mypy:/Users/dhruvpatel29/backup_ros/humble-ros2/install/ament_cmake_lint_cmake:/Users/dhruvpatel29/backup_ros/humble-ros2/install/ament_cmake_flake8:/Users/dhruvpatel29/backup_ros/humble-ros2/install/ament_cmake_cpplint:/Users/dhruvpatel29/backup_ros/humble-ros2/install/ament_cmake_cppcheck:/Users/dhruvpatel29/backup_ros/humble-ros2/install/ament_cmake_copyright:/Users/dhruvpatel29/backup_ros/humble-ros2/install/ament_cmake_clang_tidy:/Users/dhruvpatel29/backup_ros/humble-ros2/install/ament_cmake_clang_format:/Users/dhruvpatel29/backup_ros/humble-ros2/install/ament_cmake_test:/Users/dhruvpatel29/backup_ros/humble-ros2/install/ament_cmake_target_dependencies:/Users/dhruvpatel29/backup_ros/humble-ros2/install/ament_cmake_python:/Users/dhruvpatel29/backup_ros/humble-ros2/install/ament_cmake_export_dependencies:/Users/dhruvpatel29/backup_ros/humble-ros2/install/ament_cmake_libraries:/Users/dhruvpatel29/backup_ros/humble-ros2/install/ament_cmake_include_directories:/Users/dhruvpatel29/backup_ros/humble-ros2/install/ament_cmake_gen_version_h:/Users/dhruvpatel29/backup_ros/humble-ros2/install/ament_cmake_export_targets:/Users/dhruvpatel29/backup_ros/humble-ros2/install/ament_cmake_export_link_flags:/Users/dhruvpatel29/backup_ros/humble-ros2/install/ament_cmake_export_interfaces:/Users/dhruvpatel29/backup_ros/humble-ros2/install/ament_cmake_export_libraries:/Users/dhruvpatel29/backup_ros/humble-ros2/install/ament_cmake_export_include_directories:/Users/dhruvpatel29/backup_ros/humble-ros2/install/ament_cmake_export_definitions:/Users/dhruvpatel29/backup_ros/humble-ros2/install/ament_cmake_core:/Users/dhruvpatel29/backup_ros/humble-ros2/install/ament_index_cpp:/Users/dhruvpatel29/backup_ros/humble-ros2/install/GeographicLib:/opt/homebrew/Cellar/google-benchmark/1.9.4:/Users/dhruvpatel29/humble-ros2/src/ros-commondep/boost-1.74.0/:/opt/homebrew/opt/qt@5:/opt/homebrew/opt/qt@5 DYLD_LIBRARY_PATH=/Users/dhruvpatel29/humble-ros2/src/ros2_control/install/filters/lib:${DYLD_LIBRARY_PATH} SHLVL=2 _=/usr/bin/env /opt/homebrew/bin/cmake --install /Users/dhruvpatel29/humble-ros2/src/ros2_control/build/control_toolbox
[203.211s] Level 1:colcon.colcon_core.environment:create_environment_scripts_only(control_toolbox)
[203.212s] Level 1:colcon.colcon_core.environment:checking '/Users/dhruvpatel29/humble-ros2/src/ros2_control/install/control_toolbox' for CMake module files
[203.212s] DEBUG:colcon.colcon_core.event_handler.log_command:Invoked command in '/Users/dhruvpatel29/humble-ros2/src/ros2_control/build/control_toolbox' returned '0': AMENT_PREFIX_PATH=/Users/dhruvpatel29/humble-ros2/src/ros2_control/install/filters:${AMENT_PREFIX_PATH} CMAKE_PREFIX_PATH=/Users/dhruvpatel29/humble-ros2/src/ros2_control/install/filters:/opt/homebrew/Cellar/google-benchmark/1.9.4:/Users/dhruvpatel29/humble-ros2/src/ros-commondep/boost:/Users/dhruvpatel29/humble-ros2/install/rosbag2_storage_mcap:/Users/dhruvpatel29/humble-ros2/install/rosbag2:/Users/dhruvpatel29/humble-ros2/install/rosbag2_compression_zstd:/Users/dhruvpatel29/humble-ros2/install/mcap_vendor:/Users/dhruvpatel29/humble-ros2/install/zstd_vendor:/Users/dhruvpatel29/humble-ros2/install/vision_msgs_rviz_plugins:/Users/dhruvpatel29/humble-ros2/install/test_ros_gz_bridge:/Users/dhruvpatel29/humble-ros2/install/sam_bot_description:/Users/dhruvpatel29/humble-ros2/install/rviz_visual_testing_framework:/Users/dhruvpatel29/humble-ros2/install/ros_ign:/Users/dhruvpatel29/humble-ros2/install/ros_ign_gazebo_demos:/Users/dhruvpatel29/humble-ros2/install/ros_gz:/Users/dhruvpatel29/humble-ros2/install/ros_gz_sim_demos:/Users/dhruvpatel29/humble-ros2/install/rviz2:/Users/dhruvpatel29/humble-ros2/install/nav2_rviz_plugins:/Users/dhruvpatel29/humble-ros2/install/rviz_default_plugins:/Users/dhruvpatel29/humble-ros2/install/rviz_common:/Users/dhruvpatel29/humble-ros2/install/rosbag2_py:/Users/dhruvpatel29/humble-ros2/install/rosbag2_transport:/Users/dhruvpatel29/humble-ros2/install/rosbag2_storage_default_plugins:/Users/dhruvpatel29/humble-ros2/install/rosbag2_performance_benchmarking:/Users/dhruvpatel29/humble-ros2/install/rosbag2_compression:/Users/dhruvpatel29/humble-ros2/install/rosbag2_cpp:/Users/dhruvpatel29/humble-ros2/install/rosbag2_storage:/Users/dhruvpatel29/humble-ros2/install/ros_ign_image:/Users/dhruvpatel29/humble-ros2/install/ros_ign_bridge:/Users/dhruvpatel29/humble-ros2/install/ros_gz_image:/Users/dhruvpatel29/humble-ros2/install/ros_gz_bridge:/Users/dhruvpatel29/humble-ros2/install/robot_localization:/Users/dhruvpatel29/humble-ros2/install/nav2_map_server:/Users/dhruvpatel29/humble-ros2/install/image_common:/Users/dhruvpatel29/humble-ros2/install/camera_info_manager:/Users/dhruvpatel29/humble-ros2/install/camera_calibration_parsers:/Users/dhruvpatel29/humble-ros2/install/yaml_cpp_vendor:/Users/dhruvpatel29/humble-ros2/install/moveit_resources_prbt_support:/Users/dhruvpatel29/humble-ros2/install/moveit_resources:/Users/dhruvpatel29/humble-ros2/install/moveit_resources_panda_moveit_config:/Users/dhruvpatel29/humble-ros2/install/moveit_resources_fanuc_moveit_config:/Users/dhruvpatel29/humble-ros2/install/xacro:/Users/dhruvpatel29/humble-ros2/install/warehouse_ros:/Users/dhruvpatel29/humble-ros2/install/moveit_task_constructor_msgs:/Users/dhruvpatel29/humble-ros2/install/interactive_markers:/Users/dhruvpatel29/humble-ros2/install/geometric_shapes:/Users/dhruvpatel29/humble-ros2/install/common_interfaces:/Users/dhruvpatel29/humble-ros2/install/visualization_msgs:/Users/dhruvpatel29/humble-ros2/install/vision_msgs:/Users/dhruvpatel29/humble-ros2/install/srdfdom:/Users/dhruvpatel29/humble-ros2/install/dummy_robot_bringup:/Users/dhruvpatel29/humble-ros2/install/robot_state_publisher:/Users/dhruvpatel29/humble-ros2/install/kinematics_interface_kdl:/Users/dhruvpatel29/humble-ros2/install/kdl_parser:/Users/dhruvpatel29/humble-ros2/install/joint_limits:/Users/dhruvpatel29/humble-ros2/install/urdf:/Users/dhruvpatel29/humble-ros2/install/urdfdom:/Users/dhruvpatel29/humble-ros2/install/urdf_parser_plugin:/Users/dhruvpatel29/humble-ros2/install/urdfdom_headers:/Users/dhruvpatel29/humble-ros2/install/turtlesim:/Users/dhruvpatel29/humble-ros2/install/transmission_interface:/Users/dhruvpatel29/humble-ros2/install/geometry2:/Users/dhruvpatel29/humble-ros2/install/tf2_sensor_msgs:/Users/dhruvpatel29/humble-ros2/install/test_tf2:/Users/dhruvpatel29/humble-ros2/install/tf2_kdl:/Users/dhruvpatel29/humble-ros2/install/nav_2d_utils:/Users/dhruvpatel29/humble-ros2/install/nav2_velocity_smoother:/Users/dhruvpatel29/humble-ros2/install/nav2_lifecycle_manager:/Users/dhruvpatel29/humble-ros2/install/nav2_amcl:/Users/dhruvpatel29/humble-ros2/install/nav2_util:/Users/dhruvpatel29/humble-ros2/install/tf2_geometry_msgs:/Users/dhruvpatel29/humble-ros2/install/tf2_eigen:/Users/dhruvpatel29/humble-ros2/install/tf2_bullet:/Users/dhruvpatel29/humble-ros2/install/tf2_ros:/Users/dhruvpatel29/humble-ros2/install/tf2_py:/Users/dhruvpatel29/humble-ros2/install/tf2_msgs:/Users/dhruvpatel29/humble-ros2/install/test_msgs:/Users/dhruvpatel29/humble-ros2/install/sros2_cmake:/Users/dhruvpatel29/humble-ros2/install/ros2cli_common_extensions:/Users/dhruvpatel29/humble-ros2/install/diagnostics:/Users/dhruvpatel29/humble-ros2/install/self_test:/Users/dhruvpatel29/humble-ros2/install/rqt_py_common:/Users/dhruvpatel29/humble-ros2/install/rosbag2_storage_mcap_testdata:/Users/dhruvpatel29/humble-ros2/install/ros_testing:/Users/dhruvpatel29/humble-ros2/install/ros2cli_test_interfaces:/Users/dhruvpatel29/humble-ros2/install/realtime_tools:/Users/dhruvpatel29/humble-ros2/install/quality_of_service_demo_cpp:/Users/dhruvpatel29/humble-ros2/install/nav2_common:/Users/dhruvpatel29/humble-ros2/install/image_transport:/Users/dhruvpatel29/humble-ros2/install/message_filters:/Users/dhruvpatel29/humble-ros2/install/demo_nodes_cpp:/Users/dhruvpatel29/humble-ros2/install/composition:/Users/dhruvpatel29/humble-ros2/install/laser_geometry:/Users/dhruvpatel29/humble-ros2/install/gps_tools:/Users/dhruvpatel29/humble-ros2/install/dynamixel_sdk_examples:/Users/dhruvpatel29/humble-ros2/install/diagnostic_common_diagnostics:/Users/dhruvpatel29/humble-ros2/install/diagnostic_updater:/Users/dhruvpatel29/humble-ros2/install/diagnostic_aggregator:/Users/dhruvpatel29/humble-ros2/install/rclpy:/Users/dhruvpatel29/humble-ros2/install/examples_rclcpp_minimal_action_server:/Users/dhruvpatel29/humble-ros2/install/examples_rclcpp_minimal_action_client:/Users/dhruvpatel29/humble-ros2/install/btcpp_ros2_samples:/Users/dhruvpatel29/humble-ros2/install/behaviortree_ros2:/Users/dhruvpatel29/humble-ros2/install/action_tutorials_cpp:/Users/dhruvpatel29/humble-ros2/install/rclcpp_action:/Users/dhruvpatel29/humble-ros2/install/rcl_action:/Users/dhruvpatel29/humble-ros2/install/moveit_msgs:/Users/dhruvpatel29/humble-ros2/install/object_recognition_msgs:/Users/dhruvpatel29/humble-ros2/install/nav2_msgs:/Users/dhruvpatel29/humble-ros2/install/nav2_dynamic_msgs:/Users/dhruvpatel29/humble-ros2/install/hardware_interface_testing:/Users/dhruvpatel29/humble-ros2/install/controller_interface:/Users/dhruvpatel29/humble-ros2/install/hardware_interface:/Users/dhruvpatel29/humble-ros2/install/geographic_info:/Users/dhruvpatel29/humble-ros2/install/geodesy:/Users/dhruvpatel29/humble-ros2/install/geographic_msgs:/Users/dhruvpatel29/humble-ros2/install/examples_rclcpp_wait_set:/Users/dhruvpatel29/humble-ros2/install/examples_rclcpp_minimal_service:/Users/dhruvpatel29/humble-ros2/install/examples_rclcpp_minimal_client:/Users/dhruvpatel29/humble-ros2/install/examples_rclcpp_async_client:/Users/dhruvpatel29/humble-ros2/install/example_interfaces:/Users/dhruvpatel29/humble-ros2/install/control_msgs:/Users/dhruvpatel29/humble-ros2/install/btcpp_ros2_interfaces:/Users/dhruvpatel29/humble-ros2/install/action_tutorials_interfaces:/Users/dhruvpatel29/humble-ros2/install/action_msgs:/Users/dhruvpatel29/humble-ros2/install/unique_identifier_msgs:/Users/dhruvpatel29/humble-ros2/install/ament_lint_common:/Users/dhruvpatel29/humble-ros2/install/ament_cmake_uncrustify:/Users/dhruvpatel29/humble-ros2/install/uncrustify_vendor:/Users/dhruvpatel29/humble-ros2/install/trajectory_msgs:/Users/dhruvpatel29/humble-ros2/install/topic_statistics_demo:/Users/dhruvpatel29/humble-ros2/install/test_tracetools:/Users/dhruvpatel29/humble-ros2/install/rosbag2_test_common:/Users/dhruvpatel29/humble-ros2/install/ros_ign_gazebo:/Users/dhruvpatel29/humble-ros2/install/ros_gz_sim:/Users/dhruvpatel29/humble-ros2/install/ros2lifecycle_test_fixtures:/Users/dhruvpatel29/humble-ros2/install/lifecycle:/Users/dhruvpatel29/humble-ros2/install/kinematics_interface:/Users/dhruvpatel29/humble-ros2/install/bond_core:/Users/dhruvpatel29/humble-ros2/install/bondcpp:/Users/dhruvpatel29/humble-ros2/install/rclcpp_lifecycle:/Users/dhruvpatel29/humble-ros2/install/logging_demo:/Users/dhruvpatel29/humble-ros2/install/image_tools:/Users/dhruvpatel29/humble-ros2/install/examples_rclcpp_minimal_subscriber:/Users/dhruvpatel29/humble-ros2/install/examples_rclcpp_minimal_composition:/Users/dhruvpatel29/humble-ros2/install/demo_nodes_cpp_native:/Users/dhruvpatel29/humble-ros2/install/rclcpp_components:/Users/dhruvpatel29/humble-ros2/install/nav2_voxel_grid:/Users/dhruvpatel29/humble-ros2/install/intra_process_demo:/Users/dhruvpatel29/humble-ros2/install/examples_rclcpp_multithreaded_executor:/Users/dhruvpatel29/humble-ros2/install/examples_rclcpp_minimal_timer:/Users/dhruvpatel29/humble-ros2/install/examples_rclcpp_minimal_publisher:/Users/dhruvpatel29/humble-ros2/install/examples_rclcpp_cbg_executor:/Users/dhruvpatel29/humble-ros2/install/dummy_sensors:/Users/dhruvpatel29/humble-ros2/install/dummy_map_server:/Users/dhruvpatel29/humble-ros2/install/behaviortree_cpp:/Users/dhruvpatel29/humble-ros2/install/rclcpp:/Users/dhruvpatel29/humble-ros2/install/rcl_lifecycle:/Users/dhruvpatel29/humble-ros2/install/libstatistics_collector:/Users/dhruvpatel29/humble-ros2/install/rcl:/Users/dhruvpatel29/humble-ros2/install/rmw_implementation:/Users/dhruvpatel29/humble-ros2/install/rmw_fastrtps_dynamic_cpp:/Users/dhruvpatel29/humble-ros2/install/rmw_fastrtps_cpp:/Users/dhruvpatel29/humble-ros2/install/rmw_fastrtps_shared_cpp:/Users/dhruvpatel29/humble-ros2/install/rmw_cyclonedds_cpp:/Users/dhruvpatel29/humble-ros2/install/tracetools:/Users/dhruvpatel29/humble-ros2/install/tinyxml_vendor:/Users/dhruvpatel29/humble-ros2/install/pluginlib:/Users/dhruvpatel29/humble-ros2/install/tinyxml2_vendor:/Users/dhruvpatel29/humble-ros2/install/tf2_eigen_kdl:/Users/dhruvpatel29/humble-ros2/install/tf2:/Users/dhruvpatel29/humble-ros2/install/test_security:/Users/dhruvpatel29/humble-ros2/install/test_rmw_implementation:/Users/dhruvpatel29/humble-ros2/install/test_rclcpp:/Users/dhruvpatel29/humble-ros2/install/test_quality_of_service:/Users/dhruvpatel29/humble-ros2/install/test_launch_testing:/Users/dhruvpatel29/humble-ros2/install/test_interface_files:/Users/dhruvpatel29/humble-ros2/install/test_communication:/Users/dhruvpatel29/humble-ros2/install/test_cli_remapping:/Users/dhruvpatel29/humble-ros2/install/test_cli:/Users/dhruvpatel29/humble-ros2/install/test_bond:/Users/dhruvpatel29/humble-ros2/install/qt_gui_core:/Users/dhruvpatel29/humble-ros2/install/qt_gui_app:/Users/dhruvpatel29/humble-ros2/install/qt_gui:/Users/dhruvpatel29/humble-ros2/install/tango_icons_vendor:/Users/dhruvpatel29/humble-ros2/install/stereo_msgs:/Users/dhruvpatel29/humble-ros2/install/std_srvs:/Users/dhruvpatel29/humble-ros2/install/shape_msgs:/Users/dhruvpatel29/humble-ros2/install/map_msgs:/Users/dhruvpatel29/humble-ros2/install/sensor_msgs:/Users/dhruvpatel29/humble-ros2/install/ros_ign_interfaces:/Users/dhruvpatel29/humble-ros2/install/ros_gz_interfaces:/Users/dhruvpatel29/humble-ros2/install/octomap_msgs:/Users/dhruvpatel29/humble-ros2/install/dwb_msgs:/Users/dhruvpatel29/humble-ros2/install/nav_msgs:/Users/dhruvpatel29/humble-ros2/install/nav_2d_msgs:/Users/dhruvpatel29/humble-ros2/install/graph_msgs:/Users/dhruvpatel29/humble-ros2/install/gps_msgs:/Users/dhruvpatel29/humble-ros2/install/diagnostic_msgs:/Users/dhruvpatel29/humble-ros2/install/geometry_msgs:/Users/dhruvpatel29/humble-ros2/install/bond:/Users/dhruvpatel29/humble-ros2/install/actuator_msgs:/Users/dhruvpatel29/humble-ros2/install/actionlib_msgs:/Users/dhruvpatel29/humble-ros2/install/ackermann_msgs:/Users/dhruvpatel29/humble-ros2/install/std_msgs:/Users/dhruvpatel29/humble-ros2/install/statistics_msgs:/Users/dhruvpatel29/humble-ros2/install/sqlite3_vendor:/Users/dhruvpatel29/humble-ros2/install/rcl_logging_spdlog:/Users/dhruvpatel29/humble-ros2/install/spdlog_vendor:/Users/dhruvpatel29/humble-ros2/install/smclib:/Users/dhruvpatel29/humble-ros2/install/shared_queues_vendor:/Users/dhruvpatel29/humble-ros2/install/rviz_rendering_tests:/Users/dhruvpatel29/humble-ros2/install/rviz_rendering:/Users/dhruvpatel29/humble-ros2/install/rviz_ogre_vendor:/Users/dhruvpatel29/humble-ros2/install/rviz_assimp_vendor:/Users/dhruvpatel29/humble-ros2/install/ruckig:/Users/dhruvpatel29/humble-ros2/install/rmw_connextddsmicro:/Users/dhruvpatel29/humble-ros2/install/rmw_connextdds:/Users/dhruvpatel29/humble-ros2/install/rmw_connextdds_common:/Users/dhruvpatel29/humble-ros2/install/rti_connext_dds_cmake_module:/Users/dhruvpatel29/humble-ros2/install/rosgraph_msgs:/Users/dhruvpatel29/humble-ros2/install/rosbag2_interfaces:/Users/dhruvpatel29/humble-ros2/install/rmw_dds_common:/Users/dhruvpatel29/humble-ros2/install/composition_interfaces:/Users/dhruvpatel29/humble-ros2/install/rcl_interfaces:/Users/dhruvpatel29/humble-ros2/install/pendulum_msgs:/Users/dhruvpatel29/humble-ros2/install/controller_manager_msgs:/Users/dhruvpatel29/humble-ros2/install/lifecycle_msgs:/Users/dhruvpatel29/humble-ros2/install/dynamixel_sdk_custom_interfaces:/Users/dhruvpatel29/humble-ros2/install/builtin_interfaces:/Users/dhruvpatel29/humble-ros2/install/rosidl_default_runtime:/Users/dhruvpatel29/humble-ros2/install/rosidl_default_generators:/Users/dhruvpatel29/humble-ros2/install/rosidl_generator_py:/Users/dhruvpatel29/humble-ros2/install/rosidl_typesupport_introspection_tests:/Users/dhruvpatel29/humble-ros2/install/rosidl_typesupport_cpp:/Users/dhruvpatel29/humble-ros2/install/rosidl_typesupport_introspection_cpp:/Users/dhruvpatel29/humble-ros2/install/rosidl_typesupport_c:/Users/dhruvpatel29/humble-ros2/install/rosidl_typesupport_introspection_c:/Users/dhruvpatel29/humble-ros2/install/rosidl_typesupport_fastrtps_c:/Users/dhruvpatel29/humble-ros2/install/rosidl_typesupport_fastrtps_cpp:/Users/dhruvpatel29/humble-ros2/install/rosidl_generator_cpp:/Users/dhruvpatel29/humble-ros2/install/rosidl_runtime_cpp:/Users/dhruvpatel29/humble-ros2/install/rcl_yaml_param_parser:/Users/dhruvpatel29/humble-ros2/install/rmw:/Users/dhruvpatel29/humble-ros2/install/rosidl_runtime_c:/Users/dhruvpatel29/humble-ros2/install/rosidl_generator_c:/Users/dhruvpatel29/humble-ros2/install/rosidl_typesupport_interface:/Users/dhruvpatel29/humble-ros2/install/rosidl_generator_dds_idl:/Users/dhruvpatel29/humble-ros2/install/rosidl_cmake:/Users/dhruvpatel29/humble-ros2/install/rosidl_parser:/Users/dhruvpatel29/humble-ros2/install/rosidl_adapter:/Users/dhruvpatel29/humble-ros2/install/rosbag2_tests:/Users/dhruvpatel29/humble-ros2/install/ros_environment:/Users/dhruvpatel29/humble-ros2/install/ros2_control_test_assets:/Users/dhruvpatel29/humble-ros2/install/ros2_control_cmake:/Users/dhruvpatel29/humble-ros2/install/rmw_implementation_cmake:/Users/dhruvpatel29/humble-ros2/install/resource_retriever:/Users/dhruvpatel29/humble-ros2/install/class_loader:/Users/dhruvpatel29/humble-ros2/install/rcpputils:/Users/dhruvpatel29/humble-ros2/install/rcl_logging_noop:/Users/dhruvpatel29/humble-ros2/install/rcl_logging_interface:/Users/dhruvpatel29/humble-ros2/install/rcutils:/Users/dhruvpatel29/humble-ros2/install/random_numbers:/Users/dhruvpatel29/humble-ros2/install/qt_gui_py_common:/Users/dhruvpatel29/humble-ros2/install/qt_dotgraph:/Users/dhruvpatel29/humble-ros2/install/python_qt_binding:/Users/dhruvpatel29/humble-ros2/install/python_orocos_kdl_vendor:/Users/dhruvpatel29/humble-ros2/install/launch_testing_ament_cmake:/Users/dhruvpatel29/humble-ros2/install/python_cmake_module:/Users/dhruvpatel29/humble-ros2/install/pybind11_vendor:/Users/dhruvpatel29/humble-ros2/install/performance_test_fixture:/Users/dhruvpatel29/humble-ros2/install/osrf_testing_tools_cpp:/Users/dhruvpatel29/humble-ros2/install/orocos_kdl_vendor:/Users/dhruvpatel29/humble-ros2/install/octomap-distribution:/Users/dhruvpatel29/humble-ros2/install/nav2_costmap_filters_demo:/Users/dhruvpatel29/humble-ros2/install/moveit_resources_pr2_description:/Users/dhruvpatel29/humble-ros2/install/moveit_resources_panda_description:/Users/dhruvpatel29/humble-ros2/install/moveit_resources_fanuc_description:/Users/dhruvpatel29/humble-ros2/install/moveit_common:/Users/dhruvpatel29/humble-ros2/install/mimick_vendor:/Users/dhruvpatel29/humble-ros2/install/libyaml_vendor:/Users/dhruvpatel29/humble-ros2/install/libcurl_vendor:/Users/dhruvpatel29/humble-ros2/install/keyboard_handler:/Users/dhruvpatel29/humble-ros2/install/iceoryx_introspection:/Users/dhruvpatel29/humble-ros2/install/cyclonedds:/Users/dhruvpatel29/humble-ros2/install/iceoryx_posh:/Users/dhruvpatel29/humble-ros2/install/iceoryx_hoofs:/Users/dhruvpatel29/humble-ros2/install/iceoryx_binding_c:/Users/dhruvpatel29/humble-ros2/install/gz-transport14:/Users/dhruvpatel29/humble-ros2/install/ament_cmake_ros:/Users/dhruvpatel29/humble-ros2/install/ament_cmake_auto:/Users/dhruvpatel29/humble-ros2/install/ament_cmake_gmock:/Users/dhruvpatel29/humble-ros2/install/gmock_vendor:/Users/dhruvpatel29/humble-ros2/install/ament_cmake_gtest:/Users/dhruvpatel29/humble-ros2/install/gtest_vendor:/Users/dhruvpatel29/humble-ros2/install/ament_cmake_google_benchmark:/Users/dhruvpatel29/humble-ros2/install/fastrtps:/Users/dhruvpatel29/humble-ros2/install/foonathan_memory_vendor:/Users/dhruvpatel29/humble-ros2/install/fastrtps_cmake_module:/Users/dhruvpatel29/humble-ros2/install/fastcdr:/Users/dhruvpatel29/humble-ros2/install/eigen_stl_containers:/Users/dhruvpatel29/humble-ros2/install/eigen3_cmake_module:/Users/dhruvpatel29/humble-ros2/install/dynamixel_sdk:/Users/dhruvpatel29/humble-ros2/install/diagnostic_remote_logging:/Users/dhruvpatel29/humble-ros2/install/console_bridge_vendor:/Users/dhruvpatel29/humble-ros2/install/ceres-solver:/Users/dhruvpatel29/humble-ros2/install/backward_ros:/Users/dhruvpatel29/humble-ros2/install/ament_cmake_xmllint:/Users/dhruvpatel29/humble-ros2/install/ament_cmake_pyflakes:/Users/dhruvpatel29/humble-ros2/install/ament_cmake_pycodestyle:/Users/dhruvpatel29/humble-ros2/install/ament_cmake_pep257:/Users/dhruvpatel29/humble-ros2/install/ament_cmake_pclint:/Users/dhruvpatel29/humble-ros2/install/ament_lint_auto:/Users/dhruvpatel29/humble-ros2/install/ament_cmake:/Users/dhruvpatel29/humble-ros2/install/ament_cmake_version:/Users/dhruvpatel29/humble-ros2/install/ament_cmake_vendor_package:/Users/dhruvpatel29/humble-ros2/install/ament_cmake_pytest:/Users/dhruvpatel29/humble-ros2/install/ament_cmake_nose:/Users/dhruvpatel29/humble-ros2/install/ament_cmake_mypy:/Users/dhruvpatel29/humble-ros2/install/ament_cmake_lint_cmake:/Users/dhruvpatel29/humble-ros2/install/ament_cmake_flake8:/Users/dhruvpatel29/humble-ros2/install/ament_cmake_cpplint:/Users/dhruvpatel29/humble-ros2/install/ament_cmake_cppcheck:/Users/dhruvpatel29/humble-ros2/install/ament_cmake_copyright:/Users/dhruvpatel29/humble-ros2/install/ament_cmake_clang_tidy:/Users/dhruvpatel29/humble-ros2/install/ament_cmake_clang_format:/Users/dhruvpatel29/humble-ros2/install/ament_cmake_test:/Users/dhruvpatel29/humble-ros2/install/ament_cmake_target_dependencies:/Users/dhruvpatel29/humble-ros2/install/ament_cmake_python:/Users/dhruvpatel29/humble-ros2/install/ament_cmake_export_dependencies:/Users/dhruvpatel29/humble-ros2/install/ament_cmake_libraries:/Users/dhruvpatel29/humble-ros2/install/ament_cmake_include_directories:/Users/dhruvpatel29/humble-ros2/install/ament_cmake_gen_version_h:/Users/dhruvpatel29/humble-ros2/install/ament_cmake_export_targets:/Users/dhruvpatel29/humble-ros2/install/ament_cmake_export_link_flags:/Users/dhruvpatel29/humble-ros2/install/ament_cmake_export_interfaces:/Users/dhruvpatel29/humble-ros2/install/ament_cmake_export_libraries:/Users/dhruvpatel29/humble-ros2/install/ament_cmake_export_include_directories:/Users/dhruvpatel29/humble-ros2/install/ament_cmake_export_definitions:/Users/dhruvpatel29/humble-ros2/install/ament_cmake_core:/Users/dhruvpatel29/humble-ros2/install/ament_index_cpp:/Users/dhruvpatel29/humble-ros2/install/GeographicLib:/Users/dhruvpatel29/ros2_ws/install/turtlesim_final:/Users/dhruvpatel29/ros2_ws/install/turtlecatch_bringup:/Users/dhruvpatel29/ros2_ws/install/turtlebot4_simulator:/Users/dhruvpatel29/ros2_ws/install/turtlebot4_ignition_bringup:/Users/dhruvpatel29/ros2_ws/install/turtlebot4_desktop:/Users/dhruvpatel29/ros2_ws/install/turtlebot4_viz:/Users/dhruvpatel29/ros2_ws/install/turtlebot4_node:/Users/dhruvpatel29/ros2_ws/install/turtlebot4_navigation:/Users/dhruvpatel29/ros2_ws/install/turtlebot4_ignition_toolbox:/Users/dhruvpatel29/ros2_ws/install/turtlebot4_msgs:/Users/dhruvpatel29/ros2_ws/install/turtlebot4_ignition_gui_plugins:/Users/dhruvpatel29/ros2_ws/install/turtlebot4_description:/Users/dhruvpatel29/ros2_ws/install/turtlebot3:/Users/dhruvpatel29/ros2_ws/install/turtlebot3_bringup:/Users/dhruvpatel29/ros2_ws/install/turtlebot3_node:/Users/dhruvpatel29/ros2_ws/install/turtlebot3_navigation2:/Users/dhruvpatel29/ros2_ws/install/turtlebot3_msgs:/Users/dhruvpatel29/ros2_ws/install/turtlebot3_description:/Users/dhruvpatel29/ros2_ws/install/turtlebot3_cartographer:/Users/dhruvpatel29/ros2_ws/install/robot_arm_controller:/Users/dhruvpatel29/ros2_ws/install/polygon_plugins:/Users/dhruvpatel29/ros2_ws/install/polygon_base:/Users/dhruvpatel29/ros2_ws/install/my_robot_station_bringup:/Users/dhruvpatel29/ros2_ws/install/my_robot_lifecycle_bringup:/Users/dhruvpatel29/ros2_ws/install/my_robot_bringup:/Users/dhruvpatel29/ros2_ws/install/my_cpp_pkg:/Users/dhruvpatel29/ros2_ws/install/actions_cpp:/Users/dhruvpatel29/ros2_ws/install/my_robot_interfaces:/Users/dhruvpatel29/ros2_ws/install/my_robot_bringup_gazebo:/Users/dhruvpatel29/ros2_ws/install/my_robot_description:/Users/dhruvpatel29/ros2_ws/install/moveit2_tutorials:/Users/dhruvpatel29/ros2_ws/install/lifecycle_cpp:/Users/dhruvpatel29/ros2_ws/install/irobot_create_ignition_sim:/Users/dhruvpatel29/ros2_ws/install/irobot_create_ignition_bringup:/Users/dhruvpatel29/ros2_ws/install/irobot_create_gazebo_sim:/Users/dhruvpatel29/ros2_ws/install/irobot_create_gazebo_bringup:/Users/dhruvpatel29/ros2_ws/install/irobot_create_common_bringup:/Users/dhruvpatel29/ros2_ws/install/irobot_create_nodes:/Users/dhruvpatel29/ros2_ws/install/irobot_create_ignition_toolbox:/Users/dhruvpatel29/ros2_ws/install/irobot_create_gazebo_plugins:/Users/dhruvpatel29/ros2_ws/install/irobot_create_toolbox:/Users/dhruvpatel29/ros2_ws/install/irobot_create_msgs:/Users/dhruvpatel29/ros2_ws/install/irobot_create_ignition_plugins:/Users/dhruvpatel29/ros2_ws/install/irobot_create_description:/Users/dhruvpatel29/ros2_ws/install/irobot_create_control:/Users/dhruvpatel29/ros2_ws/install/executors_cpp:/Users/dhruvpatel29/ros2_ws/install/components_cpp:/Users/dhruvpatel29/ros2_ws/install/add_two_ints_cpp:/Users/dhruvpatel29/backup_ros/humble-ros2/install/mcap_vendor:/Users/dhruvpatel29/backup_ros/humble-ros2/install/zstd_vendor:/Users/dhruvpatel29/backup_ros/humble-ros2/install/rviz_visual_testing_framework:/Users/dhruvpatel29/backup_ros/humble-ros2/install/rviz_common:/Users/dhruvpatel29/backup_ros/humble-ros2/install/rosbag2_storage:/Users/dhruvpatel29/backup_ros/humble-ros2/install/nav2_map_server:/Users/dhruvpatel29/backup_ros/humble-ros2/install/yaml_cpp_vendor:/Users/dhruvpatel29/backup_ros/humble-ros2/install/xtensor:/Users/dhruvpatel29/backup_ros/humble-ros2/install/xsimd:/Users/dhruvpatel29/backup_ros/humble-ros2/install/xtl:/Users/dhruvpatel29/backup_ros/humble-ros2/install/moveit_resources_prbt_support:/Users/dhruvpatel29/backup_ros/humble-ros2/install/moveit_resources_panda_moveit_config:/Users/dhruvpatel29/backup_ros/humble-ros2/install/moveit_resources_fanuc_moveit_config:/Users/dhruvpatel29/backup_ros/humble-ros2/install/xacro:/Users/dhruvpatel29/backup_ros/humble-ros2/install/warehouse_ros:/Users/dhruvpatel29/backup_ros/humble-ros2/install/interactive_markers:/Users/dhruvpatel29/backup_ros/humble-ros2/install/geometric_shapes:/Users/dhruvpatel29/backup_ros/humble-ros2/install/common_interfaces:/Users/dhruvpatel29/backup_ros/humble-ros2/install/visualization_msgs:/Users/dhruvpatel29/backup_ros/humble-ros2/install/vision_msgs:/Users/dhruvpatel29/backup_ros/humble-ros2/install/srdfdom:/Users/dhruvpatel29/backup_ros/humble-ros2/install/robot_state_publisher:/Users/dhruvpatel29/backup_ros/humble-ros2/install/kdl_parser:/Users/dhruvpatel29/backup_ros/humble-ros2/install/urdf:/Users/dhruvpatel29/backup_ros/humble-ros2/install/urdfdom:/Users/dhruvpatel29/backup_ros/humble-ros2/install/urdf_parser_plugin:/Users/dhruvpatel29/backup_ros/humble-ros2/install/urdfdom_headers:/Users/dhruvpatel29/backup_ros/humble-ros2/install/tf2_sensor_msgs:/Users/dhruvpatel29/backup_ros/humble-ros2/install/tf2_kdl:/Users/dhruvpatel29/backup_ros/humble-ros2/install/nav2_lifecycle_manager:/Users/dhruvpatel29/backup_ros/humble-ros2/install/nav2_util:/Users/dhruvpatel29/backup_ros/humble-ros2/install/tf2_geometry_msgs:/Users/dhruvpatel29/backup_ros/humble-ros2/install/tf2_eigen:/Users/dhruvpatel29/backup_ros/humble-ros2/install/tf2_ros:/Users/dhruvpatel29/backup_ros/humble-ros2/install/tf2_py:/Users/dhruvpatel29/backup_ros/humble-ros2/install/tf2_msgs:/Users/dhruvpatel29/backup_ros/humble-ros2/install/test_msgs:/Users/dhruvpatel29/backup_ros/humble-ros2/install/rqt_py_common:/Users/dhruvpatel29/backup_ros/humble-ros2/install/rosbag2_storage_mcap_testdata:/Users/dhruvpatel29/backup_ros/humble-ros2/install/ros_testing:/Users/dhruvpatel29/backup_ros/humble-ros2/install/controller_manager:/Users/dhruvpatel29/backup_ros/humble-ros2/install/ros2cli_test_interfaces:/Users/dhruvpatel29/backup_ros/humble-ros2/install/realtime_tools:/Users/dhruvpatel29/backup_ros/humble-ros2/install/nav2_common:/Users/dhruvpatel29/backup_ros/humble-ros2/install/image_transport:/Users/dhruvpatel29/backup_ros/humble-ros2/install/message_filters:/Users/dhruvpatel29/backup_ros/humble-ros2/install/laser_geometry:/Users/dhruvpatel29/backup_ros/humble-ros2/install/generate_parameter_library:/Users/dhruvpatel29/backup_ros/humble-ros2/install/diagnostic_updater:/Users/dhruvpatel29/backup_ros/humble-ros2/install/rclpy:/Users/dhruvpatel29/backup_ros/humble-ros2/install/rclcpp_action:/Users/dhruvpatel29/backup_ros/humble-ros2/install/rcl_action:/Users/dhruvpatel29/backup_ros/humble-ros2/install/moveit_msgs:/Users/dhruvpatel29/backup_ros/humble-ros2/install/object_recognition_msgs:/Users/dhruvpatel29/backup_ros/humble-ros2/install/nav2_msgs:/Users/dhruvpatel29/backup_ros/humble-ros2/install/hardware_interface_testing:/Users/dhruvpatel29/backup_ros/humble-ros2/install/controller_interface:/Users/dhruvpatel29/backup_ros/humble-ros2/install/hardware_interface:/Users/dhruvpatel29/backup_ros/humble-ros2/install/geographic_msgs:/Users/dhruvpatel29/backup_ros/humble-ros2/install/example_interfaces:/Users/dhruvpatel29/backup_ros/humble-ros2/install/control_msgs:/Users/dhruvpatel29/backup_ros/humble-ros2/install/btcpp_ros2_interfaces:/Users/dhruvpatel29/backup_ros/humble-ros2/install/action_tutorials_interfaces:/Users/dhruvpatel29/backup_ros/humble-ros2/install/action_msgs:/Users/dhruvpatel29/backup_ros/humble-ros2/install/unique_identifier_msgs:/Users/dhruvpatel29/backup_ros/humble-ros2/install/ament_lint_common:/Users/dhruvpatel29/backup_ros/humble-ros2/install/ament_cmake_uncrustify:/Users/dhruvpatel29/backup_ros/humble-ros2/install/uncrustify_vendor:/Users/dhruvpatel29/backup_ros/humble-ros2/install/trajectory_msgs:/Users/dhruvpatel29/backup_ros/humble-ros2/install/parameter_traits:/Users/dhruvpatel29/humble-ros2/install/rqt_bag_plugins:/Users/dhruvpatel29/humble-ros2/install/rqt_bag:/Users/dhruvpatel29/humble-ros2/install/launch_testing_examples:/Users/dhruvpatel29/humble-ros2/install/ros2bag:/Users/dhruvpatel29/humble-ros2/install/moveit_configs_utils:/Users/dhruvpatel29/humble-ros2/install/launch_param_builder:/Users/dhruvpatel29/humble-ros2/install/kf_hungarian_tracker:/Users/dhruvpatel29/humble-ros2/install/tracetools_test:/Users/dhruvpatel29/humble-ros2/install/tracetools_launch:/Users/dhruvpatel29/humble-ros2/install/topic_monitor:/Users/dhruvpatel29/humble-ros2/install/tf2_tools:/Users/dhruvpatel29/humble-ros2/install/examples_tf2_py:/Users/dhruvpatel29/humble-ros2/install/tf2_ros_py:/Users/dhruvpatel29/humble-ros2/install/sros2:/Users/dhruvpatel29/humble-ros2/install/rqt_topic:/Users/dhruvpatel29/humble-ros2/install/rqt_srv:/Users/dhruvpatel29/humble-ros2/install/rqt_shell:/Users/dhruvpatel29/humble-ros2/install/rqt_service_caller:/Users/dhruvpatel29/humble-ros2/install/rqt_reconfigure:/Users/dhruvpatel29/humble-ros2/install/rqt_py_console:/Users/dhruvpatel29/humble-ros2/install/rqt_publisher:/Users/dhruvpatel29/humble-ros2/install/rqt_plot:/Users/dhruvpatel29/humble-ros2/install/rqt_action:/Users/dhruvpatel29/humble-ros2/install/rqt_msg:/Users/dhruvpatel29/humble-ros2/install/rqt_console:/Users/dhruvpatel29/humble-ros2/install/rqt:/Users/dhruvpatel29/humble-ros2/install/rqt_joint_trajectory_controller:/Users/dhruvpatel29/humble-ros2/install/rqt_graph:/Users/dhruvpatel29/humble-ros2/install/rqt_gui_py:/Users/dhruvpatel29/humble-ros2/install/rqt_gui:/Users/dhruvpatel29/humble-ros2/install/ros2trace:/Users/dhruvpatel29/humble-ros2/install/ros2topic:/Users/dhruvpatel29/humble-ros2/install/ros2test:/Users/dhruvpatel29/humble-ros2/install/ros2component:/Users/dhruvpatel29/humble-ros2/install/ros2param:/Users/dhruvpatel29/humble-ros2/install/ros2lifecycle:/Users/dhruvpatel29/humble-ros2/install/ros2service:/Users/dhruvpatel29/humble-ros2/install/ros2run:/Users/dhruvpatel29/humble-ros2/install/ros2launch:/Users/dhruvpatel29/humble-ros2/install/ros2pkg:/Users/dhruvpatel29/humble-ros2/install/ros2node:/Users/dhruvpatel29/humble-ros2/install/ros2multicast:/Users/dhruvpatel29/humble-ros2/install/ros2interface:/Users/dhruvpatel29/humble-ros2/install/ros2doctor:/Users/dhruvpatel29/humble-ros2/install/ros2action:/Users/dhruvpatel29/humble-ros2/install/ros2cli:/Users/dhruvpatel29/humble-ros2/install/ros2_controllers_test_nodes:/Users/dhruvpatel29/humble-ros2/install/quality_of_service_demo_py:/Users/dhruvpatel29/humble-ros2/install/nav2_simple_commander:/Users/dhruvpatel29/humble-ros2/install/lifecycle_py:/Users/dhruvpatel29/humble-ros2/install/launch_testing_ros:/Users/dhruvpatel29/humble-ros2/install/launch_ros:/Users/dhruvpatel29/humble-ros2/install/examples_rclpy_pointcloud_publisher:/Users/dhruvpatel29/humble-ros2/install/examples_rclpy_minimal_subscriber:/Users/dhruvpatel29/humble-ros2/install/examples_rclpy_minimal_service:/Users/dhruvpatel29/humble-ros2/install/examples_rclpy_minimal_publisher:/Users/dhruvpatel29/humble-ros2/install/examples_rclpy_minimal_client:/Users/dhruvpatel29/humble-ros2/install/examples_rclpy_minimal_action_server:/Users/dhruvpatel29/humble-ros2/install/examples_rclpy_minimal_action_client:/Users/dhruvpatel29/humble-ros2/install/examples_rclpy_guard_conditions:/Users/dhruvpatel29/humble-ros2/install/examples_rclpy_executors:/Users/dhruvpatel29/humble-ros2/install/demo_nodes_py:/Users/dhruvpatel29/humble-ros2/install/camera_info_manager_py:/Users/dhruvpatel29/humble-ros2/install/bondpy:/Users/dhruvpatel29/humble-ros2/install/action_tutorials_py:/Users/dhruvpatel29/humble-ros2/install/ament_uncrustify:/Users/dhruvpatel29/humble-ros2/install/tracetools_trace:/Users/dhruvpatel29/humble-ros2/install/tracetools_read:/Users/dhruvpatel29/humble-ros2/install/test_tracetools_launch:/Users/dhruvpatel29/humble-ros2/install/test_launch_ros:/Users/dhruvpatel29/humble-ros2/install/sensor_msgs_py:/Users/dhruvpatel29/humble-ros2/install/rpyutils:/Users/dhruvpatel29/humble-ros2/install/rosidl_runtime_py:/Users/dhruvpatel29/humble-ros2/install/rosidl_cli:/Users/dhruvpatel29/humble-ros2/install/launch_pytest:/Users/dhruvpatel29/humble-ros2/install/launch_testing:/Users/dhruvpatel29/humble-ros2/install/launch_yaml:/Users/dhruvpatel29/humble-ros2/install/launch_xml:/Users/dhruvpatel29/humble-ros2/install/launch:/Users/dhruvpatel29/humble-ros2/install/osrf_pycommon:/Users/dhruvpatel29/humble-ros2/install/domain_coordinator:/Users/dhruvpatel29/humble-ros2/install/ament_xmllint:/Users/dhruvpatel29/humble-ros2/install/ament_pyflakes:/Users/dhruvpatel29/humble-ros2/install/ament_pycodestyle:/Users/dhruvpatel29/humble-ros2/install/ament_pep257:/Users/dhruvpatel29/humble-ros2/install/ament_pclint:/Users/dhruvpatel29/humble-ros2/install/ament_package:/Users/dhruvpatel29/humble-ros2/install/ament_mypy:/Users/dhruvpatel29/humble-ros2/install/ament_lint_cmake:/Users/dhruvpatel29/humble-ros2/install/ament_flake8:/Users/dhruvpatel29/humble-ros2/install/ament_copyright:/Users/dhruvpatel29/humble-ros2/install/ament_lint:/Users/dhruvpatel29/humble-ros2/install/ament_index_python:/Users/dhruvpatel29/humble-ros2/install/ament_cpplint:/Users/dhruvpatel29/humble-ros2/install/ament_cppcheck:/Users/dhruvpatel29/humble-ros2/install/ament_clang_tidy:/Users/dhruvpatel29/humble-ros2/install/ament_clang_format:/Users/dhruvpatel29/ros2_ws/install/turtlesim_catch_them_all:/Users/dhruvpatel29/ros2_ws/install/turtlebot3_teleop:/Users/dhruvpatel29/ros2_ws/install/turtlebot3_example:/Users/dhruvpatel29/ros2_ws/install/number_counter:/Users/dhruvpatel29/ros2_ws/install/my_py_pkg:/Users/dhruvpatel29/ros2_ws/install/actions_py:/Users/dhruvpatel29/ros2_ws/install/lifecycle_py:/Users/dhruvpatel29/ros2_ws/install/executors_py:/Users/dhruvpatel29/ros2_ws/install/components_py:/Users/dhruvpatel29/ros2_ws/install/add_two_ints:/Users/dhruvpatel29/backup_ros/humble-ros2/install/moveit_configs_utils:/Users/dhruvpatel29/backup_ros/humble-ros2/install/launch_param_builder:/Users/dhruvpatel29/backup_ros/humble-ros2/install/tf2_ros_py:/Users/dhruvpatel29/backup_ros/humble-ros2/install/rqt_gui_py:/Users/dhruvpatel29/backup_ros/humble-ros2/install/rqt_gui:/Users/dhruvpatel29/backup_ros/humble-ros2/install/ros2topic:/Users/dhruvpatel29/backup_ros/humble-ros2/install/ros2test:/Users/dhruvpatel29/backup_ros/humble-ros2/install/ros2param:/Users/dhruvpatel29/backup_ros/humble-ros2/install/ros2service:/Users/dhruvpatel29/backup_ros/humble-ros2/install/ros2run:/Users/dhruvpatel29/backup_ros/humble-ros2/install/ros2pkg:/Users/dhruvpatel29/backup_ros/humble-ros2/install/ros2node:/Users/dhruvpatel29/backup_ros/humble-ros2/install/ros2cli:/Users/dhruvpatel29/backup_ros/humble-ros2/install/launch_testing_ros:/Users/dhruvpatel29/backup_ros/humble-ros2/install/launch_ros:/Users/dhruvpatel29/backup_ros/humble-ros2/install/joint_state_publisher_gui:/Users/dhruvpatel29/backup_ros/humble-ros2/install/joint_state_publisher:/Users/dhruvpatel29/backup_ros/humble-ros2/install/ament_uncrustify:/Users/dhruvpatel29/backup_ros/humble-ros2/install/tracetools_trace:/Users/dhruvpatel29/backup_ros/humble-ros2/install/tracetools_read:/Users/dhruvpatel29/backup_ros/humble-ros2/install/sensor_msgs_py:/Users/dhruvpatel29/backup_ros/humble-ros2/install/rpyutils:/Users/dhruvpatel29/backup_ros/humble-ros2/install/rosidl_runtime_py:/Users/dhruvpatel29/backup_ros/humble-ros2/install/rosidl_cli:/Users/dhruvpatel29/backup_ros/humble-ros2/install/launch_pytest:/Users/dhruvpatel29/backup_ros/humble-ros2/install/launch_testing:/Users/dhruvpatel29/backup_ros/humble-ros2/install/launch_yaml:/Users/dhruvpatel29/backup_ros/humble-ros2/install/launch_xml:/Users/dhruvpatel29/backup_ros/humble-ros2/install/launch:/Users/dhruvpatel29/backup_ros/humble-ros2/install/osrf_pycommon:/Users/dhruvpatel29/backup_ros/humble-ros2/install/generate_parameter_library_py:/Users/dhruvpatel29/backup_ros/humble-ros2/install/domain_coordinator:/Users/dhruvpatel29/backup_ros/humble-ros2/install/ament_xmllint:/Users/dhruvpatel29/backup_ros/humble-ros2/install/ament_pyflakes:/Users/dhruvpatel29/backup_ros/humble-ros2/install/ament_pycodestyle:/Users/dhruvpatel29/backup_ros/humble-ros2/install/ament_pep257:/Users/dhruvpatel29/backup_ros/humble-ros2/install/ament_pclint:/Users/dhruvpatel29/backup_ros/humble-ros2/install/ament_package:/Users/dhruvpatel29/backup_ros/humble-ros2/install/ament_mypy:/Users/dhruvpatel29/backup_ros/humble-ros2/install/ament_lint_cmake:/Users/dhruvpatel29/backup_ros/humble-ros2/install/ament_flake8:/Users/dhruvpatel29/backup_ros/humble-ros2/install/ament_copyright:/Users/dhruvpatel29/backup_ros/humble-ros2/install/ament_lint:/Users/dhruvpatel29/backup_ros/humble-ros2/install/ament_index_python:/Users/dhruvpatel29/backup_ros/humble-ros2/install/ament_cpplint:/Users/dhruvpatel29/backup_ros/humble-ros2/install/ament_cppcheck:/Users/dhruvpatel29/backup_ros/humble-ros2/install/ament_clang_tidy:/Users/dhruvpatel29/backup_ros/humble-ros2/install/ament_clang_format:/Users/dhruvpatel29/backup_ros/humble-ros2/install/rsl:/Users/dhruvpatel29/backup_ros/humble-ros2/install/rosbag2_test_common:/Users/dhruvpatel29/backup_ros/humble-ros2/install/bondcpp:/Users/dhruvpatel29/backup_ros/humble-ros2/install/rclcpp_lifecycle:/Users/dhruvpatel29/backup_ros/humble-ros2/install/rclcpp_components:/Users/dhruvpatel29/backup_ros/humble-ros2/install/nav2_voxel_grid:/Users/dhruvpatel29/backup_ros/humble-ros2/install/rclcpp:/Users/dhruvpatel29/backup_ros/humble-ros2/install/rcl_lifecycle:/Users/dhruvpatel29/backup_ros/humble-ros2/install/libstatistics_collector:/Users/dhruvpatel29/backup_ros/humble-ros2/install/rcl:/Users/dhruvpatel29/backup_ros/humble-ros2/install/rmw_implementation:/Users/dhruvpatel29/backup_ros/humble-ros2/install/rmw_fastrtps_dynamic_cpp:/Users/dhruvpatel29/backup_ros/humble-ros2/install/rmw_fastrtps_cpp:/Users/dhruvpatel29/backup_ros/humble-ros2/install/rmw_fastrtps_shared_cpp:/Users/dhruvpatel29/backup_ros/humble-ros2/install/rmw_cyclonedds_cpp:/Users/dhruvpatel29/backup_ros/humble-ros2/install/tracetools:/Users/dhruvpatel29/backup_ros/humble-ros2/install/tl_expected:/Users/dhruvpatel29/backup_ros/humble-ros2/install/tinyxml_vendor:/Users/dhruvpatel29/backup_ros/humble-ros2/install/pluginlib:/Users/dhruvpatel29/backup_ros/humble-ros2/install/tinyxml2_vendor:/Users/dhruvpatel29/backup_ros/humble-ros2/install/tf2_eigen_kdl:/Users/dhruvpatel29/backup_ros/humble-ros2/install/tf2:/Users/dhruvpatel29/backup_ros/humble-ros2/install/test_rmw_implementation:/Users/dhruvpatel29/backup_ros/humble-ros2/install/test_launch_testing:/Users/dhruvpatel29/backup_ros/humble-ros2/install/test_interface_files:/Users/dhruvpatel29/backup_ros/humble-ros2/install/tcb_span:/Users/dhruvpatel29/backup_ros/humble-ros2/install/qt_gui_core:/Users/dhruvpatel29/backup_ros/humble-ros2/install/qt_gui_app:/Users/dhruvpatel29/backup_ros/humble-ros2/install/qt_gui:/Users/dhruvpatel29/backup_ros/humble-ros2/install/tango_icons_vendor:/Users/dhruvpatel29/backup_ros/humble-ros2/install/stereo_msgs:/Users/dhruvpatel29/backup_ros/humble-ros2/install/std_srvs:/Users/dhruvpatel29/backup_ros/humble-ros2/install/shape_msgs:/Users/dhruvpatel29/backup_ros/humble-ros2/install/map_msgs:/Users/dhruvpatel29/backup_ros/humble-ros2/install/cv_bridge:/Users/dhruvpatel29/backup_ros/humble-ros2/install/sensor_msgs:/Users/dhruvpatel29/backup_ros/humble-ros2/install/ros_gz_interfaces:/Users/dhruvpatel29/backup_ros/humble-ros2/install/octomap_msgs:/Users/dhruvpatel29/backup_ros/humble-ros2/install/nav_msgs:/Users/dhruvpatel29/backup_ros/humble-ros2/install/nav_2d_msgs:/Users/dhruvpatel29/backup_ros/humble-ros2/install/graph_msgs:/Users/dhruvpatel29/backup_ros/humble-ros2/install/gps_msgs:/Users/dhruvpatel29/backup_ros/humble-ros2/install/diagnostic_msgs:/Users/dhruvpatel29/backup_ros/humble-ros2/install/geometry_msgs:/Users/dhruvpatel29/backup_ros/humble-ros2/install/bond:/Users/dhruvpatel29/backup_ros/humble-ros2/install/actuator_msgs:/Users/dhruvpatel29/backup_ros/humble-ros2/install/actionlib_msgs:/Users/dhruvpatel29/backup_ros/humble-ros2/install/ackermann_msgs:/Users/dhruvpatel29/backup_ros/humble-ros2/install/std_msgs:/Users/dhruvpatel29/backup_ros/humble-ros2/install/statistics_msgs:/Users/dhruvpatel29/backup_ros/humble-ros2/install/sqlite3_vendor:/Users/dhruvpatel29/backup_ros/humble-ros2/install/rcl_logging_spdlog:/Users/dhruvpatel29/backup_ros/humble-ros2/install/spdlog_vendor:/Users/dhruvpatel29/backup_ros/humble-ros2/install/smclib:/Users/dhruvpatel29/backup_ros/humble-ros2/install/shared_queues_vendor:/Users/dhruvpatel29/backup_ros/humble-ros2/install/rviz_rendering_tests:/Users/dhruvpatel29/backup_ros/humble-ros2/install/rviz_rendering:/Users/dhruvpatel29/backup_ros/humble-ros2/install/rviz_ogre_vendor:/Users/dhruvpatel29/backup_ros/humble-ros2/install/rviz_assimp_vendor:/Users/dhruvpatel29/backup_ros/humble-ros2/install/ruckig:/Users/dhruvpatel29/backup_ros/humble-ros2/install/rmw_connextddsmicro:/Users/dhruvpatel29/backup_ros/humble-ros2/install/rmw_connextdds:/Users/dhruvpatel29/backup_ros/humble-ros2/install/rmw_connextdds_common:/Users/dhruvpatel29/backup_ros/humble-ros2/install/rti_connext_dds_cmake_module:/Users/dhruvpatel29/backup_ros/humble-ros2/install/rosgraph_msgs:/Users/dhruvpatel29/backup_ros/humble-ros2/install/rosbag2_interfaces:/Users/dhruvpatel29/backup_ros/humble-ros2/install/rmw_dds_common:/Users/dhruvpatel29/backup_ros/humble-ros2/install/composition_interfaces:/Users/dhruvpatel29/backup_ros/humble-ros2/install/rcl_interfaces:/Users/dhruvpatel29/backup_ros/humble-ros2/install/pendulum_msgs:/Users/dhruvpatel29/backup_ros/humble-ros2/install/controller_manager_msgs:/Users/dhruvpatel29/backup_ros/humble-ros2/install/lifecycle_msgs:/Users/dhruvpatel29/backup_ros/humble-ros2/install/dynamixel_sdk_custom_interfaces:/Users/dhruvpatel29/backup_ros/humble-ros2/install/builtin_interfaces:/Users/dhruvpatel29/backup_ros/humble-ros2/install/rosidl_default_runtime:/Users/dhruvpatel29/backup_ros/humble-ros2/install/rosidl_default_generators:/Users/dhruvpatel29/backup_ros/humble-ros2/install/rosidl_generator_py:/Users/dhruvpatel29/backup_ros/humble-ros2/install/rosidl_typesupport_introspection_tests:/Users/dhruvpatel29/backup_ros/humble-ros2/install/rosidl_typesupport_cpp:/Users/dhruvpatel29/backup_ros/humble-ros2/install/rosidl_typesupport_introspection_cpp:/Users/dhruvpatel29/backup_ros/humble-ros2/install/rosidl_typesupport_c:/Users/dhruvpatel29/backup_ros/humble-ros2/install/rosidl_typesupport_introspection_c:/Users/dhruvpatel29/backup_ros/humble-ros2/install/rosidl_typesupport_fastrtps_c:/Users/dhruvpatel29/backup_ros/humble-ros2/install/rosidl_typesupport_fastrtps_cpp:/Users/dhruvpatel29/backup_ros/humble-ros2/install/rosidl_generator_cpp:/Users/dhruvpatel29/backup_ros/humble-ros2/install/rosidl_runtime_cpp:/Users/dhruvpatel29/backup_ros/humble-ros2/install/rcl_yaml_param_parser:/Users/dhruvpatel29/backup_ros/humble-ros2/install/rmw:/Users/dhruvpatel29/backup_ros/humble-ros2/install/rosidl_runtime_c:/Users/dhruvpatel29/backup_ros/humble-ros2/install/rosidl_generator_c:/Users/dhruvpatel29/backup_ros/humble-ros2/install/rosidl_typesupport_interface:/Users/dhruvpatel29/backup_ros/humble-ros2/install/rosidl_generator_dds_idl:/Users/dhruvpatel29/backup_ros/humble-ros2/install/rosidl_cmake:/Users/dhruvpatel29/backup_ros/humble-ros2/install/rosidl_parser:/Users/dhruvpatel29/backup_ros/humble-ros2/install/rosidl_adapter:/Users/dhruvpatel29/backup_ros/humble-ros2/install/ros_environment:/Users/dhruvpatel29/backup_ros/humble-ros2/install/ros2_control_test_assets:/Users/dhruvpatel29/backup_ros/humble-ros2/install/ros2_control_cmake:/Users/dhruvpatel29/backup_ros/humble-ros2/install/rmw_implementation_cmake:/Users/dhruvpatel29/backup_ros/humble-ros2/install/resource_retriever:/Users/dhruvpatel29/backup_ros/humble-ros2/install/class_loader:/Users/dhruvpatel29/backup_ros/humble-ros2/install/rcpputils:/Users/dhruvpatel29/backup_ros/humble-ros2/install/rcl_logging_noop:/Users/dhruvpatel29/backup_ros/humble-ros2/install/rcl_logging_interface:/Users/dhruvpatel29/backup_ros/humble-ros2/install/rcutils:/Users/dhruvpatel29/backup_ros/humble-ros2/install/random_numbers:/Users/dhruvpatel29/backup_ros/humble-ros2/install/qt_gui_py_common:/Users/dhruvpatel29/backup_ros/humble-ros2/install/qt_dotgraph:/Users/dhruvpatel29/backup_ros/humble-ros2/install/python_qt_binding:/Users/dhruvpatel29/backup_ros/humble-ros2/install/python_orocos_kdl_vendor:/Users/dhruvpatel29/backup_ros/humble-ros2/install/launch_testing_ament_cmake:/Users/dhruvpatel29/backup_ros/humble-ros2/install/python_cmake_module:/Users/dhruvpatel29/backup_ros/humble-ros2/install/pybind11_vendor:/Users/dhruvpatel29/backup_ros/humble-ros2/install/performance_test_fixture:/Users/dhruvpatel29/backup_ros/humble-ros2/install/osrf_testing_tools_cpp:/Users/dhruvpatel29/backup_ros/humble-ros2/install/orocos_kdl_vendor:/Users/dhruvpatel29/backup_ros/humble-ros2/install/dynamic_edt_3d:/Users/dhruvpatel29/backup_ros/humble-ros2/install/octomap:/Users/dhruvpatel29/backup_ros/humble-ros2/install/nav2_costmap_filters_demo:/Users/dhruvpatel29/backup_ros/humble-ros2/install/moveit_resources_pr2_description:/Users/dhruvpatel29/backup_ros/humble-ros2/install/moveit_resources_panda_description:/Users/dhruvpatel29/backup_ros/humble-ros2/install/moveit_resources_fanuc_description:/Users/dhruvpatel29/backup_ros/humble-ros2/install/moveit_common:/Users/dhruvpatel29/backup_ros/humble-ros2/install/mimick_vendor:/Users/dhruvpatel29/backup_ros/humble-ros2/install/libyaml_vendor:/Users/dhruvpatel29/backup_ros/humble-ros2/install/libcurl_vendor:/Users/dhruvpatel29/backup_ros/humble-ros2/install/keyboard_handler:/Users/dhruvpatel29/backup_ros/humble-ros2/install/ignition-transport11:/Users/dhruvpatel29/backup_ros/humble-ros2/install/iceoryx_introspection:/Users/dhruvpatel29/backup_ros/humble-ros2/install/cyclonedds:/Users/dhruvpatel29/backup_ros/humble-ros2/install/iceoryx_posh:/Users/dhruvpatel29/backup_ros/humble-ros2/install/iceoryx_hoofs:/Users/dhruvpatel29/backup_ros/humble-ros2/install/iceoryx_binding_c:/Users/dhruvpatel29/backup_ros/humble-ros2/install/ament_cmake_ros:/Users/dhruvpatel29/backup_ros/humble-ros2/install/ament_cmake_auto:/Users/dhruvpatel29/backup_ros/humble-ros2/install/ament_cmake_gmock:/Users/dhruvpatel29/backup_ros/humble-ros2/install/gmock_vendor:/Users/dhruvpatel29/backup_ros/humble-ros2/install/ament_cmake_gtest:/Users/dhruvpatel29/backup_ros/humble-ros2/install/gtest_vendor:/Users/dhruvpatel29/backup_ros/humble-ros2/install/ament_cmake_google_benchmark:/Users/dhruvpatel29/backup_ros/humble-ros2/install/fastrtps:/Users/dhruvpatel29/backup_ros/humble-ros2/install/foonathan_memory_vendor:/Users/dhruvpatel29/backup_ros/humble-ros2/install/fastrtps_cmake_module:/Users/dhruvpatel29/backup_ros/humble-ros2/install/fastcdr:/Users/dhruvpatel29/backup_ros/humble-ros2/install/eigen_stl_containers:/Users/dhruvpatel29/backup_ros/humble-ros2/install/eigen3_cmake_module:/Users/dhruvpatel29/backup_ros/humble-ros2/install/dynamixel_sdk:/Users/dhruvpatel29/backup_ros/humble-ros2/install/console_bridge_vendor:/Users/dhruvpatel29/backup_ros/humble-ros2/install/ceres-solver-vendor:/Users/dhruvpatel29/backup_ros/humble-ros2/install/backward_ros:/Users/dhruvpatel29/backup_ros/humble-ros2/install/angles:/Users/dhruvpatel29/backup_ros/humble-ros2/install/ament_cmake_xmllint:/Users/dhruvpatel29/backup_ros/humble-ros2/install/ament_cmake_pyflakes:/Users/dhruvpatel29/backup_ros/humble-ros2/install/ament_cmake_pycodestyle:/Users/dhruvpatel29/backup_ros/humble-ros2/install/ament_cmake_pep257:/Users/dhruvpatel29/backup_ros/humble-ros2/install/ament_cmake_pclint:/Users/dhruvpatel29/backup_ros/humble-ros2/install/ament_lint_auto:/Users/dhruvpatel29/backup_ros/humble-ros2/install/ament_cmake:/Users/dhruvpatel29/backup_ros/humble-ros2/install/ament_cmake_version:/Users/dhruvpatel29/backup_ros/humble-ros2/install/ament_cmake_vendor_package:/Users/dhruvpatel29/backup_ros/humble-ros2/install/ament_cmake_pytest:/Users/dhruvpatel29/backup_ros/humble-ros2/install/ament_cmake_nose:/Users/dhruvpatel29/backup_ros/humble-ros2/install/ament_cmake_mypy:/Users/dhruvpatel29/backup_ros/humble-ros2/install/ament_cmake_lint_cmake:/Users/dhruvpatel29/backup_ros/humble-ros2/install/ament_cmake_flake8:/Users/dhruvpatel29/backup_ros/humble-ros2/install/ament_cmake_cpplint:/Users/dhruvpatel29/backup_ros/humble-ros2/install/ament_cmake_cppcheck:/Users/dhruvpatel29/backup_ros/humble-ros2/install/ament_cmake_copyright:/Users/dhruvpatel29/backup_ros/humble-ros2/install/ament_cmake_clang_tidy:/Users/dhruvpatel29/backup_ros/humble-ros2/install/ament_cmake_clang_format:/Users/dhruvpatel29/backup_ros/humble-ros2/install/ament_cmake_test:/Users/dhruvpatel29/backup_ros/humble-ros2/install/ament_cmake_target_dependencies:/Users/dhruvpatel29/backup_ros/humble-ros2/install/ament_cmake_python:/Users/dhruvpatel29/backup_ros/humble-ros2/install/ament_cmake_export_dependencies:/Users/dhruvpatel29/backup_ros/humble-ros2/install/ament_cmake_libraries:/Users/dhruvpatel29/backup_ros/humble-ros2/install/ament_cmake_include_directories:/Users/dhruvpatel29/backup_ros/humble-ros2/install/ament_cmake_gen_version_h:/Users/dhruvpatel29/backup_ros/humble-ros2/install/ament_cmake_export_targets:/Users/dhruvpatel29/backup_ros/humble-ros2/install/ament_cmake_export_link_flags:/Users/dhruvpatel29/backup_ros/humble-ros2/install/ament_cmake_export_interfaces:/Users/dhruvpatel29/backup_ros/humble-ros2/install/ament_cmake_export_libraries:/Users/dhruvpatel29/backup_ros/humble-ros2/install/ament_cmake_export_include_directories:/Users/dhruvpatel29/backup_ros/humble-ros2/install/ament_cmake_export_definitions:/Users/dhruvpatel29/backup_ros/humble-ros2/install/ament_cmake_core:/Users/dhruvpatel29/backup_ros/humble-ros2/install/ament_index_cpp:/Users/dhruvpatel29/backup_ros/humble-ros2/install/GeographicLib:/opt/homebrew/Cellar/google-benchmark/1.9.4:/Users/dhruvpatel29/humble-ros2/src/ros-commondep/boost-1.74.0/:/opt/homebrew/opt/qt@5:/opt/homebrew/opt/qt@5 DYLD_LIBRARY_PATH=/Users/dhruvpatel29/humble-ros2/src/ros2_control/install/filters/lib:${DYLD_LIBRARY_PATH} SHLVL=2 _=/usr/bin/env /opt/homebrew/bin/cmake --install /Users/dhruvpatel29/humble-ros2/src/ros2_control/build/control_toolbox
[203.212s] Level 1:colcon.colcon_core.environment:checking '/Users/dhruvpatel29/humble-ros2/src/ros2_control/install/control_toolbox' for CMake config files
[203.212s] Level 1:colcon.colcon_core.shell:create_environment_hook('control_toolbox', 'cmake_prefix_path')
[203.213s] INFO:colcon.colcon_core.shell:Creating environment hook '/Users/dhruvpatel29/humble-ros2/src/ros2_control/install/control_toolbox/share/control_toolbox/hook/cmake_prefix_path.ps1'
[203.213s] INFO:colcon.colcon_core.shell:Creating environment descriptor '/Users/dhruvpatel29/humble-ros2/src/ros2_control/install/control_toolbox/share/control_toolbox/hook/cmake_prefix_path.dsv'
[203.213s] INFO:colcon.colcon_core.shell:Creating environment hook '/Users/dhruvpatel29/humble-ros2/src/ros2_control/install/control_toolbox/share/control_toolbox/hook/cmake_prefix_path.sh'
[203.214s] Level 1:colcon.colcon_core.environment:checking '/Users/dhruvpatel29/humble-ros2/src/ros2_control/install/control_toolbox/lib'
[203.214s] Level 1:colcon.colcon_core.shell:create_environment_hook('control_toolbox', 'dyld_library_path')
[203.214s] INFO:colcon.colcon_core.shell:Creating environment hook '/Users/dhruvpatel29/humble-ros2/src/ros2_control/install/control_toolbox/share/control_toolbox/hook/dyld_library_path.ps1'
[203.214s] INFO:colcon.colcon_core.shell:Creating environment descriptor '/Users/dhruvpatel29/humble-ros2/src/ros2_control/install/control_toolbox/share/control_toolbox/hook/dyld_library_path.dsv'
[203.214s] INFO:colcon.colcon_core.shell:Creating environment hook '/Users/dhruvpatel29/humble-ros2/src/ros2_control/install/control_toolbox/share/control_toolbox/hook/dyld_library_path.sh'
[203.215s] Level 1:colcon.colcon_core.environment:checking '/Users/dhruvpatel29/humble-ros2/src/ros2_control/install/control_toolbox/bin'
[203.215s] Level 1:colcon.colcon_core.environment:checking '/Users/dhruvpatel29/humble-ros2/src/ros2_control/install/control_toolbox/lib/pkgconfig/control_toolbox.pc'
[203.215s] Level 1:colcon.colcon_core.environment:checking '/Users/dhruvpatel29/humble-ros2/src/ros2_control/install/control_toolbox/lib/python3.11/site-packages'
[203.215s] Level 1:colcon.colcon_core.environment:checking '/Users/dhruvpatel29/humble-ros2/src/ros2_control/install/control_toolbox/bin'
[203.215s] INFO:colcon.colcon_core.shell:Creating package script '/Users/dhruvpatel29/humble-ros2/src/ros2_control/install/control_toolbox/share/control_toolbox/package.ps1'
[203.215s] INFO:colcon.colcon_core.shell:Creating package descriptor '/Users/dhruvpatel29/humble-ros2/src/ros2_control/install/control_toolbox/share/control_toolbox/package.dsv'
[203.216s] INFO:colcon.colcon_core.shell:Creating package script '/Users/dhruvpatel29/humble-ros2/src/ros2_control/install/control_toolbox/share/control_toolbox/package.sh'
[203.216s] INFO:colcon.colcon_core.shell:Creating package script '/Users/dhruvpatel29/humble-ros2/src/ros2_control/install/control_toolbox/share/control_toolbox/package.bash'
[203.216s] INFO:colcon.colcon_core.shell:Creating package script '/Users/dhruvpatel29/humble-ros2/src/ros2_control/install/control_toolbox/share/control_toolbox/package.zsh'
[203.217s] Level 1:colcon.colcon_core.environment:create_file_with_runtime_dependencies(/Users/dhruvpatel29/humble-ros2/src/ros2_control/install/control_toolbox/share/colcon-core/packages/control_toolbox)
[203.217s] Level 1:colcon.colcon_core.environment:create_environment_scripts_only(control_toolbox)
[203.217s] Level 1:colcon.colcon_core.environment:checking '/Users/dhruvpatel29/humble-ros2/src/ros2_control/install/control_toolbox' for CMake module files
[203.217s] Level 1:colcon.colcon_core.environment:checking '/Users/dhruvpatel29/humble-ros2/src/ros2_control/install/control_toolbox' for CMake config files
[203.218s] Level 1:colcon.colcon_core.shell:create_environment_hook('control_toolbox', 'cmake_prefix_path')
[203.218s] INFO:colcon.colcon_core.shell:Creating environment hook '/Users/dhruvpatel29/humble-ros2/src/ros2_control/install/control_toolbox/share/control_toolbox/hook/cmake_prefix_path.ps1'
[203.218s] INFO:colcon.colcon_core.shell:Creating environment descriptor '/Users/dhruvpatel29/humble-ros2/src/ros2_control/install/control_toolbox/share/control_toolbox/hook/cmake_prefix_path.dsv'
[203.218s] INFO:colcon.colcon_core.shell:Creating environment hook '/Users/dhruvpatel29/humble-ros2/src/ros2_control/install/control_toolbox/share/control_toolbox/hook/cmake_prefix_path.sh'
[203.218s] Level 1:colcon.colcon_core.environment:checking '/Users/dhruvpatel29/humble-ros2/src/ros2_control/install/control_toolbox/lib'
[203.218s] Level 1:colcon.colcon_core.shell:create_environment_hook('control_toolbox', 'dyld_library_path')
[203.218s] INFO:colcon.colcon_core.shell:Creating environment hook '/Users/dhruvpatel29/humble-ros2/src/ros2_control/install/control_toolbox/share/control_toolbox/hook/dyld_library_path.ps1'
[203.218s] INFO:colcon.colcon_core.shell:Creating environment descriptor '/Users/dhruvpatel29/humble-ros2/src/ros2_control/install/control_toolbox/share/control_toolbox/hook/dyld_library_path.dsv'
[203.219s] INFO:colcon.colcon_core.shell:Creating environment hook '/Users/dhruvpatel29/humble-ros2/src/ros2_control/install/control_toolbox/share/control_toolbox/hook/dyld_library_path.sh'
[203.219s] Level 1:colcon.colcon_core.environment:checking '/Users/dhruvpatel29/humble-ros2/src/ros2_control/install/control_toolbox/bin'
[203.219s] Level 1:colcon.colcon_core.environment:checking '/Users/dhruvpatel29/humble-ros2/src/ros2_control/install/control_toolbox/lib/pkgconfig/control_toolbox.pc'
[203.219s] Level 1:colcon.colcon_core.environment:checking '/Users/dhruvpatel29/humble-ros2/src/ros2_control/install/control_toolbox/lib/python3.11/site-packages'
[203.219s] Level 1:colcon.colcon_core.environment:checking '/Users/dhruvpatel29/humble-ros2/src/ros2_control/install/control_toolbox/bin'
[203.219s] INFO:colcon.colcon_core.shell:Creating package script '/Users/dhruvpatel29/humble-ros2/src/ros2_control/install/control_toolbox/share/control_toolbox/package.ps1'
[203.219s] INFO:colcon.colcon_core.shell:Creating package descriptor '/Users/dhruvpatel29/humble-ros2/src/ros2_control/install/control_toolbox/share/control_toolbox/package.dsv'
[203.220s] INFO:colcon.colcon_core.shell:Creating package script '/Users/dhruvpatel29/humble-ros2/src/ros2_control/install/control_toolbox/share/control_toolbox/package.sh'
[203.220s] INFO:colcon.colcon_core.shell:Creating package script '/Users/dhruvpatel29/humble-ros2/src/ros2_control/install/control_toolbox/share/control_toolbox/package.bash'
[203.220s] INFO:colcon.colcon_core.shell:Creating package script '/Users/dhruvpatel29/humble-ros2/src/ros2_control/install/control_toolbox/share/control_toolbox/package.zsh'
[203.220s] Level 1:colcon.colcon_core.environment:create_file_with_runtime_dependencies(/Users/dhruvpatel29/humble-ros2/src/ros2_control/install/control_toolbox/share/colcon-core/packages/control_toolbox)
[203.220s] DEBUG:colcon.colcon_parallel_executor.executor.parallel:closing loop
[203.220s] DEBUG:colcon.colcon_parallel_executor.executor.parallel:loop closed
[203.220s] DEBUG:colcon.colcon_parallel_executor.executor.parallel:run_until_complete finished with '0'
[203.220s] DEBUG:colcon.colcon_core.event_reactor:joining thread
[203.226s] INFO:colcon.colcon_core.plugin_system:Skipping extension 'colcon_notification.desktop_notification.notify2': 'notify2' not found
[203.227s] INFO:colcon.colcon_core.plugin_system:Skipping extension 'colcon_notification.desktop_notification.notify_send': Not used on non-Linux systems
[203.227s] INFO:colcon.colcon_core.plugin_system:Skipping extension 'colcon_notification.desktop_notification.win32': Not used on non-Windows systems
[203.227s] INFO:colcon.colcon_notification.desktop_notification:Sending desktop notification using 'terminal_notifier'
[203.395s] DEBUG:colcon.colcon_core.event_reactor:joined thread
[203.395s] INFO:colcon.colcon_core.shell:Creating prefix script '/Users/dhruvpatel29/humble-ros2/src/ros2_control/install/local_setup.ps1'
[203.396s] INFO:colcon.colcon_core.shell:Creating prefix util module '/Users/dhruvpatel29/humble-ros2/src/ros2_control/install/_local_setup_util_ps1.py'
[203.397s] INFO:colcon.colcon_core.shell:Creating prefix chain script '/Users/dhruvpatel29/humble-ros2/src/ros2_control/install/setup.ps1'
[203.424s] INFO:colcon.colcon_core.shell:Creating prefix script '/Users/dhruvpatel29/humble-ros2/src/ros2_control/install/local_setup.sh'
[203.424s] INFO:colcon.colcon_core.shell:Creating prefix util module '/Users/dhruvpatel29/humble-ros2/src/ros2_control/install/_local_setup_util_sh.py'
[203.425s] INFO:colcon.colcon_core.shell:Creating prefix chain script '/Users/dhruvpatel29/humble-ros2/src/ros2_control/install/setup.sh'
[203.451s] INFO:colcon.colcon_core.shell:Creating prefix script '/Users/dhruvpatel29/humble-ros2/src/ros2_control/install/local_setup.bash'
[203.451s] INFO:colcon.colcon_core.shell:Creating prefix chain script '/Users/dhruvpatel29/humble-ros2/src/ros2_control/install/setup.bash'
[203.480s] INFO:colcon.colcon_core.shell:Creating prefix script '/Users/dhruvpatel29/humble-ros2/src/ros2_control/install/local_setup.zsh'
[203.480s] INFO:colcon.colcon_core.shell:Creating prefix chain script '/Users/dhruvpatel29/humble-ros2/src/ros2_control/install/setup.zsh'
